11:15:21 Launch #1 at 11/87 shells...
watchdog: attempt 1 (11/87 shells in checkpoint)...
upgrade best: 11/87 done, 76 pending, workers=2
    shell 13: resume at pair 9500000/45535504
    shell 14: resume at pair 8000000/45535504
    shell 13: pairs 9750000/45535504
    shell 14: pairs 8250000/45535504
    shell 13: pairs 10000000/45535504
    shell 14: pairs 8500000/45535504
    shell 13: pairs 10250000/45535504
    shell 14: pairs 8750000/45535504
    shell 13: pairs 10500000/45535504
    shell 14: pairs 9000000/45535504
    shell 13: pairs 10750000/45535504
    shell 14: pairs 9250000/45535504
    shell 13: pairs 11000000/45535504
    shell 14: pairs 9500000/45535504
    shell 13: pairs 11250000/45535504
    shell 13: pairs 11500000/45535504
    shell 14: pairs 9750000/45535504
    shell 13: pairs 11750000/45535504
    shell 14: pairs 10000000/45535504
    shell 13: pairs 12000000/45535504
    shell 14: pairs 10250000/45535504
    shell 13: pairs 12250000/45535504
    shell 14: pairs 10500000/45535504
    shell 13: pairs 12500000/45535504
    shell 14: pairs 10750000/45535504
    shell 13: pairs 12750000/45535504
    shell 14: pairs 11000000/45535504
    shell 13: pairs 13000000/45535504
    shell 14: pairs 11250000/45535504
    shell 13: pairs 13250000/45535504
    shell 13: pairs 13500000/45535504
    shell 14: pairs 11500000/45535504
    shell 13: pairs 13750000/45535504
    shell 14: pairs 11750000/45535504
    shell 13: pairs 14000000/45535504
    shell 14: pairs 12000000/45535504
    shell 13: pairs 14250000/45535504
    shell 14: pairs 12250000/45535504
    shell 13: pairs 14500000/45535504
    shell 14: pairs 12500000/45535504
    shell 13: pairs 14750000/45535504
    shell 13: pairs 15000000/45535504
    shell 14: pairs 12750000/45535504
    shell 13: pairs 15250000/45535504
    shell 14: pairs 13000000/45535504
    shell 13: pairs 15500000/45535504
    shell 14: pairs 13250000/45535504
    shell 13: pairs 15750000/45535504
    shell 14: pairs 13500000/45535504
    shell 13: pairs 16000000/45535504
    shell 13: pairs 16250000/45535504
    shell 14: pairs 13750000/45535504
    shell 13: pairs 16500000/45535504
    shell 14: pairs 14000000/45535504
    shell 13: pairs 16750000/45535504
    shell 14: pairs 14250000/45535504
    shell 13: pairs 17000000/45535504
    shell 14: pairs 14500000/45535504
    shell 13: pairs 17250000/45535504
    shell 13: pairs 17500000/45535504
    shell 14: pairs 14750000/45535504
    shell 13: pairs 17750000/45535504
    shell 14: pairs 15000000/45535504
    shell 13: pairs 18000000/45535504
    shell 14: pairs 15250000/45535504
    shell 13: pairs 18250000/45535504
    shell 14: pairs 15500000/45535504
    shell 13: pairs 18500000/45535504
    shell 14: pairs 15750000/45535504
    shell 13: pairs 18750000/45535504
    shell 14: pairs 16000000/45535504
    shell 13: pairs 19000000/45535504
    shell 14: pairs 16250000/45535504
    shell 13: pairs 19250000/45535504
    shell 14: pairs 16500000/45535504
    shell 13: pairs 19500000/45535504
    shell 14: pairs 16750000/45535504
    shell 13: pairs 19750000/45535504
    shell 13: pairs 20000000/45535504
    shell 14: pairs 17000000/45535504
    shell 13: pairs 20250000/45535504
    shell 14: pairs 17250000/45535504
    shell 13: pairs 20500000/45535504
    shell 14: pairs 17500000/45535504
    shell 13: pairs 20750000/45535504
    shell 14: pairs 17750000/45535504
    shell 13: pairs 21000000/45535504
    shell 14: pairs 18000000/45535504
    shell 13: pairs 21250000/45535504
    shell 13: pairs 21500000/45535504
    shell 14: pairs 18250000/45535504
    shell 13: pairs 21750000/45535504
    shell 14: pairs 18500000/45535504
    shell 13: pairs 22000000/45535504
    shell 14: pairs 18750000/45535504
    shell 13: pairs 22250000/45535504
    shell 14: pairs 19000000/45535504
    shell 13: pairs 22500000/45535504
    shell 14: pairs 19250000/45535504
    shell 13: pairs 22750000/45535504
    shell 14: pairs 19500000/45535504
    shell 13: pairs 23000000/45535504
    shell 14: pairs 19750000/45535504
    shell 13: pairs 23250000/45535504
    shell 14: pairs 20000000/45535504
    shell 13: pairs 23500000/45535504
    shell 13: pairs 23750000/45535504
    shell 14: pairs 20250000/45535504
    shell 13: pairs 24000000/45535504
    shell 14: pairs 20500000/45535504
    shell 13: pairs 24250000/45535504
    shell 14: pairs 20750000/45535504
    shell 13: pairs 24500000/45535504
    shell 14: pairs 21000000/45535504
    shell 13: pairs 24750000/45535504
    shell 13: pairs 25000000/45535504
    shell 14: pairs 21250000/45535504
    shell 13: pairs 25250000/45535504
    shell 14: pairs 21500000/45535504
    shell 13: pairs 25500000/45535504
    shell 13: pairs 25750000/45535504
    shell 14: pairs 21750000/45535504
    shell 13: pairs 26000000/45535504
    shell 14: pairs 22000000/45535504
    shell 13: pairs 26250000/45535504
    shell 13: pairs 26500000/45535504
    shell 14: pairs 22250000/45535504
    shell 13: pairs 26750000/45535504
    shell 14: pairs 22500000/45535504
    shell 13: pairs 27000000/45535504
    shell 14: pairs 22750000/45535504
    shell 13: pairs 27250000/45535504
    shell 14: pairs 23000000/45535504
    shell 13: pairs 27500000/45535504
    shell 13: pairs 27750000/45535504
    shell 14: pairs 23250000/45535504
    shell 13: pairs 28000000/45535504
    shell 14: pairs 23500000/45535504
    shell 13: pairs 28250000/45535504
    shell 14: pairs 23750000/45535504
    shell 13: pairs 28500000/45535504
    shell 14: pairs 24000000/45535504
    shell 13: pairs 28750000/45535504
    shell 13: pairs 29000000/45535504
    shell 14: pairs 24250000/45535504
    shell 14: pairs 24500000/45535504
    shell 13: pairs 29250000/45535504
    shell 13: pairs 29500000/45535504
    shell 14: pairs 24750000/45535504
    shell 14: pairs 25000000/45535504
    shell 13: pairs 29750000/45535504
    shell 13: pairs 30000000/45535504
    shell 14: pairs 25250000/45535504
    shell 13: pairs 30250000/45535504
    shell 14: pairs 25500000/45535504
    shell 13: pairs 30500000/45535504
    shell 14: pairs 25750000/45535504
    shell 13: pairs 30750000/45535504
    shell 14: pairs 26000000/45535504
    shell 13: pairs 31000000/45535504
    shell 14: pairs 26250000/45535504
    shell 13: pairs 31250000/45535504
    shell 14: pairs 26500000/45535504
    shell 13: pairs 31500000/45535504
    shell 14: pairs 26750000/45535504
    shell 13: pairs 31750000/45535504
    shell 14: pairs 27000000/45535504
    shell 13: pairs 32000000/45535504
    shell 13: pairs 32250000/45535504
    shell 14: pairs 27250000/45535504
    shell 13: pairs 32500000/45535504
    shell 14: pairs 27500000/45535504
    shell 13: pairs 32750000/45535504
    shell 13: pairs 33000000/45535504
    shell 14: pairs 27750000/45535504
    shell 14: pairs 28000000/45535504
    shell 13: pairs 33250000/45535504
    shell 13: pairs 33500000/45535504
    shell 14: pairs 28250000/45535504
    shell 13: pairs 33750000/45535504
    shell 13: pairs 34000000/45535504
    shell 14: pairs 28500000/45535504
    shell 13: pairs 34250000/45535504
    shell 14: pairs 28750000/45535504
    shell 13: pairs 34500000/45535504
    shell 14: pairs 29000000/45535504
    shell 13: pairs 34750000/45535504
    shell 13: pairs 35000000/45535504
    shell 14: pairs 29250000/45535504
    shell 13: pairs 35250000/45535504
    shell 14: pairs 29500000/45535504
    shell 13: pairs 35500000/45535504
    shell 13: pairs 35750000/45535504
    shell 14: pairs 29750000/45535504
    shell 13: pairs 36000000/45535504
    shell 14: pairs 30000000/45535504
    shell 13: pairs 36250000/45535504
    shell 14: pairs 30250000/45535504
    shell 13: pairs 36500000/45535504
    shell 14: pairs 30500000/45535504
    shell 13: pairs 36750000/45535504
    shell 13: pairs 37000000/45535504
    shell 14: pairs 30750000/45535504
    shell 13: pairs 37250000/45535504
    shell 14: pairs 31000000/45535504
    shell 13: pairs 37500000/45535504
    shell 13: pairs 37750000/45535504
    shell 14: pairs 31250000/45535504
    shell 13: pairs 38000000/45535504
    shell 13: pairs 38250000/45535504
    shell 14: pairs 31500000/45535504
    shell 13: pairs 38500000/45535504
    shell 14: pairs 31750000/45535504
    shell 13: pairs 38750000/45535504
    shell 13: pairs 39000000/45535504
    shell 14: pairs 32000000/45535504
    shell 13: pairs 39250000/45535504
    shell 13: pairs 39500000/45535504
    shell 14: pairs 32250000/45535504
    shell 13: pairs 39750000/45535504
    shell 14: pairs 32500000/45535504
    shell 13: pairs 40000000/45535504
    shell 13: pairs 40250000/45535504
    shell 14: pairs 32750000/45535504
    shell 13: pairs 40500000/45535504
    shell 14: pairs 33000000/45535504
    shell 13: pairs 40750000/45535504
    shell 13: pairs 41000000/45535504
    shell 14: pairs 33250000/45535504
    shell 13: pairs 41250000/45535504
    shell 14: pairs 33500000/45535504
    shell 13: pairs 41500000/45535504
    shell 14: pairs 33750000/45535504
    shell 13: pairs 41750000/45535504
    shell 14: pairs 34000000/45535504
    shell 13: pairs 42000000/45535504
    shell 13: pairs 42250000/45535504
    shell 13: pairs 42500000/45535504
    shell 14: pairs 34250000/45535504
    shell 13: pairs 42750000/45535504
    shell 14: pairs 34500000/45535504
    shell 13: pairs 43000000/45535504
    shell 14: pairs 34750000/45535504
    shell 13: pairs 43250000/45535504
    shell 14: pairs 35000000/45535504
    shell 13: pairs 43500000/45535504
    shell 13: pairs 43750000/45535504
    shell 13: pairs 44000000/45535504
    shell 14: pairs 35250000/45535504
    shell 13: pairs 44250000/45535504
    shell 13: pairs 44500000/45535504
    shell 14: pairs 35500000/45535504
    shell 13: pairs 44750000/45535504
    shell 13: pairs 45000000/45535504
    shell 14: pairs 35750000/45535504
    shell 13: pairs 45250000/45535504
    shell 13: pairs 45500000/45535504
    shell 14: pairs 36000000/45535504
  shell 13 one_inf C_term_hi=66.06009488233696105046960531186319641122 [12/87]
    shell 14: pairs 36250000/45535504
    shell 14: pairs 36500000/45535504
    shell 14: pairs 36750000/45535504
    shell 14: pairs 37000000/45535504
    shell 14: pairs 37250000/45535504
    shell 14: pairs 37500000/45535504
    shell 14: pairs 37750000/45535504
    shell 14: pairs 38000000/45535504
    shell 14: pairs 38250000/45535504
    shell 14: pairs 38500000/45535504
    shell 14: pairs 38750000/45535504
    shell 14: pairs 39000000/45535504
    shell 14: pairs 39250000/45535504
    shell 14: pairs 39500000/45535504
    shell 14: pairs 39750000/45535504
    shell 14: pairs 40000000/45535504
    shell 14: pairs 40250000/45535504
    shell 14: pairs 40500000/45535504
    shell 14: pairs 40750000/45535504
    shell 14: pairs 41000000/45535504
    shell 14: pairs 41250000/45535504
    shell 14: pairs 41500000/45535504
    shell 14: pairs 41750000/45535504
    shell 14: pairs 42000000/45535504
    shell 14: pairs 42250000/45535504
    shell 14: pairs 42500000/45535504
    shell 14: pairs 42750000/45535504
    shell 14: pairs 43000000/45535504
    shell 14: pairs 43250000/45535504
    shell 14: pairs 43500000/45535504
    shell 14: pairs 43750000/45535504
    shell 14: pairs 44000000/45535504
    shell 14: pairs 44250000/45535504
    shell 14: pairs 44500000/45535504
    shell 14: pairs 44750000/45535504
    shell 14: pairs 45000000/45535504
    shell 14: pairs 45250000/45535504
    shell 14: pairs 45500000/45535504
  shell 14 one_inf C_term_hi=71.67401289653506561613552208792759497294 [13/87]
    shell 16: resume at pair 3000000/45535504
    shell 17: resume at pair 2500000/45535504
    shell 16: pairs 3250000/45535504
    shell 17: pairs 2750000/45535504
    shell 16: pairs 3500000/45535504
    shell 17: pairs 3000000/45535504
    shell 16: pairs 3750000/45535504
    shell 17: pairs 3250000/45535504
    shell 16: pairs 4000000/45535504
    shell 17: pairs 3500000/45535504
    shell 16: pairs 4250000/45535504
    shell 17: pairs 3750000/45535504
    shell 16: pairs 4500000/45535504
    shell 17: pairs 4000000/45535504
    shell 16: pairs 4750000/45535504
    shell 16: pairs 5000000/45535504
    shell 17: pairs 4250000/45535504
    shell 16: pairs 5250000/45535504
    shell 17: pairs 4500000/45535504
    shell 16: pairs 5500000/45535504
    shell 17: pairs 4750000/45535504
    shell 16: pairs 5750000/45535504
    shell 17: pairs 5000000/45535504
    shell 16: pairs 6000000/45535504
    shell 17: pairs 5250000/45535504
    shell 16: pairs 6250000/45535504
    shell 17: pairs 5500000/45535504
    shell 16: pairs 6500000/45535504
    shell 16: pairs 6750000/45535504
    shell 17: pairs 5750000/45535504
    shell 16: pairs 7000000/45535504
    shell 17: pairs 6000000/45535504
    shell 16: pairs 7250000/45535504
    shell 17: pairs 6250000/45535504
    shell 16: pairs 7500000/45535504
    shell 17: pairs 6500000/45535504
    shell 16: pairs 7750000/45535504
    shell 17: pairs 6750000/45535504
    shell 16: pairs 8000000/45535504
    shell 17: pairs 7000000/45535504
    shell 16: pairs 8250000/45535504
    shell 16: pairs 8500000/45535504
    shell 17: pairs 7250000/45535504
    shell 16: pairs 8750000/45535504
    shell 17: pairs 7500000/45535504
    shell 16: pairs 9000000/45535504
    shell 17: pairs 7750000/45535504
    shell 16: pairs 9250000/45535504
    shell 17: pairs 8000000/45535504
    shell 16: pairs 9500000/45535504
    shell 16: pairs 9750000/45535504
    shell 17: pairs 8250000/45535504
    shell 16: pairs 10000000/45535504
    shell 17: pairs 8500000/45535504
    shell 16: pairs 10250000/45535504
    shell 17: pairs 8750000/45535504
    shell 16: pairs 10500000/45535504
    shell 17: pairs 9000000/45535504
    shell 16: pairs 10750000/45535504
    shell 16: pairs 11000000/45535504
    shell 17: pairs 9250000/45535504
    shell 16: pairs 11250000/45535504
    shell 17: pairs 9500000/45535504
    shell 16: pairs 11500000/45535504
    shell 17: pairs 9750000/45535504
    shell 16: pairs 11750000/45535504
    shell 17: pairs 10000000/45535504
    shell 16: pairs 12000000/45535504
    shell 16: pairs 12250000/45535504
    shell 17: pairs 10250000/45535504
    shell 16: pairs 12500000/45535504
    shell 17: pairs 10500000/45535504
    shell 16: pairs 12750000/45535504
    shell 17: pairs 10750000/45535504
    shell 16: pairs 13000000/45535504
    shell 17: pairs 11000000/45535504
    shell 16: pairs 13250000/45535504
    shell 16: pairs 13500000/45535504
    shell 17: pairs 11250000/45535504
    shell 16: pairs 13750000/45535504
    shell 17: pairs 11500000/45535504
    shell 16: pairs 14000000/45535504
    shell 17: pairs 11750000/45535504
    shell 16: pairs 14250000/45535504
    shell 17: pairs 12000000/45535504
    shell 16: pairs 14500000/45535504
    shell 16: pairs 14750000/45535504
    shell 17: pairs 12250000/45535504
    shell 16: pairs 15000000/45535504
    shell 17: pairs 12500000/45535504
    shell 16: pairs 15250000/45535504
    shell 17: pairs 12750000/45535504
    shell 16: pairs 15500000/45535504
    shell 16: pairs 15750000/45535504
    shell 17: pairs 13000000/45535504
    shell 16: pairs 16000000/45535504
    shell 17: pairs 13250000/45535504
    shell 16: pairs 16250000/45535504
    shell 17: pairs 13500000/45535504
    shell 16: pairs 16500000/45535504
    shell 16: pairs 16750000/45535504
    shell 17: pairs 13750000/45535504
    shell 16: pairs 17000000/45535504
    shell 17: pairs 14000000/45535504
    shell 16: pairs 17250000/45535504
    shell 16: pairs 17500000/45535504
    shell 17: pairs 14250000/45535504
    shell 16: pairs 17750000/45535504
    shell 17: pairs 14500000/45535504
    shell 16: pairs 18000000/45535504
    shell 17: pairs 14750000/45535504
    shell 16: pairs 18250000/45535504
    shell 17: pairs 15000000/45535504
    shell 16: pairs 18500000/45535504
    shell 16: pairs 18750000/45535504
    shell 17: pairs 15250000/45535504
    shell 16: pairs 19000000/45535504
    shell 17: pairs 15500000/45535504
    shell 16: pairs 19250000/45535504
    shell 17: pairs 15750000/45535504
    shell 16: pairs 19500000/45535504
    shell 17: pairs 16000000/45535504
    shell 16: pairs 19750000/45535504
    shell 16: pairs 20000000/45535504
    shell 17: pairs 16250000/45535504
    shell 16: pairs 20250000/45535504
    shell 17: pairs 16500000/45535504
    shell 16: pairs 20500000/45535504
    shell 17: pairs 16750000/45535504
    shell 16: pairs 20750000/45535504
    shell 17: pairs 17000000/45535504
    shell 16: pairs 21000000/45535504
    shell 16: pairs 21250000/45535504
    shell 17: pairs 17250000/45535504
    shell 16: pairs 21500000/45535504
    shell 17: pairs 17500000/45535504
    shell 16: pairs 21750000/45535504
    shell 16: pairs 22000000/45535504
    shell 17: pairs 17750000/45535504
    shell 16: pairs 22250000/45535504
    shell 17: pairs 18000000/45535504
    shell 16: pairs 22500000/45535504
    shell 17: pairs 18250000/45535504
    shell 16: pairs 22750000/45535504
    shell 17: pairs 18500000/45535504
    shell 16: pairs 23000000/45535504
    shell 16: pairs 23250000/45535504
    shell 17: pairs 18750000/45535504
    shell 16: pairs 23500000/45535504
    shell 17: pairs 19000000/45535504
    shell 16: pairs 23750000/45535504
    shell 16: pairs 24000000/45535504
    shell 17: pairs 19250000/45535504
    shell 16: pairs 24250000/45535504
    shell 17: pairs 19500000/45535504
    shell 16: pairs 24500000/45535504
    shell 17: pairs 19750000/45535504
    shell 16: pairs 24750000/45535504
    shell 16: pairs 25000000/45535504
    shell 17: pairs 20000000/45535504
    shell 16: pairs 25250000/45535504
    shell 17: pairs 20250000/45535504
    shell 16: pairs 25500000/45535504
    shell 16: pairs 25750000/45535504
    shell 17: pairs 20500000/45535504
    shell 16: pairs 26000000/45535504
    shell 17: pairs 20750000/45535504
    shell 16: pairs 26250000/45535504
    shell 17: pairs 21000000/45535504
    shell 16: pairs 26500000/45535504
    shell 16: pairs 26750000/45535504
    shell 17: pairs 21250000/45535504
    shell 16: pairs 27000000/45535504
    shell 17: pairs 21500000/45535504
    shell 16: pairs 27250000/45535504
    shell 16: pairs 27500000/45535504
    shell 17: pairs 21750000/45535504
    shell 16: pairs 27750000/45535504
    shell 17: pairs 22000000/45535504
    shell 16: pairs 28000000/45535504
    shell 16: pairs 28250000/45535504
    shell 17: pairs 22250000/45535504
    shell 16: pairs 28500000/45535504
    shell 17: pairs 22500000/45535504
    shell 16: pairs 28750000/45535504
    shell 16: pairs 29000000/45535504
    shell 17: pairs 22750000/45535504
    shell 16: pairs 29250000/45535504
    shell 17: pairs 23000000/45535504
    shell 16: pairs 29500000/45535504
    shell 16: pairs 29750000/45535504
    shell 17: pairs 23250000/45535504
    shell 16: pairs 30000000/45535504
    shell 17: pairs 23500000/45535504
    shell 16: pairs 30250000/45535504
    shell 16: pairs 30500000/45535504
    shell 17: pairs 23750000/45535504
    shell 16: pairs 30750000/45535504
    shell 17: pairs 24000000/45535504
    shell 16: pairs 31000000/45535504
    shell 16: pairs 31250000/45535504
    shell 17: pairs 24250000/45535504
    shell 16: pairs 31500000/45535504
    shell 17: pairs 24500000/45535504
    shell 16: pairs 31750000/45535504
    shell 16: pairs 32000000/45535504
    shell 17: pairs 24750000/45535504
    shell 16: pairs 32250000/45535504
    shell 17: pairs 25000000/45535504
    shell 16: pairs 32500000/45535504
    shell 17: pairs 25250000/45535504
    shell 16: pairs 32750000/45535504
    shell 17: pairs 25500000/45535504
    shell 16: pairs 33000000/45535504
    shell 16: pairs 33250000/45535504
    shell 17: pairs 25750000/45535504
    shell 16: pairs 33500000/45535504
    shell 17: pairs 26000000/45535504
    shell 16: pairs 33750000/45535504
    shell 17: pairs 26250000/45535504
    shell 16: pairs 34000000/45535504
    shell 17: pairs 26500000/45535504
    shell 16: pairs 34250000/45535504
    shell 16: pairs 34500000/45535504
    shell 17: pairs 26750000/45535504
    shell 16: pairs 34750000/45535504
    shell 17: pairs 27000000/45535504
    shell 16: pairs 35000000/45535504
    shell 16: pairs 35250000/45535504
    shell 16: pairs 35500000/45535504
    shell 17: pairs 27250000/45535504
    shell 16: pairs 35750000/45535504
    shell 17: pairs 27500000/45535504
    shell 16: pairs 36000000/45535504
    shell 16: pairs 36250000/45535504
    shell 17: pairs 27750000/45535504
    shell 16: pairs 36500000/45535504
    shell 17: pairs 28000000/45535504
    shell 16: pairs 36750000/45535504
    shell 16: pairs 37000000/45535504
    shell 16: pairs 37250000/45535504
    shell 17: pairs 28250000/45535504
    shell 16: pairs 37500000/45535504
    shell 17: pairs 28500000/45535504
    shell 16: pairs 37750000/45535504
    shell 16: pairs 38000000/45535504
    shell 17: pairs 28750000/45535504
    shell 16: pairs 38250000/45535504
    shell 17: pairs 29000000/45535504
    shell 16: pairs 38500000/45535504
    shell 16: pairs 38750000/45535504
    shell 16: pairs 39000000/45535504
    shell 17: pairs 29250000/45535504
    shell 16: pairs 39250000/45535504
    shell 17: pairs 29500000/45535504
    shell 16: pairs 39500000/45535504
    shell 16: pairs 39750000/45535504
    shell 16: pairs 40000000/45535504
    shell 17: pairs 29750000/45535504
    shell 16: pairs 40250000/45535504
    shell 17: pairs 30000000/45535504
    shell 16: pairs 40500000/45535504
    shell 17: pairs 30250000/45535504
    shell 16: pairs 40750000/45535504
    shell 16: pairs 41000000/45535504
    shell 17: pairs 30500000/45535504
    shell 16: pairs 41250000/45535504
    shell 16: pairs 41500000/45535504
    shell 17: pairs 30750000/45535504
    shell 16: pairs 41750000/45535504
    shell 17: pairs 31000000/45535504
    shell 16: pairs 42000000/45535504
    shell 16: pairs 42250000/45535504
    shell 16: pairs 42500000/45535504
    shell 17: pairs 31250000/45535504
    shell 16: pairs 42750000/45535504
    shell 17: pairs 31500000/45535504
    shell 16: pairs 43000000/45535504
    shell 16: pairs 43250000/45535504
    shell 16: pairs 43500000/45535504
    shell 17: pairs 31750000/45535504
    shell 16: pairs 43750000/45535504
    shell 16: pairs 44000000/45535504
    shell 17: pairs 32000000/45535504
    shell 16: pairs 44250000/45535504
    shell 16: pairs 44500000/45535504
    shell 16: pairs 44750000/45535504
    shell 17: pairs 32250000/45535504
    shell 16: pairs 45000000/45535504
    shell 17: pairs 32500000/45535504
    shell 16: pairs 45250000/45535504
    shell 16: pairs 45500000/45535504
  shell 16 one_inf C_term_hi=61.25812112381069740828597028624558341871 [14/87]
    shell 17: pairs 32750000/45535504
    shell 17: pairs 33000000/45535504
    shell 17: pairs 33250000/45535504
    shell 17: pairs 33500000/45535504
    shell 17: pairs 33750000/45535504
    shell 17: pairs 34000000/45535504
    shell 17: pairs 34250000/45535504
    shell 17: pairs 34500000/45535504
    shell 17: pairs 34750000/45535504
    shell 17: pairs 35000000/45535504
    shell 17: pairs 35250000/45535504
    shell 17: pairs 35500000/45535504
    shell 17: pairs 35750000/45535504
    shell 17: pairs 36000000/45535504
    shell 17: pairs 36250000/45535504
    shell 17: pairs 36500000/45535504
    shell 17: pairs 36750000/45535504
    shell 17: pairs 37000000/45535504
    shell 17: pairs 37250000/45535504
    shell 17: pairs 37500000/45535504
    shell 17: pairs 37750000/45535504
    shell 17: pairs 38000000/45535504
    shell 17: pairs 38250000/45535504
    shell 17: pairs 38500000/45535504
    shell 17: pairs 38750000/45535504
    shell 17: pairs 39000000/45535504
    shell 17: pairs 39250000/45535504
    shell 17: pairs 39500000/45535504
    shell 17: pairs 39750000/45535504
    shell 17: pairs 40000000/45535504
    shell 17: pairs 40250000/45535504
    shell 17: pairs 40500000/45535504
    shell 17: pairs 40750000/45535504
    shell 17: pairs 41000000/45535504
    shell 17: pairs 41250000/45535504
    shell 17: pairs 41500000/45535504
    shell 17: pairs 41750000/45535504
    shell 17: pairs 42000000/45535504
    shell 17: pairs 42250000/45535504
    shell 17: pairs 42500000/45535504
    shell 17: pairs 42750000/45535504
    shell 17: pairs 43000000/45535504
    shell 17: pairs 43250000/45535504
    shell 17: pairs 43500000/45535504
    shell 17: pairs 43750000/45535504
    shell 17: pairs 44000000/45535504
    shell 17: pairs 44250000/45535504
    shell 17: pairs 44500000/45535504
    shell 17: pairs 44750000/45535504
    shell 17: pairs 45000000/45535504
    shell 17: pairs 45250000/45535504
    shell 17: pairs 45500000/45535504
  shell 17 one_inf C_term_hi=83.4104251826427631160823968240420294932 [15/87]
    shell 19: pairs 250000/45535504
    shell 18: pairs 250000/45535504
    shell 19: pairs 500000/45535504
    shell 18: pairs 500000/45535504
    shell 19: pairs 750000/45535504
    shell 18: pairs 750000/45535504
    shell 19: pairs 1000000/45535504
    shell 18: pairs 1000000/45535504
    shell 19: pairs 1250000/45535504
    shell 18: pairs 1250000/45535504
    shell 19: pairs 1500000/45535504
    shell 18: pairs 1500000/45535504
    shell 19: pairs 1750000/45535504
    shell 18: pairs 1750000/45535504
    shell 19: pairs 2000000/45535504
    shell 18: pairs 2000000/45535504
    shell 19: pairs 2250000/45535504
    shell 18: pairs 2250000/45535504
    shell 19: pairs 2500000/45535504
    shell 18: pairs 2500000/45535504
    shell 19: pairs 2750000/45535504
    shell 18: pairs 2750000/45535504
    shell 19: pairs 3000000/45535504
    shell 18: pairs 3000000/45535504
    shell 19: pairs 3250000/45535504
    shell 18: pairs 3250000/45535504
    shell 19: pairs 3500000/45535504
    shell 18: pairs 3500000/45535504
    shell 19: pairs 3750000/45535504
    shell 18: pairs 3750000/45535504
    shell 19: pairs 4000000/45535504
    shell 18: pairs 4000000/45535504
    shell 19: pairs 4250000/45535504
    shell 18: pairs 4250000/45535504
    shell 19: pairs 4500000/45535504
    shell 18: pairs 4500000/45535504
    shell 19: pairs 4750000/45535504
    shell 18: pairs 4750000/45535504
    shell 19: pairs 5000000/45535504
    shell 18: pairs 5000000/45535504
    shell 19: pairs 5250000/45535504
    shell 18: pairs 5250000/45535504
    shell 19: pairs 5500000/45535504
    shell 18: pairs 5500000/45535504
    shell 19: pairs 5750000/45535504
    shell 18: pairs 5750000/45535504
    shell 19: pairs 6000000/45535504
    shell 18: pairs 6000000/45535504
    shell 19: pairs 6250000/45535504
    shell 18: pairs 6250000/45535504
    shell 19: pairs 6500000/45535504
    shell 18: pairs 6500000/45535504
    shell 19: pairs 6750000/45535504
    shell 18: pairs 6750000/45535504
    shell 19: pairs 7000000/45535504
    shell 18: pairs 7000000/45535504
    shell 19: pairs 7250000/45535504
    shell 18: pairs 7250000/45535504
    shell 19: pairs 7500000/45535504
    shell 18: pairs 7500000/45535504
    shell 19: pairs 7750000/45535504
    shell 18: pairs 7750000/45535504
    shell 19: pairs 8000000/45535504
    shell 18: pairs 8000000/45535504
    shell 19: pairs 8250000/45535504
    shell 18: pairs 8250000/45535504
    shell 19: pairs 8500000/45535504
    shell 18: pairs 8500000/45535504
    shell 19: pairs 8750000/45535504
    shell 19: pairs 9000000/45535504
    shell 18: pairs 8750000/45535504
    shell 18: pairs 9000000/45535504
    shell 19: pairs 9250000/45535504
    shell 19: pairs 9500000/45535504
    shell 18: pairs 9250000/45535504
    shell 19: pairs 9750000/45535504
    shell 18: pairs 9500000/45535504
    shell 19: pairs 10000000/45535504
    shell 18: pairs 9750000/45535504
    shell 19: pairs 10250000/45535504
    shell 18: pairs 10000000/45535504
    shell 19: pairs 10500000/45535504
    shell 18: pairs 10250000/45535504
    shell 19: pairs 10750000/45535504
    shell 18: pairs 10500000/45535504
    shell 19: pairs 11000000/45535504
    shell 18: pairs 10750000/45535504
    shell 19: pairs 11250000/45535504
    shell 18: pairs 11000000/45535504
    shell 19: pairs 11500000/45535504
    shell 18: pairs 11250000/45535504
    shell 19: pairs 11750000/45535504
    shell 18: pairs 11500000/45535504
    shell 19: pairs 12000000/45535504
    shell 18: pairs 11750000/45535504
    shell 19: pairs 12250000/45535504
    shell 18: pairs 12000000/45535504
    shell 19: pairs 12500000/45535504
    shell 18: pairs 12250000/45535504
    shell 19: pairs 12750000/45535504
    shell 18: pairs 12500000/45535504
    shell 19: pairs 13000000/45535504
    shell 18: pairs 12750000/45535504
    shell 19: pairs 13250000/45535504
    shell 19: pairs 13500000/45535504
    shell 18: pairs 13000000/45535504
    shell 19: pairs 13750000/45535504
    shell 18: pairs 13250000/45535504
    shell 18: pairs 13500000/45535504
    shell 19: pairs 14000000/45535504
    shell 19: pairs 14250000/45535504
    shell 18: pairs 13750000/45535504
    shell 19: pairs 14500000/45535504
    shell 18: pairs 14000000/45535504
    shell 19: pairs 14750000/45535504
    shell 18: pairs 14250000/45535504
    shell 19: pairs 15000000/45535504
    shell 18: pairs 14500000/45535504
    shell 19: pairs 15250000/45535504
    shell 18: pairs 14750000/45535504
    shell 19: pairs 15500000/45535504
    shell 18: pairs 15000000/45535504
    shell 19: pairs 15750000/45535504
    shell 18: pairs 15250000/45535504
    shell 19: pairs 16000000/45535504
    shell 18: pairs 15500000/45535504
    shell 19: pairs 16250000/45535504
    shell 18: pairs 15750000/45535504
    shell 19: pairs 16500000/45535504
    shell 18: pairs 16000000/45535504
    shell 19: pairs 16750000/45535504
    shell 18: pairs 16250000/45535504
    shell 19: pairs 17000000/45535504
    shell 18: pairs 16500000/45535504
    shell 19: pairs 17250000/45535504
    shell 19: pairs 17500000/45535504
    shell 18: pairs 16750000/45535504
    shell 18: pairs 17000000/45535504
    shell 19: pairs 17750000/45535504
    shell 19: pairs 18000000/45535504
    shell 18: pairs 17250000/45535504
    shell 18: pairs 17500000/45535504
    shell 19: pairs 18250000/45535504
    shell 19: pairs 18500000/45535504
    shell 18: pairs 17750000/45535504
    shell 19: pairs 18750000/45535504
    shell 18: pairs 18000000/45535504
    shell 19: pairs 19000000/45535504
    shell 18: pairs 18250000/45535504
    shell 19: pairs 19250000/45535504
    shell 18: pairs 18500000/45535504
    shell 19: pairs 19500000/45535504
    shell 18: pairs 18750000/45535504
    shell 19: pairs 19750000/45535504
    shell 18: pairs 19000000/45535504
    shell 19: pairs 20000000/45535504
    shell 18: pairs 19250000/45535504
    shell 19: pairs 20250000/45535504
    shell 18: pairs 19500000/45535504
    shell 19: pairs 20500000/45535504
    shell 18: pairs 19750000/45535504
    shell 19: pairs 20750000/45535504
    shell 18: pairs 20000000/45535504
    shell 19: pairs 21000000/45535504
    shell 19: pairs 21250000/45535504
    shell 18: pairs 20250000/45535504
    shell 19: pairs 21500000/45535504
    shell 18: pairs 20500000/45535504
    shell 18: pairs 20750000/45535504
    shell 19: pairs 21750000/45535504
    shell 18: pairs 21000000/45535504
    shell 19: pairs 22000000/45535504
    shell 19: pairs 22250000/45535504
    shell 18: pairs 21250000/45535504
    shell 19: pairs 22500000/45535504
    shell 18: pairs 21500000/45535504
    shell 19: pairs 22750000/45535504
    shell 18: pairs 21750000/45535504
    shell 19: pairs 23000000/45535504
    shell 18: pairs 22000000/45535504
    shell 19: pairs 23250000/45535504
    shell 18: pairs 22250000/45535504
    shell 19: pairs 23500000/45535504
    shell 18: pairs 22500000/45535504
    shell 19: pairs 23750000/45535504
    shell 18: pairs 22750000/45535504
    shell 19: pairs 24000000/45535504
    shell 18: pairs 23000000/45535504
    shell 19: pairs 24250000/45535504
    shell 19: pairs 24500000/45535504
    shell 18: pairs 23250000/45535504
    shell 19: pairs 24750000/45535504
    shell 18: pairs 23500000/45535504
    shell 19: pairs 25000000/45535504
    shell 18: pairs 23750000/45535504
    shell 19: pairs 25250000/45535504
    shell 18: pairs 24000000/45535504
    shell 19: pairs 25500000/45535504
    shell 19: pairs 25750000/45535504
    shell 18: pairs 24250000/45535504
    shell 19: pairs 26000000/45535504
    shell 18: pairs 24500000/45535504
    shell 19: pairs 26250000/45535504
    shell 18: pairs 24750000/45535504
    shell 19: pairs 26500000/45535504
    shell 18: pairs 25000000/45535504
    shell 19: pairs 26750000/45535504
    shell 18: pairs 25250000/45535504
    shell 19: pairs 27000000/45535504
    shell 18: pairs 25500000/45535504
    shell 18: pairs 25750000/45535504
    shell 19: pairs 27250000/45535504
    shell 18: pairs 26000000/45535504
    shell 19: pairs 27500000/45535504
    shell 18: pairs 26250000/45535504
    shell 19: pairs 27750000/45535504
    shell 18: pairs 26500000/45535504
    shell 19: pairs 28000000/45535504
    shell 18: pairs 26750000/45535504
    shell 19: pairs 28250000/45535504
    shell 18: pairs 27000000/45535504
    shell 19: pairs 28500000/45535504
    shell 19: pairs 28750000/45535504
    shell 18: pairs 27250000/45535504
    shell 19: pairs 29000000/45535504
    shell 18: pairs 27500000/45535504
    shell 19: pairs 29250000/45535504
    shell 18: pairs 27750000/45535504
    shell 19: pairs 29500000/45535504
    shell 18: pairs 28000000/45535504
    shell 19: pairs 29750000/45535504
    shell 18: pairs 28250000/45535504
    shell 19: pairs 30000000/45535504
    shell 18: pairs 28500000/45535504
    shell 19: pairs 30250000/45535504
    shell 19: pairs 30500000/45535504
    shell 18: pairs 28750000/45535504
    shell 19: pairs 30750000/45535504
    shell 18: pairs 29000000/45535504
    shell 19: pairs 31000000/45535504
    shell 18: pairs 29250000/45535504
    shell 19: pairs 31250000/45535504
    shell 18: pairs 29500000/45535504
    shell 19: pairs 31500000/45535504
    shell 18: pairs 29750000/45535504
    shell 19: pairs 31750000/45535504
    shell 18: pairs 30000000/45535504
    shell 19: pairs 32000000/45535504
    shell 18: pairs 30250000/45535504
    shell 19: pairs 32250000/45535504
    shell 18: pairs 30500000/45535504
    shell 19: pairs 32500000/45535504
    shell 18: pairs 30750000/45535504
    shell 19: pairs 32750000/45535504
    shell 18: pairs 31000000/45535504
    shell 19: pairs 33000000/45535504
    shell 19: pairs 33250000/45535504
    shell 18: pairs 31250000/45535504
    shell 19: pairs 33500000/45535504
    shell 18: pairs 31500000/45535504
    shell 19: pairs 33750000/45535504
    shell 18: pairs 31750000/45535504
    shell 19: pairs 34000000/45535504
    shell 18: pairs 32000000/45535504
    shell 19: pairs 34250000/45535504
    shell 19: pairs 34500000/45535504
    shell 18: pairs 32250000/45535504
    shell 19: pairs 34750000/45535504
    shell 18: pairs 32500000/45535504
    shell 19: pairs 35000000/45535504
    shell 18: pairs 32750000/45535504
    shell 19: pairs 35250000/45535504
    shell 18: pairs 33000000/45535504
    shell 19: pairs 35500000/45535504
    shell 19: pairs 35750000/45535504
    shell 18: pairs 33250000/45535504
    shell 19: pairs 36000000/45535504
    shell 18: pairs 33500000/45535504
    shell 19: pairs 36250000/45535504
    shell 18: pairs 33750000/45535504
    shell 19: pairs 36500000/45535504
    shell 18: pairs 34000000/45535504
    shell 19: pairs 36750000/45535504
    shell 18: pairs 34250000/45535504
    shell 19: pairs 37000000/45535504
    shell 18: pairs 34500000/45535504
    shell 19: pairs 37250000/45535504
    shell 18: pairs 34750000/45535504
    shell 19: pairs 37500000/45535504
    shell 18: pairs 35000000/45535504
    shell 19: pairs 37750000/45535504
    shell 19: pairs 38000000/45535504
    shell 18: pairs 35250000/45535504
    shell 19: pairs 38250000/45535504
    shell 18: pairs 35500000/45535504
    shell 19: pairs 38500000/45535504
    shell 19: pairs 38750000/45535504
    shell 18: pairs 35750000/45535504
    shell 19: pairs 39000000/45535504
    shell 18: pairs 36000000/45535504
    shell 19: pairs 39250000/45535504
    shell 18: pairs 36250000/45535504
    shell 19: pairs 39500000/45535504
    shell 18: pairs 36500000/45535504
    shell 19: pairs 39750000/45535504
    shell 19: pairs 40000000/45535504
    shell 18: pairs 36750000/45535504
    shell 18: pairs 37000000/45535504
    shell 19: pairs 40250000/45535504
    shell 18: pairs 37250000/45535504
    shell 19: pairs 40500000/45535504
    shell 18: pairs 37500000/45535504
    shell 19: pairs 40750000/45535504
    shell 18: pairs 37750000/45535504
    shell 19: pairs 41000000/45535504
    shell 19: pairs 41250000/45535504
    shell 18: pairs 38000000/45535504
    shell 19: pairs 41500000/45535504
    shell 18: pairs 38250000/45535504
    shell 18: pairs 38500000/45535504
    shell 19: pairs 41750000/45535504
    shell 19: pairs 42000000/45535504
    shell 18: pairs 38750000/45535504
    shell 19: pairs 42250000/45535504
    shell 18: pairs 39000000/45535504
    shell 19: pairs 42500000/45535504
    shell 19: pairs 42750000/45535504
    shell 18: pairs 39250000/45535504
    shell 19: pairs 43000000/45535504
    shell 18: pairs 39500000/45535504
    shell 18: pairs 39750000/45535504
    shell 19: pairs 43250000/45535504
    shell 19: pairs 43500000/45535504
    shell 18: pairs 40000000/45535504
    shell 19: pairs 43750000/45535504
    shell 19: pairs 44000000/45535504
    shell 18: pairs 40250000/45535504
    shell 19: pairs 44250000/45535504
    shell 18: pairs 40500000/45535504
    shell 19: pairs 44500000/45535504
    shell 19: pairs 44750000/45535504
    shell 18: pairs 40750000/45535504
    shell 19: pairs 45000000/45535504
    shell 18: pairs 41000000/45535504
    shell 19: pairs 45250000/45535504
    shell 19: pairs 45500000/45535504
    shell 18: pairs 41250000/45535504
  shell 19 one_inf C_term_hi=76.62211465419630848965886956407515024707 [16/87]
    shell 18: pairs 41500000/45535504
    shell 18: pairs 41750000/45535504
    shell 18: pairs 42000000/45535504
    shell 18: pairs 42250000/45535504
    shell 18: pairs 42500000/45535504
    shell 18: pairs 42750000/45535504
    shell 18: pairs 43000000/45535504
    shell 18: pairs 43250000/45535504
    shell 18: pairs 43500000/45535504
    shell 18: pairs 43750000/45535504
    shell 18: pairs 44000000/45535504
    shell 18: pairs 44250000/45535504
    shell 18: pairs 44500000/45535504
    shell 18: pairs 44750000/45535504
    shell 18: pairs 45000000/45535504
    shell 18: pairs 45250000/45535504
    shell 18: pairs 45500000/45535504
  shell 18 one_inf C_term_hi=87.93273916339380105506218422032147821706 [17/87]
    shell 20: pairs 250000/45535504
    shell 21: pairs 250000/45535504
    shell 20: pairs 500000/45535504
    shell 21: pairs 500000/45535504
    shell 20: pairs 750000/45535504
    shell 21: pairs 750000/45535504
    shell 20: pairs 1000000/45535504
    shell 21: pairs 1000000/45535504
    shell 20: pairs 1250000/45535504
    shell 21: pairs 1250000/45535504
    shell 20: pairs 1500000/45535504
    shell 21: pairs 1500000/45535504
    shell 20: pairs 1750000/45535504
    shell 21: pairs 1750000/45535504
    shell 20: pairs 2000000/45535504
    shell 21: pairs 2000000/45535504
    shell 20: pairs 2250000/45535504
    shell 21: pairs 2250000/45535504
    shell 20: pairs 2500000/45535504
    shell 21: pairs 2500000/45535504
    shell 20: pairs 2750000/45535504
    shell 21: pairs 2750000/45535504
    shell 20: pairs 3000000/45535504
    shell 21: pairs 3000000/45535504
    shell 20: pairs 3250000/45535504
    shell 21: pairs 3250000/45535504
    shell 20: pairs 3500000/45535504
    shell 21: pairs 3500000/45535504
    shell 20: pairs 3750000/45535504
    shell 20: pairs 4000000/45535504
    shell 21: pairs 3750000/45535504
    shell 20: pairs 4250000/45535504
    shell 21: pairs 4000000/45535504
    shell 20: pairs 4500000/45535504
    shell 21: pairs 4250000/45535504
    shell 20: pairs 4750000/45535504
    shell 21: pairs 4500000/45535504
    shell 20: pairs 5000000/45535504
    shell 21: pairs 4750000/45535504
    shell 20: pairs 5250000/45535504
    shell 21: pairs 5000000/45535504
    shell 20: pairs 5500000/45535504
    shell 21: pairs 5250000/45535504
    shell 20: pairs 5750000/45535504
    shell 21: pairs 5500000/45535504
    shell 20: pairs 6000000/45535504
    shell 21: pairs 5750000/45535504
    shell 20: pairs 6250000/45535504
    shell 20: pairs 6500000/45535504
    shell 21: pairs 6000000/45535504
    shell 20: pairs 6750000/45535504
    shell 21: pairs 6250000/45535504
    shell 20: pairs 7000000/45535504
    shell 21: pairs 6500000/45535504
    shell 20: pairs 7250000/45535504
    shell 21: pairs 6750000/45535504
    shell 20: pairs 7500000/45535504
    shell 21: pairs 7000000/45535504
    shell 20: pairs 7750000/45535504
    shell 21: pairs 7250000/45535504
    shell 20: pairs 8000000/45535504
    shell 21: pairs 7500000/45535504
    shell 20: pairs 8250000/45535504
    shell 21: pairs 7750000/45535504
    shell 20: pairs 8500000/45535504
    shell 21: pairs 8000000/45535504
    shell 20: pairs 8750000/45535504
    shell 20: pairs 9000000/45535504
    shell 21: pairs 8250000/45535504
    shell 20: pairs 9250000/45535504
    shell 21: pairs 8500000/45535504
    shell 20: pairs 9500000/45535504
    shell 21: pairs 8750000/45535504
    shell 20: pairs 9750000/45535504
    shell 21: pairs 9000000/45535504
    shell 20: pairs 10000000/45535504
    shell 21: pairs 9250000/45535504
    shell 20: pairs 10250000/45535504
    shell 21: pairs 9500000/45535504
    shell 20: pairs 10500000/45535504
    shell 21: pairs 9750000/45535504
    shell 20: pairs 10750000/45535504
    shell 21: pairs 10000000/45535504
    shell 20: pairs 11000000/45535504
    shell 21: pairs 10250000/45535504
    shell 20: pairs 11250000/45535504
    shell 20: pairs 11500000/45535504
    shell 21: pairs 10500000/45535504
    shell 20: pairs 11750000/45535504
    shell 21: pairs 10750000/45535504
    shell 20: pairs 12000000/45535504
    shell 21: pairs 11000000/45535504
    shell 20: pairs 12250000/45535504
    shell 21: pairs 11250000/45535504
    shell 20: pairs 12500000/45535504
    shell 21: pairs 11500000/45535504
    shell 20: pairs 12750000/45535504
    shell 21: pairs 11750000/45535504
    shell 20: pairs 13000000/45535504
    shell 21: pairs 12000000/45535504
    shell 20: pairs 13250000/45535504
    shell 20: pairs 13500000/45535504
    shell 21: pairs 12250000/45535504
    shell 21: pairs 12500000/45535504
    shell 20: pairs 13750000/45535504
    shell 20: pairs 14000000/45535504
    shell 21: pairs 12750000/45535504
    shell 20: pairs 14250000/45535504
    shell 21: pairs 13000000/45535504
    shell 20: pairs 14500000/45535504
    shell 21: pairs 13250000/45535504
    shell 20: pairs 14750000/45535504
    shell 21: pairs 13500000/45535504
    shell 20: pairs 15000000/45535504
    shell 20: pairs 15250000/45535504
    shell 21: pairs 13750000/45535504
    shell 20: pairs 15500000/45535504
    shell 21: pairs 14000000/45535504
    shell 20: pairs 15750000/45535504
    shell 21: pairs 14250000/45535504
    shell 20: pairs 16000000/45535504
    shell 21: pairs 14500000/45535504
    shell 20: pairs 16250000/45535504
    shell 20: pairs 16500000/45535504
    shell 21: pairs 14750000/45535504
    shell 20: pairs 16750000/45535504
    shell 21: pairs 15000000/45535504
    shell 20: pairs 17000000/45535504
    shell 21: pairs 15250000/45535504
    shell 20: pairs 17250000/45535504
    shell 21: pairs 15500000/45535504
    shell 20: pairs 17500000/45535504
    shell 21: pairs 15750000/45535504
    shell 20: pairs 17750000/45535504
    shell 21: pairs 16000000/45535504
    shell 20: pairs 18000000/45535504
    shell 21: pairs 16250000/45535504
    shell 20: pairs 18250000/45535504
    shell 21: pairs 16500000/45535504
    shell 20: pairs 18500000/45535504
    shell 21: pairs 16750000/45535504
    shell 20: pairs 18750000/45535504
    shell 21: pairs 17000000/45535504
    shell 20: pairs 19000000/45535504
    shell 20: pairs 19250000/45535504
    shell 21: pairs 17250000/45535504
    shell 20: pairs 19500000/45535504
    shell 21: pairs 17500000/45535504
    shell 20: pairs 19750000/45535504
    shell 21: pairs 17750000/45535504
    shell 20: pairs 20000000/45535504
    shell 21: pairs 18000000/45535504
    shell 20: pairs 20250000/45535504
    shell 20: pairs 20500000/45535504
    shell 21: pairs 18250000/45535504
    shell 20: pairs 20750000/45535504
    shell 21: pairs 18500000/45535504
    shell 20: pairs 21000000/45535504
    shell 21: pairs 18750000/45535504
    shell 20: pairs 21250000/45535504
    shell 21: pairs 19000000/45535504
    shell 20: pairs 21500000/45535504
    shell 21: pairs 19250000/45535504
    shell 20: pairs 21750000/45535504
    shell 21: pairs 19500000/45535504
    shell 20: pairs 22000000/45535504
    shell 21: pairs 19750000/45535504
    shell 20: pairs 22250000/45535504
    shell 21: pairs 20000000/45535504
    shell 20: pairs 22500000/45535504
    shell 21: pairs 20250000/45535504
    shell 20: pairs 22750000/45535504
    shell 20: pairs 23000000/45535504
    shell 21: pairs 20500000/45535504
    shell 21: pairs 20750000/45535504
    shell 20: pairs 23250000/45535504
    shell 21: pairs 21000000/45535504
    shell 20: pairs 23500000/45535504
    shell 20: pairs 23750000/45535504
    shell 21: pairs 21250000/45535504
    shell 20: pairs 24000000/45535504
    shell 21: pairs 21500000/45535504
    shell 20: pairs 24250000/45535504
    shell 21: pairs 21750000/45535504
    shell 20: pairs 24500000/45535504
    shell 20: pairs 24750000/45535504
    shell 21: pairs 22000000/45535504
    shell 20: pairs 25000000/45535504
    shell 21: pairs 22250000/45535504
    shell 20: pairs 25250000/45535504
    shell 21: pairs 22500000/45535504
    shell 20: pairs 25500000/45535504
    shell 20: pairs 25750000/45535504
    shell 21: pairs 22750000/45535504
    shell 20: pairs 26000000/45535504
    shell 21: pairs 23000000/45535504
    shell 20: pairs 26250000/45535504
    shell 20: pairs 26500000/45535504
    shell 21: pairs 23250000/45535504
    shell 20: pairs 26750000/45535504
    shell 21: pairs 23500000/45535504
    shell 20: pairs 27000000/45535504
    shell 21: pairs 23750000/45535504
    shell 20: pairs 27250000/45535504
    shell 21: pairs 24000000/45535504
    shell 20: pairs 27500000/45535504
    shell 20: pairs 27750000/45535504
    shell 21: pairs 24250000/45535504
    shell 20: pairs 28000000/45535504
    shell 21: pairs 24500000/45535504
    shell 21: pairs 24750000/45535504
    shell 20: pairs 28250000/45535504
    shell 21: pairs 25000000/45535504
    shell 20: pairs 28500000/45535504
    shell 21: pairs 25250000/45535504
    shell 20: pairs 28750000/45535504
    shell 21: pairs 25500000/45535504
    shell 20: pairs 29000000/45535504
    shell 21: pairs 25750000/45535504
    shell 20: pairs 29250000/45535504
    shell 21: pairs 26000000/45535504
    shell 20: pairs 29500000/45535504
    shell 21: pairs 26250000/45535504
    shell 20: pairs 29750000/45535504
    shell 21: pairs 26500000/45535504
    shell 20: pairs 30000000/45535504
    shell 20: pairs 30250000/45535504
    shell 21: pairs 26750000/45535504
    shell 20: pairs 30500000/45535504
    shell 21: pairs 27000000/45535504
    shell 20: pairs 30750000/45535504
    shell 21: pairs 27250000/45535504
    shell 20: pairs 31000000/45535504
    shell 21: pairs 27500000/45535504
    shell 20: pairs 31250000/45535504
    shell 20: pairs 31500000/45535504
    shell 21: pairs 27750000/45535504
    shell 20: pairs 31750000/45535504
    shell 21: pairs 28000000/45535504
    shell 20: pairs 32000000/45535504
    shell 21: pairs 28250000/45535504
    shell 20: pairs 32250000/45535504
    shell 21: pairs 28500000/45535504
    shell 20: pairs 32500000/45535504
    shell 20: pairs 32750000/45535504
    shell 21: pairs 28750000/45535504
    shell 20: pairs 33000000/45535504
    shell 21: pairs 29000000/45535504
    shell 20: pairs 33250000/45535504
    shell 21: pairs 29250000/45535504
    shell 20: pairs 33500000/45535504
    shell 20: pairs 33750000/45535504
    shell 21: pairs 29500000/45535504
    shell 20: pairs 34000000/45535504
    shell 21: pairs 29750000/45535504
    shell 20: pairs 34250000/45535504
    shell 21: pairs 30000000/45535504
    shell 20: pairs 34500000/45535504
    shell 21: pairs 30250000/45535504
    shell 20: pairs 34750000/45535504
    shell 21: pairs 30500000/45535504
    shell 20: pairs 35000000/45535504
    shell 20: pairs 35250000/45535504
    shell 21: pairs 30750000/45535504
    shell 20: pairs 35500000/45535504
    shell 21: pairs 31000000/45535504
    shell 20: pairs 35750000/45535504
    shell 20: pairs 36000000/45535504
    shell 21: pairs 31250000/45535504
    shell 20: pairs 36250000/45535504
    shell 21: pairs 31500000/45535504
    shell 20: pairs 36500000/45535504
    shell 21: pairs 31750000/45535504
    shell 20: pairs 36750000/45535504
    shell 21: pairs 32000000/45535504
    shell 20: pairs 37000000/45535504
    shell 20: pairs 37250000/45535504
    shell 21: pairs 32250000/45535504
    shell 20: pairs 37500000/45535504
    shell 20: pairs 37750000/45535504
    shell 21: pairs 32500000/45535504
    shell 20: pairs 38000000/45535504
    shell 20: pairs 38250000/45535504
    shell 21: pairs 32750000/45535504
    shell 20: pairs 38500000/45535504
    shell 21: pairs 33000000/45535504
    shell 20: pairs 38750000/45535504
    shell 20: pairs 39000000/45535504
    shell 21: pairs 33250000/45535504
    shell 20: pairs 39250000/45535504
    shell 21: pairs 33500000/45535504
    shell 20: pairs 39500000/45535504
    shell 21: pairs 33750000/45535504
    shell 20: pairs 39750000/45535504
    shell 21: pairs 34000000/45535504
    shell 20: pairs 40000000/45535504
    shell 20: pairs 40250000/45535504
    shell 21: pairs 34250000/45535504
    shell 20: pairs 40500000/45535504
    shell 21: pairs 34500000/45535504
    shell 20: pairs 40750000/45535504
    shell 21: pairs 34750000/45535504
    shell 20: pairs 41000000/45535504
    shell 21: pairs 35000000/45535504
    shell 20: pairs 41250000/45535504
    shell 20: pairs 41500000/45535504
    shell 21: pairs 35250000/45535504
    shell 20: pairs 41750000/45535504
    shell 21: pairs 35500000/45535504
    shell 20: pairs 42000000/45535504
    shell 20: pairs 42250000/45535504
    shell 21: pairs 35750000/45535504
    shell 20: pairs 42500000/45535504
    shell 20: pairs 42750000/45535504
    shell 21: pairs 36000000/45535504
    shell 20: pairs 43000000/45535504
    shell 21: pairs 36250000/45535504
    shell 20: pairs 43250000/45535504
    shell 21: pairs 36500000/45535504
    shell 20: pairs 43500000/45535504
    shell 20: pairs 43750000/45535504
    shell 21: pairs 36750000/45535504
    shell 20: pairs 44000000/45535504
    shell 20: pairs 44250000/45535504
    shell 21: pairs 37000000/45535504
    shell 20: pairs 44500000/45535504
    shell 21: pairs 37250000/45535504
    shell 20: pairs 44750000/45535504
    shell 20: pairs 45000000/45535504
    shell 21: pairs 37500000/45535504
    shell 20: pairs 45250000/45535504
    shell 21: pairs 37750000/45535504
    shell 20: pairs 45500000/45535504
  shell 20 one_inf C_term_hi=86.26614570575099719298062725349140706304 [18/87]
    shell 21: pairs 38000000/45535504
    shell 21: pairs 38250000/45535504
    shell 21: pairs 38500000/45535504
    shell 21: pairs 38750000/45535504
    shell 21: pairs 39000000/45535504
    shell 21: pairs 39250000/45535504
    shell 21: pairs 39500000/45535504
    shell 21: pairs 39750000/45535504
    shell 21: pairs 40000000/45535504
    shell 21: pairs 40250000/45535504
    shell 21: pairs 40500000/45535504
    shell 21: pairs 40750000/45535504
    shell 21: pairs 41000000/45535504
    shell 21: pairs 41250000/45535504
    shell 21: pairs 41500000/45535504
    shell 21: pairs 41750000/45535504
    shell 21: pairs 42000000/45535504
    shell 21: pairs 42250000/45535504
    shell 21: pairs 42500000/45535504
    shell 21: pairs 42750000/45535504
    shell 21: pairs 43000000/45535504
    shell 21: pairs 43250000/45535504
    shell 21: pairs 43500000/45535504
    shell 21: pairs 43750000/45535504
    shell 21: pairs 44000000/45535504
    shell 21: pairs 44250000/45535504
    shell 21: pairs 44500000/45535504
    shell 21: pairs 44750000/45535504
    shell 21: pairs 45000000/45535504
    shell 21: pairs 45250000/45535504
    shell 21: pairs 45500000/45535504
  shell 21 one_inf C_term_hi=92.45631638950760628774756522051196775784 [19/87]
    shell 24: pairs 250000/45535504
    shell 22: pairs 250000/45535504
    shell 24: pairs 500000/45535504
    shell 22: pairs 500000/45535504
    shell 24: pairs 750000/45535504
    shell 22: pairs 750000/45535504
    shell 24: pairs 1000000/45535504
    shell 22: pairs 1000000/45535504
    shell 24: pairs 1250000/45535504
    shell 22: pairs 1250000/45535504
    shell 24: pairs 1500000/45535504
    shell 22: pairs 1500000/45535504
    shell 24: pairs 1750000/45535504
    shell 22: pairs 1750000/45535504
    shell 24: pairs 2000000/45535504
    shell 22: pairs 2000000/45535504
    shell 24: pairs 2250000/45535504
    shell 22: pairs 2250000/45535504
    shell 24: pairs 2500000/45535504
    shell 22: pairs 2500000/45535504
    shell 24: pairs 2750000/45535504
    shell 22: pairs 2750000/45535504
    shell 24: pairs 3000000/45535504
    shell 22: pairs 3000000/45535504
    shell 24: pairs 3250000/45535504
    shell 22: pairs 3250000/45535504
    shell 24: pairs 3500000/45535504
    shell 22: pairs 3500000/45535504
    shell 24: pairs 3750000/45535504
    shell 22: pairs 3750000/45535504
    shell 24: pairs 4000000/45535504
    shell 22: pairs 4000000/45535504
    shell 24: pairs 4250000/45535504
    shell 22: pairs 4250000/45535504
    shell 24: pairs 4500000/45535504
    shell 22: pairs 4500000/45535504
    shell 24: pairs 4750000/45535504
    shell 22: pairs 4750000/45535504
    shell 24: pairs 5000000/45535504
    shell 22: pairs 5000000/45535504
    shell 24: pairs 5250000/45535504
    shell 22: pairs 5250000/45535504
    shell 24: pairs 5500000/45535504
    shell 22: pairs 5500000/45535504
    shell 24: pairs 5750000/45535504
    shell 22: pairs 5750000/45535504
    shell 24: pairs 6000000/45535504
    shell 22: pairs 6000000/45535504
    shell 24: pairs 6250000/45535504
    shell 22: pairs 6250000/45535504
    shell 24: pairs 6500000/45535504
    shell 22: pairs 6500000/45535504
    shell 24: pairs 6750000/45535504
    shell 22: pairs 6750000/45535504
    shell 24: pairs 7000000/45535504
    shell 22: pairs 7000000/45535504
    shell 24: pairs 7250000/45535504
    shell 22: pairs 7250000/45535504
    shell 24: pairs 7500000/45535504
    shell 22: pairs 7500000/45535504
    shell 24: pairs 7750000/45535504
    shell 22: pairs 7750000/45535504
    shell 24: pairs 8000000/45535504
    shell 22: pairs 8000000/45535504
    shell 24: pairs 8250000/45535504
    shell 22: pairs 8250000/45535504
    shell 24: pairs 8500000/45535504
    shell 22: pairs 8500000/45535504
    shell 24: pairs 8750000/45535504
    shell 22: pairs 8750000/45535504
    shell 24: pairs 9000000/45535504
    shell 22: pairs 9000000/45535504
    shell 24: pairs 9250000/45535504
    shell 22: pairs 9250000/45535504
    shell 24: pairs 9500000/45535504
    shell 22: pairs 9500000/45535504
    shell 24: pairs 9750000/45535504
    shell 22: pairs 9750000/45535504
    shell 24: pairs 10000000/45535504
    shell 22: pairs 10000000/45535504
    shell 24: pairs 10250000/45535504
    shell 22: pairs 10250000/45535504
    shell 24: pairs 10500000/45535504
    shell 22: pairs 10500000/45535504
    shell 24: pairs 10750000/45535504
    shell 22: pairs 10750000/45535504
    shell 24: pairs 11000000/45535504
    shell 22: pairs 11000000/45535504
    shell 24: pairs 11250000/45535504
    shell 22: pairs 11250000/45535504
    shell 24: pairs 11500000/45535504
    shell 22: pairs 11500000/45535504
    shell 24: pairs 11750000/45535504
    shell 22: pairs 11750000/45535504
    shell 24: pairs 12000000/45535504
    shell 22: pairs 12000000/45535504
    shell 24: pairs 12250000/45535504
    shell 22: pairs 12250000/45535504
    shell 24: pairs 12500000/45535504
    shell 22: pairs 12500000/45535504
    shell 24: pairs 12750000/45535504
    shell 22: pairs 12750000/45535504
    shell 24: pairs 13000000/45535504
    shell 22: pairs 13000000/45535504
    shell 24: pairs 13250000/45535504
    shell 22: pairs 13250000/45535504
    shell 24: pairs 13500000/45535504
    shell 22: pairs 13500000/45535504
    shell 24: pairs 13750000/45535504
    shell 22: pairs 13750000/45535504
    shell 24: pairs 14000000/45535504
    shell 22: pairs 14000000/45535504
    shell 24: pairs 14250000/45535504
    shell 22: pairs 14250000/45535504
    shell 24: pairs 14500000/45535504
    shell 22: pairs 14500000/45535504
    shell 24: pairs 14750000/45535504
    shell 22: pairs 14750000/45535504
    shell 24: pairs 15000000/45535504
    shell 22: pairs 15000000/45535504
    shell 24: pairs 15250000/45535504
    shell 22: pairs 15250000/45535504
    shell 24: pairs 15500000/45535504
    shell 22: pairs 15500000/45535504
    shell 24: pairs 15750000/45535504
    shell 22: pairs 15750000/45535504
    shell 24: pairs 16000000/45535504
    shell 22: pairs 16000000/45535504
    shell 24: pairs 16250000/45535504
    shell 22: pairs 16250000/45535504
    shell 24: pairs 16500000/45535504
    shell 22: pairs 16500000/45535504
    shell 24: pairs 16750000/45535504
    shell 22: pairs 16750000/45535504
    shell 22: pairs 17000000/45535504
    shell 24: pairs 17000000/45535504
    shell 22: pairs 17250000/45535504
    shell 24: pairs 17250000/45535504
    shell 22: pairs 17500000/45535504
    shell 24: pairs 17500000/45535504
    shell 24: pairs 17750000/45535504
    shell 22: pairs 17750000/45535504
    shell 22: pairs 18000000/45535504
    shell 24: pairs 18000000/45535504
    shell 22: pairs 18250000/45535504
    shell 24: pairs 18250000/45535504
    shell 22: pairs 18500000/45535504
    shell 24: pairs 18500000/45535504
    shell 22: pairs 18750000/45535504
    shell 24: pairs 18750000/45535504
    shell 22: pairs 19000000/45535504
    shell 24: pairs 19000000/45535504
    shell 22: pairs 19250000/45535504
    shell 24: pairs 19250000/45535504
    shell 22: pairs 19500000/45535504
    shell 24: pairs 19500000/45535504
    shell 22: pairs 19750000/45535504
    shell 24: pairs 19750000/45535504
    shell 22: pairs 20000000/45535504
    shell 24: pairs 20000000/45535504
    shell 22: pairs 20250000/45535504
    shell 24: pairs 20250000/45535504
    shell 22: pairs 20500000/45535504
    shell 24: pairs 20500000/45535504
    shell 22: pairs 20750000/45535504
    shell 24: pairs 20750000/45535504
    shell 22: pairs 21000000/45535504
    shell 24: pairs 21000000/45535504
    shell 22: pairs 21250000/45535504
    shell 24: pairs 21250000/45535504
    shell 22: pairs 21500000/45535504
    shell 24: pairs 21500000/45535504
    shell 22: pairs 21750000/45535504
    shell 24: pairs 21750000/45535504
    shell 22: pairs 22000000/45535504
    shell 24: pairs 22000000/45535504
    shell 22: pairs 22250000/45535504
    shell 24: pairs 22250000/45535504
    shell 22: pairs 22500000/45535504
    shell 24: pairs 22500000/45535504
    shell 22: pairs 22750000/45535504
    shell 24: pairs 22750000/45535504
    shell 22: pairs 23000000/45535504
    shell 24: pairs 23000000/45535504
    shell 22: pairs 23250000/45535504
    shell 24: pairs 23250000/45535504
    shell 22: pairs 23500000/45535504
    shell 24: pairs 23500000/45535504
    shell 22: pairs 23750000/45535504
    shell 24: pairs 23750000/45535504
    shell 22: pairs 24000000/45535504
    shell 24: pairs 24000000/45535504
    shell 22: pairs 24250000/45535504
    shell 24: pairs 24250000/45535504
    shell 22: pairs 24500000/45535504
    shell 24: pairs 24500000/45535504
    shell 22: pairs 24750000/45535504
    shell 24: pairs 24750000/45535504
    shell 22: pairs 25000000/45535504
    shell 24: pairs 25000000/45535504
    shell 22: pairs 25250000/45535504
    shell 24: pairs 25250000/45535504
    shell 22: pairs 25500000/45535504
    shell 24: pairs 25500000/45535504
    shell 22: pairs 25750000/45535504
    shell 24: pairs 25750000/45535504
    shell 22: pairs 26000000/45535504
    shell 24: pairs 26000000/45535504
    shell 22: pairs 26250000/45535504
    shell 24: pairs 26250000/45535504
    shell 22: pairs 26500000/45535504
    shell 24: pairs 26500000/45535504
    shell 22: pairs 26750000/45535504
    shell 24: pairs 26750000/45535504
    shell 22: pairs 27000000/45535504
    shell 24: pairs 27000000/45535504
    shell 22: pairs 27250000/45535504
    shell 22: pairs 27500000/45535504
    shell 24: pairs 27250000/45535504
    shell 24: pairs 27500000/45535504
    shell 22: pairs 27750000/45535504
    shell 22: pairs 28000000/45535504
    shell 24: pairs 27750000/45535504
    shell 24: pairs 28000000/45535504
    shell 22: pairs 28250000/45535504
    shell 22: pairs 28500000/45535504
    shell 24: pairs 28250000/45535504
    shell 24: pairs 28500000/45535504
    shell 22: pairs 28750000/45535504
    shell 22: pairs 29000000/45535504
    shell 24: pairs 28750000/45535504
    shell 22: pairs 29250000/45535504
    shell 24: pairs 29000000/45535504
    shell 22: pairs 29500000/45535504
    shell 24: pairs 29250000/45535504
    shell 24: pairs 29500000/45535504
    shell 22: pairs 29750000/45535504
    shell 22: pairs 30000000/45535504
    shell 24: pairs 29750000/45535504
    shell 22: pairs 30250000/45535504
    shell 24: pairs 30000000/45535504
    shell 22: pairs 30500000/45535504
    shell 24: pairs 30250000/45535504
    shell 24: pairs 30500000/45535504
    shell 22: pairs 30750000/45535504
    shell 22: pairs 31000000/45535504
    shell 24: pairs 30750000/45535504
    shell 24: pairs 31000000/45535504
    shell 22: pairs 31250000/45535504
    shell 22: pairs 31500000/45535504
    shell 24: pairs 31250000/45535504
    shell 24: pairs 31500000/45535504
    shell 22: pairs 31750000/45535504
    shell 22: pairs 32000000/45535504
    shell 24: pairs 31750000/45535504
    shell 22: pairs 32250000/45535504
    shell 24: pairs 32000000/45535504
    shell 22: pairs 32500000/45535504
    shell 24: pairs 32250000/45535504
    shell 22: pairs 32750000/45535504
    shell 24: pairs 32500000/45535504
    shell 22: pairs 33000000/45535504
    shell 24: pairs 32750000/45535504
    shell 22: pairs 33250000/45535504
    shell 24: pairs 33000000/45535504
    shell 22: pairs 33500000/45535504
    shell 24: pairs 33250000/45535504
    shell 22: pairs 33750000/45535504
    shell 24: pairs 33500000/45535504
    shell 22: pairs 34000000/45535504
    shell 24: pairs 33750000/45535504
    shell 22: pairs 34250000/45535504
    shell 24: pairs 34000000/45535504
    shell 22: pairs 34500000/45535504
    shell 24: pairs 34250000/45535504
    shell 22: pairs 34750000/45535504
    shell 24: pairs 34500000/45535504
    shell 22: pairs 35000000/45535504
    shell 24: pairs 34750000/45535504
    shell 22: pairs 35250000/45535504
    shell 24: pairs 35000000/45535504
    shell 22: pairs 35500000/45535504
    shell 24: pairs 35250000/45535504
    shell 22: pairs 35750000/45535504
    shell 24: pairs 35500000/45535504
    shell 22: pairs 36000000/45535504
    shell 24: pairs 35750000/45535504
    shell 22: pairs 36250000/45535504
    shell 22: pairs 36500000/45535504
    shell 24: pairs 36000000/45535504
    shell 24: pairs 36250000/45535504
    shell 22: pairs 36750000/45535504
    shell 24: pairs 36500000/45535504
    shell 22: pairs 37000000/45535504
    shell 22: pairs 37250000/45535504
    shell 24: pairs 36750000/45535504
    shell 22: pairs 37500000/45535504
    shell 24: pairs 37000000/45535504
    shell 22: pairs 37750000/45535504
    shell 24: pairs 37250000/45535504
    shell 22: pairs 38000000/45535504
    shell 24: pairs 37500000/45535504
    shell 22: pairs 38250000/45535504
    shell 24: pairs 37750000/45535504
    shell 22: pairs 38500000/45535504
    shell 24: pairs 38000000/45535504
    shell 24: pairs 38250000/45535504
    shell 22: pairs 38750000/45535504
    shell 24: pairs 38500000/45535504
    shell 22: pairs 39000000/45535504
    shell 22: pairs 39250000/45535504
    shell 24: pairs 38750000/45535504
    shell 22: pairs 39500000/45535504
    shell 24: pairs 39000000/45535504
    shell 22: pairs 39750000/45535504
    shell 24: pairs 39250000/45535504
    shell 22: pairs 40000000/45535504
    shell 24: pairs 39500000/45535504
    shell 22: pairs 40250000/45535504
    shell 24: pairs 39750000/45535504
    shell 22: pairs 40500000/45535504
    shell 24: pairs 40000000/45535504
    shell 22: pairs 40750000/45535504
    shell 24: pairs 40250000/45535504
    shell 22: pairs 41000000/45535504
    shell 24: pairs 40500000/45535504
    shell 22: pairs 41250000/45535504
    shell 24: pairs 40750000/45535504
    shell 22: pairs 41500000/45535504
    shell 24: pairs 41000000/45535504
    shell 22: pairs 41750000/45535504
    shell 24: pairs 41250000/45535504
    shell 22: pairs 42000000/45535504
    shell 24: pairs 41500000/45535504
    shell 22: pairs 42250000/45535504
    shell 24: pairs 41750000/45535504
    shell 22: pairs 42500000/45535504
    shell 24: pairs 42000000/45535504
    shell 22: pairs 42750000/45535504
    shell 24: pairs 42250000/45535504
    shell 22: pairs 43000000/45535504
    shell 24: pairs 42500000/45535504
    shell 22: pairs 43250000/45535504
    shell 24: pairs 42750000/45535504
    shell 22: pairs 43500000/45535504
    shell 24: pairs 43000000/45535504
    shell 22: pairs 43750000/45535504
    shell 22: pairs 44000000/45535504
    shell 24: pairs 43250000/45535504
    shell 22: pairs 44250000/45535504
    shell 24: pairs 43500000/45535504
    shell 22: pairs 44500000/45535504
    shell 24: pairs 43750000/45535504
    shell 22: pairs 44750000/45535504
    shell 24: pairs 44000000/45535504
    shell 22: pairs 45000000/45535504
    shell 24: pairs 44250000/45535504
    shell 24: pairs 44500000/45535504
    shell 22: pairs 45250000/45535504
    shell 22: pairs 45500000/45535504
    shell 24: pairs 44750000/45535504
  shell 22 one_inf C_term_hi=85.16242480510130421152833527843945243533 [20/87]
    shell 24: pairs 45000000/45535504
    shell 24: pairs 45250000/45535504
    shell 24: pairs 45500000/45535504
  shell 24 one_inf C_term_hi=88.17946096112802345002744437682579659481 [21/87]
    shell 25: pairs 250000/45535504
    shell 26: pairs 250000/45535504
    shell 25: pairs 500000/45535504
    shell 26: pairs 500000/45535504
    shell 25: pairs 750000/45535504
    shell 26: pairs 750000/45535504
    shell 25: pairs 1000000/45535504
    shell 26: pairs 1000000/45535504
    shell 25: pairs 1250000/45535504
    shell 26: pairs 1250000/45535504
    shell 25: pairs 1500000/45535504
    shell 26: pairs 1500000/45535504
    shell 25: pairs 1750000/45535504
    shell 26: pairs 1750000/45535504
    shell 25: pairs 2000000/45535504
    shell 26: pairs 2000000/45535504
    shell 25: pairs 2250000/45535504
    shell 26: pairs 2250000/45535504
    shell 25: pairs 2500000/45535504
    shell 26: pairs 2500000/45535504
    shell 25: pairs 2750000/45535504
    shell 25: pairs 3000000/45535504
    shell 26: pairs 2750000/45535504
    shell 25: pairs 3250000/45535504
    shell 26: pairs 3000000/45535504
    shell 25: pairs 3500000/45535504
    shell 26: pairs 3250000/45535504
    shell 25: pairs 3750000/45535504
    shell 26: pairs 3500000/45535504
    shell 25: pairs 4000000/45535504
    shell 26: pairs 3750000/45535504
    shell 25: pairs 4250000/45535504
    shell 26: pairs 4000000/45535504
    shell 25: pairs 4500000/45535504
    shell 25: pairs 4750000/45535504
    shell 26: pairs 4250000/45535504
    shell 25: pairs 5000000/45535504
    shell 26: pairs 4500000/45535504
    shell 25: pairs 5250000/45535504
    shell 26: pairs 4750000/45535504
    shell 25: pairs 5500000/45535504
    shell 26: pairs 5000000/45535504
    shell 25: pairs 5750000/45535504
    shell 26: pairs 5250000/45535504
    shell 25: pairs 6000000/45535504
    shell 26: pairs 5500000/45535504
    shell 25: pairs 6250000/45535504
    shell 26: pairs 5750000/45535504
    shell 25: pairs 6500000/45535504
    shell 26: pairs 6000000/45535504
    shell 25: pairs 6750000/45535504
    shell 26: pairs 6250000/45535504
    shell 25: pairs 7000000/45535504
    shell 26: pairs 6500000/45535504
    shell 25: pairs 7250000/45535504
    shell 25: pairs 7500000/45535504
    shell 26: pairs 6750000/45535504
    shell 25: pairs 7750000/45535504
    shell 26: pairs 7000000/45535504
    shell 25: pairs 8000000/45535504
    shell 26: pairs 7250000/45535504
    shell 25: pairs 8250000/45535504
    shell 26: pairs 7500000/45535504
    shell 25: pairs 8500000/45535504
    shell 26: pairs 7750000/45535504
    shell 25: pairs 8750000/45535504
    shell 25: pairs 9000000/45535504
    shell 26: pairs 8000000/45535504
    shell 25: pairs 9250000/45535504
    shell 26: pairs 8250000/45535504
    shell 25: pairs 9500000/45535504
    shell 26: pairs 8500000/45535504
    shell 25: pairs 9750000/45535504
    shell 26: pairs 8750000/45535504
    shell 25: pairs 10000000/45535504
    shell 26: pairs 9000000/45535504
    shell 25: pairs 10250000/45535504
    shell 25: pairs 10500000/45535504
    shell 26: pairs 9250000/45535504
    shell 25: pairs 10750000/45535504
    shell 26: pairs 9500000/45535504
    shell 25: pairs 11000000/45535504
    shell 26: pairs 9750000/45535504
    shell 25: pairs 11250000/45535504
    shell 26: pairs 10000000/45535504
    shell 25: pairs 11500000/45535504
    shell 25: pairs 11750000/45535504
    shell 26: pairs 10250000/45535504
    shell 25: pairs 12000000/45535504
    shell 26: pairs 10500000/45535504
    shell 25: pairs 12250000/45535504
    shell 26: pairs 10750000/45535504
    shell 25: pairs 12500000/45535504
    shell 26: pairs 11000000/45535504
    shell 25: pairs 12750000/45535504
    shell 26: pairs 11250000/45535504
    shell 25: pairs 13000000/45535504
    shell 26: pairs 11500000/45535504
    shell 25: pairs 13250000/45535504
    shell 25: pairs 13500000/45535504
    shell 26: pairs 11750000/45535504
    shell 25: pairs 13750000/45535504
    shell 26: pairs 12000000/45535504
    shell 25: pairs 14000000/45535504
    shell 26: pairs 12250000/45535504
    shell 25: pairs 14250000/45535504
    shell 26: pairs 12500000/45535504
    shell 25: pairs 14500000/45535504
    shell 26: pairs 12750000/45535504
    shell 25: pairs 14750000/45535504
    shell 25: pairs 15000000/45535504
    shell 26: pairs 13000000/45535504
    shell 25: pairs 15250000/45535504
    shell 26: pairs 13250000/45535504
    shell 25: pairs 15500000/45535504
    shell 26: pairs 13500000/45535504
    shell 25: pairs 15750000/45535504
    shell 25: pairs 16000000/45535504
    shell 26: pairs 13750000/45535504
    shell 25: pairs 16250000/45535504
    shell 26: pairs 14000000/45535504
    shell 25: pairs 16500000/45535504
    shell 26: pairs 14250000/45535504
    shell 25: pairs 16750000/45535504
    shell 25: pairs 17000000/45535504
    shell 26: pairs 14500000/45535504
    shell 25: pairs 17250000/45535504
    shell 26: pairs 14750000/45535504
    shell 25: pairs 17500000/45535504
    shell 26: pairs 15000000/45535504
    shell 25: pairs 17750000/45535504
    shell 26: pairs 15250000/45535504
    shell 25: pairs 18000000/45535504
    shell 26: pairs 15500000/45535504
    shell 25: pairs 18250000/45535504
    shell 26: pairs 15750000/45535504
    shell 25: pairs 18500000/45535504
    shell 26: pairs 16000000/45535504
    shell 25: pairs 18750000/45535504
    shell 25: pairs 19000000/45535504
    shell 26: pairs 16250000/45535504
    shell 26: pairs 16500000/45535504
    shell 25: pairs 19250000/45535504
    shell 25: pairs 19500000/45535504
    shell 26: pairs 16750000/45535504
    shell 25: pairs 19750000/45535504
    shell 26: pairs 17000000/45535504
    shell 25: pairs 20000000/45535504
    shell 25: pairs 20250000/45535504
    shell 26: pairs 17250000/45535504
    shell 25: pairs 20500000/45535504
    shell 26: pairs 17500000/45535504
    shell 25: pairs 20750000/45535504
    shell 25: pairs 21000000/45535504
    shell 26: pairs 17750000/45535504
    shell 26: pairs 18000000/45535504
    shell 25: pairs 21250000/45535504
    shell 25: pairs 21500000/45535504
    shell 26: pairs 18250000/45535504
    shell 25: pairs 21750000/45535504
    shell 26: pairs 18500000/45535504
    shell 25: pairs 22000000/45535504
    shell 25: pairs 22250000/45535504
    shell 26: pairs 18750000/45535504
    shell 25: pairs 22500000/45535504
    shell 26: pairs 19000000/45535504
    shell 25: pairs 22750000/45535504
    shell 26: pairs 19250000/45535504
    shell 25: pairs 23000000/45535504
    shell 26: pairs 19500000/45535504
    shell 25: pairs 23250000/45535504
    shell 26: pairs 19750000/45535504
    shell 25: pairs 23500000/45535504
    shell 26: pairs 20000000/45535504
    shell 25: pairs 23750000/45535504
    shell 25: pairs 24000000/45535504
    shell 26: pairs 20250000/45535504
    shell 25: pairs 24250000/45535504
    shell 26: pairs 20500000/45535504
    shell 25: pairs 24500000/45535504
    shell 26: pairs 20750000/45535504
    shell 25: pairs 24750000/45535504
    shell 25: pairs 25000000/45535504
    shell 26: pairs 21000000/45535504
    shell 25: pairs 25250000/45535504
    shell 25: pairs 25500000/45535504
    shell 26: pairs 21250000/45535504
    shell 25: pairs 25750000/45535504
    shell 26: pairs 21500000/45535504
    shell 25: pairs 26000000/45535504
    shell 25: pairs 26250000/45535504
    shell 26: pairs 21750000/45535504
    shell 25: pairs 26500000/45535504
    shell 26: pairs 22000000/45535504
    shell 25: pairs 26750000/45535504
    shell 25: pairs 27000000/45535504
    shell 26: pairs 22250000/45535504
    shell 25: pairs 27250000/45535504
    shell 26: pairs 22500000/45535504
    shell 25: pairs 27500000/45535504
    shell 26: pairs 22750000/45535504
    shell 25: pairs 27750000/45535504
    shell 25: pairs 28000000/45535504
    shell 26: pairs 23000000/45535504
    shell 25: pairs 28250000/45535504
    shell 26: pairs 23250000/45535504
    shell 25: pairs 28500000/45535504
    shell 26: pairs 23500000/45535504
    shell 25: pairs 28750000/45535504
    shell 25: pairs 29000000/45535504
    shell 26: pairs 23750000/45535504
    shell 25: pairs 29250000/45535504
    shell 26: pairs 24000000/45535504
    shell 25: pairs 29500000/45535504
    shell 26: pairs 24250000/45535504
    shell 25: pairs 29750000/45535504
    shell 26: pairs 24500000/45535504
    shell 25: pairs 30000000/45535504
    shell 25: pairs 30250000/45535504
    shell 26: pairs 24750000/45535504
    shell 25: pairs 30500000/45535504
    shell 26: pairs 25000000/45535504
    shell 25: pairs 30750000/45535504
    shell 26: pairs 25250000/45535504
    shell 25: pairs 31000000/45535504
    shell 26: pairs 25500000/45535504
    shell 25: pairs 31250000/45535504
    shell 26: pairs 25750000/45535504
    shell 25: pairs 31500000/45535504
    shell 26: pairs 26000000/45535504
    shell 25: pairs 31750000/45535504
    shell 26: pairs 26250000/45535504
    shell 25: pairs 32000000/45535504
    shell 26: pairs 26500000/45535504
    shell 25: pairs 32250000/45535504
    shell 26: pairs 26750000/45535504
    shell 25: pairs 32500000/45535504
    shell 26: pairs 27000000/45535504
    shell 25: pairs 32750000/45535504
    shell 25: pairs 33000000/45535504
    shell 26: pairs 27250000/45535504
    shell 25: pairs 33250000/45535504
    shell 26: pairs 27500000/45535504
    shell 25: pairs 33500000/45535504
    shell 25: pairs 33750000/45535504
    shell 26: pairs 27750000/45535504
    shell 25: pairs 34000000/45535504
    shell 26: pairs 28000000/45535504
    shell 25: pairs 34250000/45535504
    shell 25: pairs 34500000/45535504
    shell 26: pairs 28250000/45535504
    shell 25: pairs 34750000/45535504
    shell 25: pairs 35000000/45535504
    shell 26: pairs 28500000/45535504
    shell 25: pairs 35250000/45535504
    shell 25: pairs 35500000/45535504
    shell 26: pairs 28750000/45535504
    shell 26: pairs 29000000/45535504
    shell 25: pairs 35750000/45535504
    shell 25: pairs 36000000/45535504
    shell 25: pairs 36250000/45535504
    shell 26: pairs 29250000/45535504
    shell 25: pairs 36500000/45535504
    shell 26: pairs 29500000/45535504
    shell 25: pairs 36750000/45535504
    shell 25: pairs 37000000/45535504
    shell 26: pairs 29750000/45535504
    shell 25: pairs 37250000/45535504
    shell 26: pairs 30000000/45535504
    shell 25: pairs 37500000/45535504
    shell 26: pairs 30250000/45535504
    shell 25: pairs 37750000/45535504
    shell 25: pairs 38000000/45535504
    shell 26: pairs 30500000/45535504
    shell 25: pairs 38250000/45535504
    shell 25: pairs 38500000/45535504
    shell 26: pairs 30750000/45535504
    shell 25: pairs 38750000/45535504
    shell 26: pairs 31000000/45535504
    shell 25: pairs 39000000/45535504
    shell 25: pairs 39250000/45535504
    shell 26: pairs 31250000/45535504
    shell 25: pairs 39500000/45535504
    shell 25: pairs 39750000/45535504
    shell 26: pairs 31500000/45535504
    shell 25: pairs 40000000/45535504
    shell 25: pairs 40250000/45535504
    shell 26: pairs 31750000/45535504
    shell 25: pairs 40500000/45535504
    shell 26: pairs 32000000/45535504
    shell 25: pairs 40750000/45535504
    shell 25: pairs 41000000/45535504
    shell 26: pairs 32250000/45535504
    shell 25: pairs 41250000/45535504
    shell 25: pairs 41500000/45535504
    shell 26: pairs 32500000/45535504
    shell 25: pairs 41750000/45535504
    shell 25: pairs 42000000/45535504
    shell 26: pairs 32750000/45535504
    shell 25: pairs 42250000/45535504
    shell 26: pairs 33000000/45535504
    shell 25: pairs 42500000/45535504
    shell 25: pairs 42750000/45535504
    shell 25: pairs 43000000/45535504
    shell 26: pairs 33250000/45535504
    shell 25: pairs 43250000/45535504
    shell 26: pairs 33500000/45535504
    shell 25: pairs 43500000/45535504
    shell 26: pairs 33750000/45535504
    shell 25: pairs 43750000/45535504
    shell 25: pairs 44000000/45535504
    shell 26: pairs 34000000/45535504
    shell 25: pairs 44250000/45535504
    shell 25: pairs 44500000/45535504
    shell 25: pairs 44750000/45535504
    shell 26: pairs 34250000/45535504
    shell 25: pairs 45000000/45535504
    shell 26: pairs 34500000/45535504
    shell 25: pairs 45250000/45535504
    shell 25: pairs 45500000/45535504
    shell 26: pairs 34750000/45535504
  shell 25 one_inf C_term_hi=93.35354629235779223565883403335792663295 [22/87]
    shell 26: pairs 35000000/45535504
    shell 26: pairs 35250000/45535504
    shell 26: pairs 35500000/45535504
    shell 26: pairs 35750000/45535504
    shell 26: pairs 36000000/45535504
    shell 26: pairs 36250000/45535504
    shell 26: pairs 36500000/45535504
    shell 26: pairs 36750000/45535504
    shell 26: pairs 37000000/45535504
    shell 26: pairs 37250000/45535504
    shell 26: pairs 37500000/45535504
    shell 26: pairs 37750000/45535504
    shell 26: pairs 38000000/45535504
    shell 26: pairs 38250000/45535504
    shell 26: pairs 38500000/45535504
    shell 26: pairs 38750000/45535504
    shell 26: pairs 39000000/45535504
    shell 26: pairs 39250000/45535504
    shell 26: pairs 39500000/45535504
    shell 26: pairs 39750000/45535504
    shell 26: pairs 40000000/45535504
    shell 26: pairs 40250000/45535504
    shell 26: pairs 40500000/45535504
    shell 26: pairs 40750000/45535504
    shell 26: pairs 41000000/45535504
    shell 26: pairs 41250000/45535504
    shell 26: pairs 41500000/45535504
    shell 26: pairs 41750000/45535504
    shell 26: pairs 42000000/45535504
    shell 26: pairs 42250000/45535504
    shell 26: pairs 42500000/45535504
    shell 26: pairs 42750000/45535504
    shell 26: pairs 43000000/45535504
    shell 26: pairs 43250000/45535504
    shell 26: pairs 43500000/45535504
    shell 26: pairs 43750000/45535504
    shell 26: pairs 44000000/45535504
    shell 26: pairs 44250000/45535504
    shell 26: pairs 44500000/45535504
    shell 26: pairs 44750000/45535504
    shell 26: pairs 45000000/45535504
    shell 26: pairs 45250000/45535504
    shell 26: pairs 45500000/45535504
  shell 26 one_inf C_term_hi=108.8282487002610230756706075247578946301 [23/87]
    shell 27: pairs 250000/45535504
    shell 29: pairs 250000/45535504
    shell 27: pairs 500000/45535504
    shell 29: pairs 500000/45535504
    shell 27: pairs 750000/45535504
    shell 29: pairs 750000/45535504
    shell 27: pairs 1000000/45535504
    shell 29: pairs 1000000/45535504
    shell 27: pairs 1250000/45535504
    shell 29: pairs 1250000/45535504
    shell 27: pairs 1500000/45535504
    shell 29: pairs 1500000/45535504
    shell 27: pairs 1750000/45535504
    shell 29: pairs 1750000/45535504
    shell 27: pairs 2000000/45535504
    shell 29: pairs 2000000/45535504
    shell 27: pairs 2250000/45535504
    shell 29: pairs 2250000/45535504
    shell 27: pairs 2500000/45535504
    shell 29: pairs 2500000/45535504
    shell 27: pairs 2750000/45535504
    shell 29: pairs 2750000/45535504
    shell 27: pairs 3000000/45535504
    shell 29: pairs 3000000/45535504
    shell 27: pairs 3250000/45535504
    shell 27: pairs 3500000/45535504
    shell 29: pairs 3250000/45535504
    shell 27: pairs 3750000/45535504
    shell 29: pairs 3500000/45535504
    shell 27: pairs 4000000/45535504
    shell 29: pairs 3750000/45535504
    shell 27: pairs 4250000/45535504
    shell 29: pairs 4000000/45535504
    shell 27: pairs 4500000/45535504
    shell 29: pairs 4250000/45535504
    shell 27: pairs 4750000/45535504
    shell 29: pairs 4500000/45535504
    shell 27: pairs 5000000/45535504
    shell 29: pairs 4750000/45535504
    shell 27: pairs 5250000/45535504
    shell 29: pairs 5000000/45535504
    shell 27: pairs 5500000/45535504
    shell 29: pairs 5250000/45535504
    shell 27: pairs 5750000/45535504
    shell 27: pairs 6000000/45535504
    shell 29: pairs 5500000/45535504
    shell 27: pairs 6250000/45535504
    shell 29: pairs 5750000/45535504
    shell 27: pairs 6500000/45535504
    shell 29: pairs 6000000/45535504
    shell 27: pairs 6750000/45535504
    shell 29: pairs 6250000/45535504
    shell 27: pairs 7000000/45535504
    shell 29: pairs 6500000/45535504
    shell 27: pairs 7250000/45535504
    shell 29: pairs 6750000/45535504
    shell 27: pairs 7500000/45535504
    shell 29: pairs 7000000/45535504
    shell 27: pairs 7750000/45535504
    shell 27: pairs 8000000/45535504
    shell 29: pairs 7250000/45535504
    shell 27: pairs 8250000/45535504
    shell 29: pairs 7500000/45535504
    shell 27: pairs 8500000/45535504
    shell 29: pairs 7750000/45535504
    shell 27: pairs 8750000/45535504
    shell 29: pairs 8000000/45535504
    shell 27: pairs 9000000/45535504
    shell 29: pairs 8250000/45535504
    shell 27: pairs 9250000/45535504
    shell 27: pairs 9500000/45535504
    shell 29: pairs 8500000/45535504
    shell 27: pairs 9750000/45535504
    shell 29: pairs 8750000/45535504
    shell 27: pairs 10000000/45535504
    shell 29: pairs 9000000/45535504
    shell 27: pairs 10250000/45535504
    shell 29: pairs 9250000/45535504
    shell 27: pairs 10500000/45535504
    shell 29: pairs 9500000/45535504
    shell 27: pairs 10750000/45535504
    shell 29: pairs 9750000/45535504
    shell 27: pairs 11000000/45535504
    shell 29: pairs 10000000/45535504
    shell 27: pairs 11250000/45535504
    shell 27: pairs 11500000/45535504
    shell 29: pairs 10250000/45535504
    shell 27: pairs 11750000/45535504
    shell 29: pairs 10500000/45535504
    shell 27: pairs 12000000/45535504
    shell 29: pairs 10750000/45535504
    shell 27: pairs 12250000/45535504
    shell 29: pairs 11000000/45535504
    shell 27: pairs 12500000/45535504
    shell 29: pairs 11250000/45535504
    shell 27: pairs 12750000/45535504
    shell 29: pairs 11500000/45535504
    shell 27: pairs 13000000/45535504
    shell 27: pairs 13250000/45535504
    shell 29: pairs 11750000/45535504
    shell 27: pairs 13500000/45535504
    shell 29: pairs 12000000/45535504
    shell 27: pairs 13750000/45535504
    shell 29: pairs 12250000/45535504
    shell 27: pairs 14000000/45535504
    shell 29: pairs 12500000/45535504
    shell 27: pairs 14250000/45535504
    shell 29: pairs 12750000/45535504
    shell 27: pairs 14500000/45535504
    shell 29: pairs 13000000/45535504
    shell 27: pairs 14750000/45535504
    shell 27: pairs 15000000/45535504
    shell 29: pairs 13250000/45535504
    shell 27: pairs 15250000/45535504
    shell 29: pairs 13500000/45535504
    shell 27: pairs 15500000/45535504
    shell 29: pairs 13750000/45535504
    shell 27: pairs 15750000/45535504
    shell 27: pairs 16000000/45535504
    shell 29: pairs 14000000/45535504
    shell 27: pairs 16250000/45535504
    shell 29: pairs 14250000/45535504
    shell 27: pairs 16500000/45535504
    shell 29: pairs 14500000/45535504
    shell 27: pairs 16750000/45535504
    shell 27: pairs 17000000/45535504
    shell 29: pairs 14750000/45535504
    shell 29: pairs 15000000/45535504
    shell 27: pairs 17250000/45535504
    shell 27: pairs 17500000/45535504
    shell 29: pairs 15250000/45535504
    shell 29: pairs 15500000/45535504
    shell 27: pairs 17750000/45535504
    shell 29: pairs 15750000/45535504
    shell 27: pairs 18000000/45535504
    shell 29: pairs 16000000/45535504
    shell 27: pairs 18250000/45535504
    shell 27: pairs 18500000/45535504
    shell 29: pairs 16250000/45535504
    shell 29: pairs 16500000/45535504
    shell 27: pairs 18750000/45535504
    shell 27: pairs 19000000/45535504
    shell 29: pairs 16750000/45535504
    shell 27: pairs 19250000/45535504
    shell 29: pairs 17000000/45535504
    shell 27: pairs 19500000/45535504
    shell 27: pairs 19750000/45535504
    shell 29: pairs 17250000/45535504
    shell 27: pairs 20000000/45535504
    shell 29: pairs 17500000/45535504
    shell 27: pairs 20250000/45535504
    shell 29: pairs 17750000/45535504
    shell 27: pairs 20500000/45535504
    shell 29: pairs 18000000/45535504
    shell 27: pairs 20750000/45535504
    shell 27: pairs 21000000/45535504
    shell 29: pairs 18250000/45535504
    shell 27: pairs 21250000/45535504
    shell 29: pairs 18500000/45535504
    shell 27: pairs 21500000/45535504
    shell 29: pairs 18750000/45535504
    shell 27: pairs 21750000/45535504
    shell 29: pairs 19000000/45535504
    shell 27: pairs 22000000/45535504
    shell 27: pairs 22250000/45535504
    shell 29: pairs 19250000/45535504
    shell 27: pairs 22500000/45535504
    shell 29: pairs 19500000/45535504
    shell 27: pairs 22750000/45535504
    shell 29: pairs 19750000/45535504
    shell 27: pairs 23000000/45535504
    shell 29: pairs 20000000/45535504
    shell 27: pairs 23250000/45535504
    shell 29: pairs 20250000/45535504
    shell 27: pairs 23500000/45535504
    shell 29: pairs 20500000/45535504
    shell 27: pairs 23750000/45535504
    shell 29: pairs 20750000/45535504
    shell 27: pairs 24000000/45535504
    shell 29: pairs 21000000/45535504
    shell 27: pairs 24250000/45535504
    shell 27: pairs 24500000/45535504
    shell 29: pairs 21250000/45535504
    shell 27: pairs 24750000/45535504
    shell 29: pairs 21500000/45535504
    shell 27: pairs 25000000/45535504
    shell 27: pairs 25250000/45535504
    shell 29: pairs 21750000/45535504
    shell 27: pairs 25500000/45535504
    shell 29: pairs 22000000/45535504
    shell 27: pairs 25750000/45535504
    shell 27: pairs 26000000/45535504
    shell 29: pairs 22250000/45535504
    shell 27: pairs 26250000/45535504
    shell 27: pairs 26500000/45535504
    shell 29: pairs 22500000/45535504
    shell 27: pairs 26750000/45535504
    shell 29: pairs 22750000/45535504
    shell 27: pairs 27000000/45535504
    shell 29: pairs 23000000/45535504
    shell 27: pairs 27250000/45535504
    shell 27: pairs 27500000/45535504
    shell 29: pairs 23250000/45535504
    shell 27: pairs 27750000/45535504
    shell 29: pairs 23500000/45535504
    shell 27: pairs 28000000/45535504
    shell 29: pairs 23750000/45535504
    shell 27: pairs 28250000/45535504
    shell 29: pairs 24000000/45535504
    shell 27: pairs 28500000/45535504
    shell 27: pairs 28750000/45535504
    shell 29: pairs 24250000/45535504
    shell 27: pairs 29000000/45535504
    shell 29: pairs 24500000/45535504
    shell 27: pairs 29250000/45535504
    shell 29: pairs 24750000/45535504
    shell 27: pairs 29500000/45535504
    shell 29: pairs 25000000/45535504
    shell 27: pairs 29750000/45535504
    shell 29: pairs 25250000/45535504
    shell 27: pairs 30000000/45535504
    shell 29: pairs 25500000/45535504
    shell 27: pairs 30250000/45535504
    shell 29: pairs 25750000/45535504
    shell 27: pairs 30500000/45535504
    shell 29: pairs 26000000/45535504
    shell 27: pairs 30750000/45535504
    shell 29: pairs 26250000/45535504
    shell 27: pairs 31000000/45535504
    shell 29: pairs 26500000/45535504
    shell 27: pairs 31250000/45535504
    shell 27: pairs 31500000/45535504
    shell 29: pairs 26750000/45535504
    shell 29: pairs 27000000/45535504
    shell 27: pairs 31750000/45535504
    shell 27: pairs 32000000/45535504
    shell 29: pairs 27250000/45535504
    shell 27: pairs 32250000/45535504
    shell 29: pairs 27500000/45535504
    shell 27: pairs 32500000/45535504
    shell 27: pairs 32750000/45535504
    shell 29: pairs 27750000/45535504
    shell 27: pairs 33000000/45535504
    shell 29: pairs 28000000/45535504
    shell 27: pairs 33250000/45535504
    shell 27: pairs 33500000/45535504
    shell 29: pairs 28250000/45535504
    shell 27: pairs 33750000/45535504
    shell 29: pairs 28500000/45535504
    shell 27: pairs 34000000/45535504
    shell 27: pairs 34250000/45535504
    shell 29: pairs 28750000/45535504
    shell 27: pairs 34500000/45535504
    shell 29: pairs 29000000/45535504
    shell 27: pairs 34750000/45535504
    shell 27: pairs 35000000/45535504
    shell 29: pairs 29250000/45535504
    shell 27: pairs 35250000/45535504
    shell 29: pairs 29500000/45535504
    shell 27: pairs 35500000/45535504
    shell 27: pairs 35750000/45535504
    shell 29: pairs 29750000/45535504
    shell 27: pairs 36000000/45535504
    shell 29: pairs 30000000/45535504
    shell 27: pairs 36250000/45535504
    shell 29: pairs 30250000/45535504
    shell 27: pairs 36500000/45535504
    shell 29: pairs 30500000/45535504
    shell 27: pairs 36750000/45535504
    shell 27: pairs 37000000/45535504
    shell 29: pairs 30750000/45535504
    shell 27: pairs 37250000/45535504
    shell 29: pairs 31000000/45535504
    shell 27: pairs 37500000/45535504
    shell 27: pairs 37750000/45535504
    shell 27: pairs 38000000/45535504
    shell 29: pairs 31250000/45535504
    shell 27: pairs 38250000/45535504
    shell 29: pairs 31500000/45535504
    shell 27: pairs 38500000/45535504
    shell 27: pairs 38750000/45535504
    shell 29: pairs 31750000/45535504
    shell 27: pairs 39000000/45535504
    shell 29: pairs 32000000/45535504
    shell 27: pairs 39250000/45535504
    shell 27: pairs 39500000/45535504
    shell 27: pairs 39750000/45535504
    shell 29: pairs 32250000/45535504
    shell 27: pairs 40000000/45535504
    shell 29: pairs 32500000/45535504
    shell 27: pairs 40250000/45535504
    shell 27: pairs 40500000/45535504
    shell 29: pairs 32750000/45535504
    shell 27: pairs 40750000/45535504
    shell 29: pairs 33000000/45535504
    shell 27: pairs 41000000/45535504
    shell 27: pairs 41250000/45535504
    shell 29: pairs 33250000/45535504
    shell 27: pairs 41500000/45535504
    shell 29: pairs 33500000/45535504
    shell 27: pairs 41750000/45535504
    shell 29: pairs 33750000/45535504
    shell 27: pairs 42000000/45535504
    shell 27: pairs 42250000/45535504
    shell 29: pairs 34000000/45535504
    shell 27: pairs 42500000/45535504
    shell 27: pairs 42750000/45535504
    shell 27: pairs 43000000/45535504
    shell 29: pairs 34250000/45535504
    shell 29: pairs 34500000/45535504
    shell 27: pairs 43250000/45535504
    shell 27: pairs 43500000/45535504
    shell 29: pairs 34750000/45535504
    shell 27: pairs 43750000/45535504
    shell 29: pairs 35000000/45535504
    shell 27: pairs 44000000/45535504
    shell 27: pairs 44250000/45535504
    shell 27: pairs 44500000/45535504
    shell 27: pairs 44750000/45535504
    shell 29: pairs 35250000/45535504
    shell 27: pairs 45000000/45535504
    shell 29: pairs 35500000/45535504
    shell 27: pairs 45250000/45535504
    shell 27: pairs 45500000/45535504
  shell 27 one_inf C_term_hi=103.7238317845348221118327082559699563756 [24/87]
    shell 29: pairs 35750000/45535504
    shell 29: pairs 36000000/45535504
    shell 29: pairs 36250000/45535504
    shell 29: pairs 36500000/45535504
    shell 29: pairs 36750000/45535504
    shell 29: pairs 37000000/45535504
    shell 29: pairs 37250000/45535504
    shell 29: pairs 37500000/45535504
    shell 29: pairs 37750000/45535504
    shell 29: pairs 38000000/45535504
    shell 29: pairs 38250000/45535504
    shell 29: pairs 38500000/45535504
    shell 29: pairs 38750000/45535504
    shell 29: pairs 39000000/45535504
    shell 29: pairs 39250000/45535504
    shell 29: pairs 39500000/45535504
    shell 29: pairs 39750000/45535504
    shell 29: pairs 40000000/45535504
    shell 29: pairs 40250000/45535504
    shell 29: pairs 40500000/45535504
    shell 29: pairs 40750000/45535504
    shell 29: pairs 41000000/45535504
    shell 29: pairs 41250000/45535504
    shell 29: pairs 41500000/45535504
    shell 29: pairs 41750000/45535504
    shell 29: pairs 42000000/45535504
    shell 29: pairs 42250000/45535504
    shell 29: pairs 42500000/45535504
    shell 29: pairs 42750000/45535504
    shell 29: pairs 43000000/45535504
    shell 29: pairs 43250000/45535504
    shell 29: pairs 43500000/45535504
    shell 29: pairs 43750000/45535504
    shell 29: pairs 44000000/45535504
    shell 29: pairs 44250000/45535504
    shell 29: pairs 44500000/45535504
    shell 29: pairs 44750000/45535504
    shell 29: pairs 45000000/45535504
    shell 29: pairs 45250000/45535504
    shell 29: pairs 45500000/45535504
  shell 29 one_inf C_term_hi=108.8286640322356778344904323018154203559 [25/87]
    shell 32: pairs 250000/45535504
    shell 30: pairs 250000/45535504
    shell 32: pairs 500000/45535504
    shell 30: pairs 500000/45535504
    shell 32: pairs 750000/45535504
    shell 30: pairs 750000/45535504
    shell 32: pairs 1000000/45535504
    shell 30: pairs 1000000/45535504
    shell 32: pairs 1250000/45535504
    shell 30: pairs 1250000/45535504
    shell 32: pairs 1500000/45535504
    shell 30: pairs 1500000/45535504
    shell 32: pairs 1750000/45535504
    shell 30: pairs 1750000/45535504
    shell 32: pairs 2000000/45535504
    shell 30: pairs 2000000/45535504
    shell 32: pairs 2250000/45535504
    shell 30: pairs 2250000/45535504
    shell 32: pairs 2500000/45535504
    shell 30: pairs 2500000/45535504
    shell 32: pairs 2750000/45535504
    shell 30: pairs 2750000/45535504
    shell 32: pairs 3000000/45535504
    shell 32: pairs 3250000/45535504
    shell 30: pairs 3000000/45535504
    shell 32: pairs 3500000/45535504
    shell 30: pairs 3250000/45535504
    shell 32: pairs 3750000/45535504
    shell 30: pairs 3500000/45535504
    shell 32: pairs 4000000/45535504
    shell 30: pairs 3750000/45535504
    shell 32: pairs 4250000/45535504
    shell 30: pairs 4000000/45535504
    shell 32: pairs 4500000/45535504
    shell 30: pairs 4250000/45535504
    shell 32: pairs 4750000/45535504
    shell 30: pairs 4500000/45535504
    shell 32: pairs 5000000/45535504
    shell 30: pairs 4750000/45535504
    shell 32: pairs 5250000/45535504
    shell 30: pairs 5000000/45535504
    shell 32: pairs 5500000/45535504
    shell 32: pairs 5750000/45535504
    shell 30: pairs 5250000/45535504
    shell 32: pairs 6000000/45535504
    shell 30: pairs 5500000/45535504
    shell 32: pairs 6250000/45535504
    shell 30: pairs 5750000/45535504
    shell 32: pairs 6500000/45535504
    shell 30: pairs 6000000/45535504
    shell 32: pairs 6750000/45535504
    shell 30: pairs 6250000/45535504
    shell 32: pairs 7000000/45535504
    shell 30: pairs 6500000/45535504
    shell 32: pairs 7250000/45535504
    shell 32: pairs 7500000/45535504
    shell 30: pairs 6750000/45535504
    shell 32: pairs 7750000/45535504
    shell 30: pairs 7000000/45535504
    shell 32: pairs 8000000/45535504
    shell 30: pairs 7250000/45535504
    shell 32: pairs 8250000/45535504
    shell 30: pairs 7500000/45535504
    shell 32: pairs 8500000/45535504
    shell 30: pairs 7750000/45535504
    shell 32: pairs 8750000/45535504
    shell 32: pairs 9000000/45535504
    shell 30: pairs 8000000/45535504
    shell 32: pairs 9250000/45535504
    shell 30: pairs 8250000/45535504
    shell 32: pairs 9500000/45535504
    shell 30: pairs 8500000/45535504
    shell 32: pairs 9750000/45535504
    shell 30: pairs 8750000/45535504
    shell 32: pairs 10000000/45535504
    shell 30: pairs 9000000/45535504
    shell 32: pairs 10250000/45535504
    shell 30: pairs 9250000/45535504
    shell 32: pairs 10500000/45535504
    shell 32: pairs 10750000/45535504
    shell 30: pairs 9500000/45535504
    shell 32: pairs 11000000/45535504
    shell 30: pairs 9750000/45535504
    shell 32: pairs 11250000/45535504
    shell 30: pairs 10000000/45535504
    shell 32: pairs 11500000/45535504
    shell 32: pairs 11750000/45535504
    shell 30: pairs 10250000/45535504
    shell 32: pairs 12000000/45535504
    shell 30: pairs 10500000/45535504
    shell 32: pairs 12250000/45535504
    shell 30: pairs 10750000/45535504
    shell 32: pairs 12500000/45535504
    shell 30: pairs 11000000/45535504
    shell 32: pairs 12750000/45535504
    shell 30: pairs 11250000/45535504
    shell 32: pairs 13000000/45535504
    shell 30: pairs 11500000/45535504
    shell 32: pairs 13250000/45535504
    shell 32: pairs 13500000/45535504
    shell 30: pairs 11750000/45535504
    shell 32: pairs 13750000/45535504
    shell 30: pairs 12000000/45535504
    shell 32: pairs 14000000/45535504
    shell 30: pairs 12250000/45535504
    shell 32: pairs 14250000/45535504
    shell 30: pairs 12500000/45535504
    shell 32: pairs 14500000/45535504
    shell 32: pairs 14750000/45535504
    shell 30: pairs 12750000/45535504
    shell 32: pairs 15000000/45535504
    shell 30: pairs 13000000/45535504
    shell 32: pairs 15250000/45535504
    shell 30: pairs 13250000/45535504
    shell 32: pairs 15500000/45535504
    shell 30: pairs 13500000/45535504
    shell 32: pairs 15750000/45535504
    shell 32: pairs 16000000/45535504
    shell 30: pairs 13750000/45535504
    shell 32: pairs 16250000/45535504
    shell 30: pairs 14000000/45535504
    shell 32: pairs 16500000/45535504
    shell 32: pairs 16750000/45535504
    shell 30: pairs 14250000/45535504
    shell 32: pairs 17000000/45535504
    shell 30: pairs 14500000/45535504
    shell 32: pairs 17250000/45535504
    shell 30: pairs 14750000/45535504
    shell 32: pairs 17500000/45535504
    shell 30: pairs 15000000/45535504
    shell 32: pairs 17750000/45535504
    shell 30: pairs 15250000/45535504
    shell 32: pairs 18000000/45535504
    shell 32: pairs 18250000/45535504
    shell 30: pairs 15500000/45535504
    shell 32: pairs 18500000/45535504
    shell 30: pairs 15750000/45535504
    shell 32: pairs 18750000/45535504
    shell 30: pairs 16000000/45535504
    shell 32: pairs 19000000/45535504
    shell 30: pairs 16250000/45535504
    shell 32: pairs 19250000/45535504
    shell 30: pairs 16500000/45535504
    shell 32: pairs 19500000/45535504
    shell 32: pairs 19750000/45535504
    shell 30: pairs 16750000/45535504
    shell 32: pairs 20000000/45535504
    shell 30: pairs 17000000/45535504
    shell 32: pairs 20250000/45535504
    shell 32: pairs 20500000/45535504
    shell 30: pairs 17250000/45535504
    shell 32: pairs 20750000/45535504
    shell 30: pairs 17500000/45535504
    shell 32: pairs 21000000/45535504
    shell 30: pairs 17750000/45535504
    shell 32: pairs 21250000/45535504
    shell 30: pairs 18000000/45535504
    shell 32: pairs 21500000/45535504
    shell 32: pairs 21750000/45535504
    shell 30: pairs 18250000/45535504
    shell 32: pairs 22000000/45535504
    shell 30: pairs 18500000/45535504
    shell 32: pairs 22250000/45535504
    shell 30: pairs 18750000/45535504
    shell 32: pairs 22500000/45535504
    shell 30: pairs 19000000/45535504
    shell 32: pairs 22750000/45535504
    shell 32: pairs 23000000/45535504
    shell 30: pairs 19250000/45535504
    shell 32: pairs 23250000/45535504
    shell 30: pairs 19500000/45535504
    shell 32: pairs 23500000/45535504
    shell 30: pairs 19750000/45535504
    shell 32: pairs 23750000/45535504
    shell 30: pairs 20000000/45535504
    shell 32: pairs 24000000/45535504
    shell 32: pairs 24250000/45535504
    shell 30: pairs 20250000/45535504
    shell 32: pairs 24500000/45535504
    shell 30: pairs 20500000/45535504
    shell 32: pairs 24750000/45535504
    shell 30: pairs 20750000/45535504
    shell 32: pairs 25000000/45535504
    shell 30: pairs 21000000/45535504
    shell 32: pairs 25250000/45535504
    shell 32: pairs 25500000/45535504
    shell 30: pairs 21250000/45535504
    shell 32: pairs 25750000/45535504
    shell 30: pairs 21500000/45535504
    shell 32: pairs 26000000/45535504
    shell 32: pairs 26250000/45535504
    shell 30: pairs 21750000/45535504
    shell 32: pairs 26500000/45535504
    shell 30: pairs 22000000/45535504
    shell 32: pairs 26750000/45535504
    shell 32: pairs 27000000/45535504
    shell 30: pairs 22250000/45535504
    shell 32: pairs 27250000/45535504
    shell 30: pairs 22500000/45535504
    shell 32: pairs 27500000/45535504
    shell 32: pairs 27750000/45535504
    shell 30: pairs 22750000/45535504
    shell 32: pairs 28000000/45535504
    shell 30: pairs 23000000/45535504
    shell 32: pairs 28250000/45535504
    shell 30: pairs 23250000/45535504
    shell 32: pairs 28500000/45535504
    shell 32: pairs 28750000/45535504
    shell 30: pairs 23500000/45535504
    shell 32: pairs 29000000/45535504
    shell 30: pairs 23750000/45535504
    shell 32: pairs 29250000/45535504
    shell 30: pairs 24000000/45535504
    shell 32: pairs 29500000/45535504
    shell 32: pairs 29750000/45535504
    shell 30: pairs 24250000/45535504
    shell 32: pairs 30000000/45535504
    shell 30: pairs 24500000/45535504
    shell 32: pairs 30250000/45535504
    shell 30: pairs 24750000/45535504
    shell 32: pairs 30500000/45535504
    shell 32: pairs 30750000/45535504
    shell 30: pairs 25000000/45535504
    shell 32: pairs 31000000/45535504
    shell 30: pairs 25250000/45535504
    shell 32: pairs 31250000/45535504
    shell 30: pairs 25500000/45535504
    shell 32: pairs 31500000/45535504
    shell 30: pairs 25750000/45535504
    shell 32: pairs 31750000/45535504
    shell 30: pairs 26000000/45535504
    shell 32: pairs 32000000/45535504
    shell 30: pairs 26250000/45535504
    shell 32: pairs 32250000/45535504
    shell 30: pairs 26500000/45535504
    shell 32: pairs 32500000/45535504
    shell 32: pairs 32750000/45535504
    shell 30: pairs 26750000/45535504
    shell 32: pairs 33000000/45535504
    shell 30: pairs 27000000/45535504
    shell 32: pairs 33250000/45535504
    shell 32: pairs 33500000/45535504
    shell 30: pairs 27250000/45535504
    shell 32: pairs 33750000/45535504
    shell 32: pairs 34000000/45535504
    shell 30: pairs 27500000/45535504
    shell 32: pairs 34250000/45535504
    shell 30: pairs 27750000/45535504
    shell 32: pairs 34500000/45535504
    shell 32: pairs 34750000/45535504
    shell 30: pairs 28000000/45535504
    shell 32: pairs 35000000/45535504
    shell 32: pairs 35250000/45535504
    shell 30: pairs 28250000/45535504
    shell 32: pairs 35500000/45535504
    shell 30: pairs 28500000/45535504
    shell 32: pairs 35750000/45535504
    shell 32: pairs 36000000/45535504
    shell 30: pairs 28750000/45535504
    shell 32: pairs 36250000/45535504
    shell 30: pairs 29000000/45535504
    shell 32: pairs 36500000/45535504
    shell 32: pairs 36750000/45535504
    shell 30: pairs 29250000/45535504
    shell 32: pairs 37000000/45535504
    shell 32: pairs 37250000/45535504
    shell 30: pairs 29500000/45535504
    shell 32: pairs 37500000/45535504
    shell 32: pairs 37750000/45535504
    shell 30: pairs 29750000/45535504
    shell 32: pairs 38000000/45535504
    shell 30: pairs 30000000/45535504
    shell 32: pairs 38250000/45535504
    shell 30: pairs 30250000/45535504
    shell 32: pairs 38500000/45535504
    shell 30: pairs 30500000/45535504
    shell 32: pairs 38750000/45535504
    shell 32: pairs 39000000/45535504
    shell 32: pairs 39250000/45535504
    shell 30: pairs 30750000/45535504
    shell 32: pairs 39500000/45535504
    shell 30: pairs 31000000/45535504
    shell 32: pairs 39750000/45535504
    shell 32: pairs 40000000/45535504
    shell 30: pairs 31250000/45535504
    shell 32: pairs 40250000/45535504
    shell 30: pairs 31500000/45535504
    shell 32: pairs 40500000/45535504
    shell 32: pairs 40750000/45535504
    shell 30: pairs 31750000/45535504
    shell 32: pairs 41000000/45535504
    shell 32: pairs 41250000/45535504
    shell 30: pairs 32000000/45535504
    shell 32: pairs 41500000/45535504
    shell 32: pairs 41750000/45535504
    shell 30: pairs 32250000/45535504
    shell 32: pairs 42000000/45535504
    shell 30: pairs 32500000/45535504
    shell 32: pairs 42250000/45535504
    shell 32: pairs 42500000/45535504
    shell 32: pairs 42750000/45535504
    shell 30: pairs 32750000/45535504
    shell 32: pairs 43000000/45535504
    shell 30: pairs 33000000/45535504
    shell 32: pairs 43250000/45535504
    shell 32: pairs 43500000/45535504
    shell 32: pairs 43750000/45535504
    shell 30: pairs 33250000/45535504
    shell 32: pairs 44000000/45535504
    shell 32: pairs 44250000/45535504
    shell 30: pairs 33500000/45535504
    shell 32: pairs 44500000/45535504
    shell 30: pairs 33750000/45535504
    shell 32: pairs 44750000/45535504
    shell 32: pairs 45000000/45535504
    shell 30: pairs 34000000/45535504
    shell 32: pairs 45250000/45535504
    shell 32: pairs 45500000/45535504
  shell 32 one_inf C_term_hi=98.31119658273700629186503265299511394919 [26/87]
    shell 30: pairs 34250000/45535504
    shell 30: pairs 34500000/45535504
    shell 30: pairs 34750000/45535504
    shell 30: pairs 35000000/45535504
    shell 30: pairs 35250000/45535504
    shell 30: pairs 35500000/45535504
    shell 30: pairs 35750000/45535504
    shell 30: pairs 36000000/45535504
    shell 30: pairs 36250000/45535504
    shell 30: pairs 36500000/45535504
    shell 30: pairs 36750000/45535504
    shell 30: pairs 37000000/45535504
    shell 30: pairs 37250000/45535504
    shell 30: pairs 37500000/45535504
    shell 30: pairs 37750000/45535504
    shell 30: pairs 38000000/45535504
    shell 30: pairs 38250000/45535504
    shell 30: pairs 38500000/45535504
    shell 30: pairs 38750000/45535504
    shell 30: pairs 39000000/45535504
    shell 30: pairs 39250000/45535504
    shell 30: pairs 39500000/45535504
    shell 30: pairs 39750000/45535504
    shell 30: pairs 40000000/45535504
    shell 30: pairs 40250000/45535504
    shell 30: pairs 40500000/45535504
    shell 30: pairs 40750000/45535504
    shell 30: pairs 41000000/45535504
    shell 30: pairs 41250000/45535504
    shell 30: pairs 41500000/45535504
    shell 30: pairs 41750000/45535504
    shell 30: pairs 42000000/45535504
    shell 30: pairs 42250000/45535504
    shell 30: pairs 42500000/45535504
    shell 30: pairs 42750000/45535504
    shell 30: pairs 43000000/45535504
    shell 30: pairs 43250000/45535504
    shell 30: pairs 43500000/45535504
    shell 30: pairs 43750000/45535504
    shell 30: pairs 44000000/45535504
    shell 30: pairs 44250000/45535504
    shell 30: pairs 44500000/45535504
    shell 30: pairs 44750000/45535504
    shell 30: pairs 45000000/45535504
    shell 30: pairs 45250000/45535504
    shell 30: pairs 45500000/45535504
  shell 30 one_inf C_term_hi=112.7989106997249647391702240732358342259 [27/87]
    shell 34: pairs 250000/45535504
    shell 33: pairs 250000/45535504
    shell 34: pairs 500000/45535504
    shell 33: pairs 500000/45535504
    shell 34: pairs 750000/45535504
    shell 33: pairs 750000/45535504
    shell 34: pairs 1000000/45535504
    shell 33: pairs 1000000/45535504
    shell 33: pairs 1250000/45535504
    shell 34: pairs 1250000/45535504
    shell 33: pairs 1500000/45535504
    shell 34: pairs 1500000/45535504
    shell 33: pairs 1750000/45535504
    shell 34: pairs 1750000/45535504
    shell 33: pairs 2000000/45535504
    shell 34: pairs 2000000/45535504
    shell 33: pairs 2250000/45535504
    shell 34: pairs 2250000/45535504
    shell 34: pairs 2500000/45535504
    shell 33: pairs 2500000/45535504
    shell 34: pairs 2750000/45535504
    shell 33: pairs 2750000/45535504
    shell 33: pairs 3000000/45535504
    shell 34: pairs 3000000/45535504
    shell 33: pairs 3250000/45535504
    shell 34: pairs 3250000/45535504
    shell 33: pairs 3500000/45535504
    shell 34: pairs 3500000/45535504
    shell 33: pairs 3750000/45535504
    shell 34: pairs 3750000/45535504
    shell 33: pairs 4000000/45535504
    shell 34: pairs 4000000/45535504
    shell 33: pairs 4250000/45535504
    shell 34: pairs 4250000/45535504
    shell 33: pairs 4500000/45535504
    shell 34: pairs 4500000/45535504
    shell 33: pairs 4750000/45535504
    shell 34: pairs 4750000/45535504
    shell 33: pairs 5000000/45535504
    shell 34: pairs 5000000/45535504
    shell 33: pairs 5250000/45535504
    shell 34: pairs 5250000/45535504
    shell 33: pairs 5500000/45535504
    shell 34: pairs 5500000/45535504
    shell 33: pairs 5750000/45535504
    shell 34: pairs 5750000/45535504
    shell 33: pairs 6000000/45535504
    shell 34: pairs 6000000/45535504
    shell 33: pairs 6250000/45535504
    shell 34: pairs 6250000/45535504
    shell 33: pairs 6500000/45535504
    shell 34: pairs 6500000/45535504
    shell 34: pairs 6750000/45535504
    shell 33: pairs 6750000/45535504
    shell 34: pairs 7000000/45535504
    shell 33: pairs 7000000/45535504
    shell 34: pairs 7250000/45535504
    shell 33: pairs 7250000/45535504
    shell 34: pairs 7500000/45535504
    shell 33: pairs 7500000/45535504
    shell 34: pairs 7750000/45535504
    shell 33: pairs 7750000/45535504
    shell 34: pairs 8000000/45535504
    shell 33: pairs 8000000/45535504
    shell 34: pairs 8250000/45535504
    shell 33: pairs 8250000/45535504
    shell 34: pairs 8500000/45535504
    shell 33: pairs 8500000/45535504
    shell 34: pairs 8750000/45535504
    shell 33: pairs 8750000/45535504
    shell 34: pairs 9000000/45535504
    shell 33: pairs 9000000/45535504
    shell 34: pairs 9250000/45535504
    shell 33: pairs 9250000/45535504
    shell 34: pairs 9500000/45535504
    shell 33: pairs 9500000/45535504
    shell 34: pairs 9750000/45535504
    shell 33: pairs 9750000/45535504
    shell 34: pairs 10000000/45535504
    shell 33: pairs 10000000/45535504
    shell 34: pairs 10250000/45535504
    shell 33: pairs 10250000/45535504
    shell 34: pairs 10500000/45535504
    shell 33: pairs 10500000/45535504
    shell 34: pairs 10750000/45535504
    shell 33: pairs 10750000/45535504
    shell 34: pairs 11000000/45535504
    shell 33: pairs 11000000/45535504
    shell 34: pairs 11250000/45535504
    shell 33: pairs 11250000/45535504
    shell 34: pairs 11500000/45535504
    shell 33: pairs 11500000/45535504
    shell 34: pairs 11750000/45535504
    shell 33: pairs 11750000/45535504
    shell 34: pairs 12000000/45535504
    shell 33: pairs 12000000/45535504
    shell 34: pairs 12250000/45535504
    shell 33: pairs 12250000/45535504
    shell 34: pairs 12500000/45535504
    shell 33: pairs 12500000/45535504
    shell 34: pairs 12750000/45535504
    shell 33: pairs 12750000/45535504
    shell 34: pairs 13000000/45535504
    shell 33: pairs 13000000/45535504
    shell 34: pairs 13250000/45535504
    shell 33: pairs 13250000/45535504
    shell 34: pairs 13500000/45535504
    shell 33: pairs 13500000/45535504
    shell 34: pairs 13750000/45535504
    shell 33: pairs 13750000/45535504
    shell 34: pairs 14000000/45535504
    shell 33: pairs 14000000/45535504
    shell 34: pairs 14250000/45535504
    shell 33: pairs 14250000/45535504
    shell 34: pairs 14500000/45535504
    shell 33: pairs 14500000/45535504
    shell 34: pairs 14750000/45535504
    shell 33: pairs 14750000/45535504
    shell 34: pairs 15000000/45535504
    shell 33: pairs 15000000/45535504
    shell 34: pairs 15250000/45535504
    shell 33: pairs 15250000/45535504
    shell 34: pairs 15500000/45535504
    shell 33: pairs 15500000/45535504
    shell 34: pairs 15750000/45535504
    shell 33: pairs 15750000/45535504
    shell 34: pairs 16000000/45535504
    shell 33: pairs 16000000/45535504
    shell 34: pairs 16250000/45535504
    shell 33: pairs 16250000/45535504
    shell 34: pairs 16500000/45535504
    shell 33: pairs 16500000/45535504
    shell 34: pairs 16750000/45535504
    shell 33: pairs 16750000/45535504
    shell 34: pairs 17000000/45535504
    shell 33: pairs 17000000/45535504
    shell 34: pairs 17250000/45535504
    shell 33: pairs 17250000/45535504
    shell 34: pairs 17500000/45535504
    shell 33: pairs 17500000/45535504
    shell 34: pairs 17750000/45535504
    shell 33: pairs 17750000/45535504
    shell 34: pairs 18000000/45535504
    shell 33: pairs 18000000/45535504
    shell 34: pairs 18250000/45535504
    shell 33: pairs 18250000/45535504
    shell 34: pairs 18500000/45535504
    shell 33: pairs 18500000/45535504
    shell 34: pairs 18750000/45535504
    shell 33: pairs 18750000/45535504
    shell 34: pairs 19000000/45535504
    shell 33: pairs 19000000/45535504
    shell 34: pairs 19250000/45535504
    shell 33: pairs 19250000/45535504
    shell 34: pairs 19500000/45535504
    shell 33: pairs 19500000/45535504
    shell 34: pairs 19750000/45535504
    shell 33: pairs 19750000/45535504
    shell 34: pairs 20000000/45535504
    shell 33: pairs 20000000/45535504
    shell 34: pairs 20250000/45535504
    shell 33: pairs 20250000/45535504
    shell 34: pairs 20500000/45535504
    shell 33: pairs 20500000/45535504
    shell 34: pairs 20750000/45535504
    shell 33: pairs 20750000/45535504
    shell 34: pairs 21000000/45535504
    shell 33: pairs 21000000/45535504
    shell 34: pairs 21250000/45535504
    shell 33: pairs 21250000/45535504
    shell 34: pairs 21500000/45535504
    shell 33: pairs 21500000/45535504
    shell 34: pairs 21750000/45535504
    shell 33: pairs 21750000/45535504
    shell 34: pairs 22000000/45535504
    shell 33: pairs 22000000/45535504
    shell 34: pairs 22250000/45535504
    shell 33: pairs 22250000/45535504
    shell 34: pairs 22500000/45535504
    shell 33: pairs 22500000/45535504
    shell 34: pairs 22750000/45535504
    shell 33: pairs 22750000/45535504
    shell 34: pairs 23000000/45535504
    shell 33: pairs 23000000/45535504
    shell 34: pairs 23250000/45535504
    shell 33: pairs 23250000/45535504
    shell 34: pairs 23500000/45535504
    shell 33: pairs 23500000/45535504
    shell 34: pairs 23750000/45535504
    shell 33: pairs 23750000/45535504
    shell 34: pairs 24000000/45535504
    shell 33: pairs 24000000/45535504
    shell 34: pairs 24250000/45535504
    shell 33: pairs 24250000/45535504
    shell 34: pairs 24500000/45535504
    shell 33: pairs 24500000/45535504
    shell 34: pairs 24750000/45535504
    shell 33: pairs 24750000/45535504
    shell 34: pairs 25000000/45535504
    shell 33: pairs 25000000/45535504
    shell 34: pairs 25250000/45535504
    shell 33: pairs 25250000/45535504
    shell 34: pairs 25500000/45535504
    shell 33: pairs 25500000/45535504
    shell 34: pairs 25750000/45535504
    shell 33: pairs 25750000/45535504
    shell 34: pairs 26000000/45535504
    shell 33: pairs 26000000/45535504
    shell 34: pairs 26250000/45535504
    shell 34: pairs 26500000/45535504
    shell 33: pairs 26250000/45535504
    shell 33: pairs 26500000/45535504
    shell 34: pairs 26750000/45535504
    shell 34: pairs 27000000/45535504
    shell 33: pairs 26750000/45535504
    shell 33: pairs 27000000/45535504
    shell 34: pairs 27250000/45535504
    shell 34: pairs 27500000/45535504
    shell 33: pairs 27250000/45535504
    shell 33: pairs 27500000/45535504
    shell 34: pairs 27750000/45535504
    shell 34: pairs 28000000/45535504
    shell 33: pairs 27750000/45535504
    shell 34: pairs 28250000/45535504
    shell 33: pairs 28000000/45535504
    shell 34: pairs 28500000/45535504
    shell 33: pairs 28250000/45535504
    shell 33: pairs 28500000/45535504
    shell 34: pairs 28750000/45535504
    shell 34: pairs 29000000/45535504
    shell 33: pairs 28750000/45535504
    shell 33: pairs 29000000/45535504
    shell 34: pairs 29250000/45535504
    shell 34: pairs 29500000/45535504
    shell 33: pairs 29250000/45535504
    shell 33: pairs 29500000/45535504
    shell 34: pairs 29750000/45535504
    shell 34: pairs 30000000/45535504
    shell 33: pairs 29750000/45535504
    shell 34: pairs 30250000/45535504
    shell 33: pairs 30000000/45535504
    shell 34: pairs 30500000/45535504
    shell 33: pairs 30250000/45535504
    shell 33: pairs 30500000/45535504
    shell 34: pairs 30750000/45535504
    shell 34: pairs 31000000/45535504
    shell 33: pairs 30750000/45535504
    shell 33: pairs 31000000/45535504
    shell 34: pairs 31250000/45535504
    shell 34: pairs 31500000/45535504
    shell 33: pairs 31250000/45535504
    shell 33: pairs 31500000/45535504
    shell 34: pairs 31750000/45535504
    shell 34: pairs 32000000/45535504
    shell 33: pairs 31750000/45535504
    shell 33: pairs 32000000/45535504
    shell 34: pairs 32250000/45535504
    shell 34: pairs 32500000/45535504
    shell 33: pairs 32250000/45535504
    shell 33: pairs 32500000/45535504
    shell 34: pairs 32750000/45535504
    shell 34: pairs 33000000/45535504
    shell 33: pairs 32750000/45535504
    shell 33: pairs 33000000/45535504
    shell 34: pairs 33250000/45535504
    shell 34: pairs 33500000/45535504
    shell 33: pairs 33250000/45535504
    shell 34: pairs 33750000/45535504
    shell 33: pairs 33500000/45535504
    shell 34: pairs 34000000/45535504
    shell 33: pairs 33750000/45535504
    shell 33: pairs 34000000/45535504
    shell 34: pairs 34250000/45535504
    shell 34: pairs 34500000/45535504
    shell 33: pairs 34250000/45535504
    shell 34: pairs 34750000/45535504
    shell 33: pairs 34500000/45535504
    shell 34: pairs 35000000/45535504
    shell 33: pairs 34750000/45535504
    shell 33: pairs 35000000/45535504
    shell 34: pairs 35250000/45535504
    shell 34: pairs 35500000/45535504
    shell 33: pairs 35250000/45535504
    shell 33: pairs 35500000/45535504
    shell 34: pairs 35750000/45535504
    shell 34: pairs 36000000/45535504
    shell 33: pairs 35750000/45535504
    shell 34: pairs 36250000/45535504
    shell 33: pairs 36000000/45535504
    shell 34: pairs 36500000/45535504
    shell 33: pairs 36250000/45535504
    shell 33: pairs 36500000/45535504
    shell 34: pairs 36750000/45535504
    shell 34: pairs 37000000/45535504
    shell 33: pairs 36750000/45535504
    shell 34: pairs 37250000/45535504
    shell 33: pairs 37000000/45535504
    shell 34: pairs 37500000/45535504
    shell 33: pairs 37250000/45535504
    shell 34: pairs 37750000/45535504
    shell 33: pairs 37500000/45535504
    shell 34: pairs 38000000/45535504
    shell 33: pairs 37750000/45535504
    shell 34: pairs 38250000/45535504
    shell 33: pairs 38000000/45535504
    shell 34: pairs 38500000/45535504
    shell 33: pairs 38250000/45535504
    shell 33: pairs 38500000/45535504
    shell 34: pairs 38750000/45535504
    shell 34: pairs 39000000/45535504
    shell 33: pairs 38750000/45535504
    shell 34: pairs 39250000/45535504
    shell 33: pairs 39000000/45535504
    shell 34: pairs 39500000/45535504
    shell 33: pairs 39250000/45535504
    shell 34: pairs 39750000/45535504
    shell 33: pairs 39500000/45535504
    shell 34: pairs 40000000/45535504
    shell 33: pairs 39750000/45535504
    shell 33: pairs 40000000/45535504
    shell 34: pairs 40250000/45535504
    shell 34: pairs 40500000/45535504
    shell 33: pairs 40250000/45535504
    shell 33: pairs 40500000/45535504
    shell 34: pairs 40750000/45535504
    shell 34: pairs 41000000/45535504
    shell 33: pairs 40750000/45535504
    shell 34: pairs 41250000/45535504
    shell 33: pairs 41000000/45535504
    shell 34: pairs 41500000/45535504
    shell 33: pairs 41250000/45535504
    shell 33: pairs 41500000/45535504
    shell 34: pairs 41750000/45535504
    shell 34: pairs 42000000/45535504
    shell 33: pairs 41750000/45535504
    shell 34: pairs 42250000/45535504
    shell 33: pairs 42000000/45535504
    shell 34: pairs 42500000/45535504
    shell 33: pairs 42250000/45535504
    shell 34: pairs 42750000/45535504
    shell 33: pairs 42500000/45535504
    shell 34: pairs 43000000/45535504
    shell 33: pairs 42750000/45535504
    shell 33: pairs 43000000/45535504
    shell 34: pairs 43250000/45535504
    shell 34: pairs 43500000/45535504
    shell 33: pairs 43250000/45535504
    shell 34: pairs 43750000/45535504
    shell 33: pairs 43500000/45535504
    shell 34: pairs 44000000/45535504
    shell 33: pairs 43750000/45535504
    shell 34: pairs 44250000/45535504
    shell 33: pairs 44000000/45535504
    shell 34: pairs 44500000/45535504
    shell 33: pairs 44250000/45535504
    shell 34: pairs 44750000/45535504
    shell 33: pairs 44500000/45535504
    shell 34: pairs 45000000/45535504
    shell 33: pairs 44750000/45535504
    shell 33: pairs 45000000/45535504
    shell 34: pairs 45250000/45535504
    shell 34: pairs 45500000/45535504
    shell 33: pairs 45250000/45535504
  shell 34 one_inf C_term_hi=112.2675832461787453485741252270415821972 [28/87]
    shell 33: pairs 45500000/45535504
  shell 33 one_inf C_term_hi=109.1395994894567369781393123281552427519 [29/87]
    shell 36: pairs 250000/45535504
    shell 35: pairs 250000/45535504
    shell 36: pairs 500000/45535504
    shell 35: pairs 500000/45535504
    shell 36: pairs 750000/45535504
    shell 35: pairs 750000/45535504
    shell 36: pairs 1000000/45535504
    shell 35: pairs 1000000/45535504
    shell 36: pairs 1250000/45535504
    shell 35: pairs 1250000/45535504
    shell 36: pairs 1500000/45535504
    shell 35: pairs 1500000/45535504
    shell 36: pairs 1750000/45535504
    shell 35: pairs 1750000/45535504
    shell 36: pairs 2000000/45535504
    shell 35: pairs 2000000/45535504
    shell 36: pairs 2250000/45535504
    shell 35: pairs 2250000/45535504
    shell 36: pairs 2500000/45535504
    shell 35: pairs 2500000/45535504
    shell 36: pairs 2750000/45535504
    shell 35: pairs 2750000/45535504
    shell 36: pairs 3000000/45535504
    shell 35: pairs 3000000/45535504
    shell 36: pairs 3250000/45535504
    shell 35: pairs 3250000/45535504
    shell 36: pairs 3500000/45535504
    shell 35: pairs 3500000/45535504
    shell 36: pairs 3750000/45535504
    shell 36: pairs 4000000/45535504
    shell 35: pairs 3750000/45535504
    shell 35: pairs 4000000/45535504
    shell 36: pairs 4250000/45535504
    shell 36: pairs 4500000/45535504
    shell 35: pairs 4250000/45535504
    shell 36: pairs 4750000/45535504
    shell 35: pairs 4500000/45535504
    shell 36: pairs 5000000/45535504
    shell 35: pairs 4750000/45535504
    shell 36: pairs 5250000/45535504
    shell 35: pairs 5000000/45535504
    shell 36: pairs 5500000/45535504
    shell 35: pairs 5250000/45535504
    shell 36: pairs 5750000/45535504
    shell 35: pairs 5500000/45535504
    shell 36: pairs 6000000/45535504
    shell 35: pairs 5750000/45535504
    shell 36: pairs 6250000/45535504
    shell 35: pairs 6000000/45535504
    shell 36: pairs 6500000/45535504
    shell 35: pairs 6250000/45535504
    shell 36: pairs 6750000/45535504
    shell 35: pairs 6500000/45535504
    shell 36: pairs 7000000/45535504
    shell 35: pairs 6750000/45535504
    shell 36: pairs 7250000/45535504
    shell 35: pairs 7000000/45535504
    shell 36: pairs 7500000/45535504
    shell 35: pairs 7250000/45535504
    shell 36: pairs 7750000/45535504
    shell 35: pairs 7500000/45535504
    shell 36: pairs 8000000/45535504
    shell 36: pairs 8250000/45535504
    shell 35: pairs 7750000/45535504
    shell 36: pairs 8500000/45535504
    shell 35: pairs 8000000/45535504
    shell 36: pairs 8750000/45535504
    shell 35: pairs 8250000/45535504
    shell 36: pairs 9000000/45535504
    shell 35: pairs 8500000/45535504
    shell 36: pairs 9250000/45535504
    shell 35: pairs 8750000/45535504
    shell 36: pairs 9500000/45535504
    shell 35: pairs 9000000/45535504
    shell 36: pairs 9750000/45535504
    shell 35: pairs 9250000/45535504
    shell 36: pairs 10000000/45535504
    shell 35: pairs 9500000/45535504
    shell 36: pairs 10250000/45535504
    shell 35: pairs 9750000/45535504
    shell 36: pairs 10500000/45535504
    shell 35: pairs 10000000/45535504
    shell 36: pairs 10750000/45535504
    shell 36: pairs 11000000/45535504
    shell 35: pairs 10250000/45535504
    shell 36: pairs 11250000/45535504
    shell 35: pairs 10500000/45535504
    shell 36: pairs 11500000/45535504
    shell 35: pairs 10750000/45535504
    shell 36: pairs 11750000/45535504
    shell 35: pairs 11000000/45535504
    shell 36: pairs 12000000/45535504
    shell 35: pairs 11250000/45535504
    shell 36: pairs 12250000/45535504
    shell 35: pairs 11500000/45535504
    shell 36: pairs 12500000/45535504
    shell 35: pairs 11750000/45535504
    shell 36: pairs 12750000/45535504
    shell 35: pairs 12000000/45535504
    shell 36: pairs 13000000/45535504
    shell 35: pairs 12250000/45535504
    shell 36: pairs 13250000/45535504
    shell 35: pairs 12500000/45535504
    shell 36: pairs 13500000/45535504
    shell 36: pairs 13750000/45535504
    shell 35: pairs 12750000/45535504
    shell 36: pairs 14000000/45535504
    shell 35: pairs 13000000/45535504
    shell 36: pairs 14250000/45535504
    shell 35: pairs 13250000/45535504
    shell 36: pairs 14500000/45535504
    shell 35: pairs 13500000/45535504
    shell 36: pairs 14750000/45535504
    shell 35: pairs 13750000/45535504
    shell 36: pairs 15000000/45535504
    shell 35: pairs 14000000/45535504
    shell 36: pairs 15250000/45535504
    shell 36: pairs 15500000/45535504
    shell 35: pairs 14250000/45535504
    shell 36: pairs 15750000/45535504
    shell 35: pairs 14500000/45535504
    shell 36: pairs 16000000/45535504
    shell 35: pairs 14750000/45535504
    shell 36: pairs 16250000/45535504
    shell 35: pairs 15000000/45535504
    shell 36: pairs 16500000/45535504
    shell 35: pairs 15250000/45535504
    shell 36: pairs 16750000/45535504
    shell 35: pairs 15500000/45535504
    shell 36: pairs 17000000/45535504
    shell 35: pairs 15750000/45535504
    shell 36: pairs 17250000/45535504
    shell 35: pairs 16000000/45535504
    shell 36: pairs 17500000/45535504
    shell 35: pairs 16250000/45535504
    shell 36: pairs 17750000/45535504
    shell 35: pairs 16500000/45535504
    shell 36: pairs 18000000/45535504
    shell 35: pairs 16750000/45535504
    shell 36: pairs 18250000/45535504
    shell 35: pairs 17000000/45535504
    shell 36: pairs 18500000/45535504
    shell 36: pairs 18750000/45535504
    shell 35: pairs 17250000/45535504
    shell 36: pairs 19000000/45535504
    shell 35: pairs 17500000/45535504
    shell 36: pairs 19250000/45535504
    shell 35: pairs 17750000/45535504
    shell 36: pairs 19500000/45535504
    shell 35: pairs 18000000/45535504
    shell 36: pairs 19750000/45535504
    shell 36: pairs 20000000/45535504
    shell 35: pairs 18250000/45535504
    shell 35: pairs 18500000/45535504
    shell 36: pairs 20250000/45535504
    shell 36: pairs 20500000/45535504
    shell 35: pairs 18750000/45535504
    shell 36: pairs 20750000/45535504
    shell 35: pairs 19000000/45535504
    shell 36: pairs 21000000/45535504
    shell 35: pairs 19250000/45535504
    shell 36: pairs 21250000/45535504
    shell 35: pairs 19500000/45535504
    shell 36: pairs 21500000/45535504
    shell 35: pairs 19750000/45535504
    shell 36: pairs 21750000/45535504
    shell 35: pairs 20000000/45535504
    shell 36: pairs 22000000/45535504
    shell 35: pairs 20250000/45535504
    shell 36: pairs 22250000/45535504
    shell 35: pairs 20500000/45535504
    shell 36: pairs 22500000/45535504
    shell 35: pairs 20750000/45535504
    shell 36: pairs 22750000/45535504
    shell 35: pairs 21000000/45535504
    shell 36: pairs 23000000/45535504
    shell 36: pairs 23250000/45535504
    shell 35: pairs 21250000/45535504
    shell 36: pairs 23500000/45535504
    shell 35: pairs 21500000/45535504
    shell 36: pairs 23750000/45535504
    shell 35: pairs 21750000/45535504
    shell 36: pairs 24000000/45535504
    shell 35: pairs 22000000/45535504
    shell 36: pairs 24250000/45535504
    shell 36: pairs 24500000/45535504
    shell 35: pairs 22250000/45535504
    shell 36: pairs 24750000/45535504
    shell 35: pairs 22500000/45535504
    shell 36: pairs 25000000/45535504
    shell 35: pairs 22750000/45535504
    shell 36: pairs 25250000/45535504
    shell 35: pairs 23000000/45535504
    shell 36: pairs 25500000/45535504
    shell 36: pairs 25750000/45535504
    shell 35: pairs 23250000/45535504
    shell 36: pairs 26000000/45535504
    shell 35: pairs 23500000/45535504
    shell 36: pairs 26250000/45535504
    shell 36: pairs 26500000/45535504
    shell 35: pairs 23750000/45535504
    shell 36: pairs 26750000/45535504
    shell 35: pairs 24000000/45535504
    shell 36: pairs 27000000/45535504
    shell 35: pairs 24250000/45535504
    shell 36: pairs 27250000/45535504
    shell 35: pairs 24500000/45535504
    shell 36: pairs 27500000/45535504
    shell 35: pairs 24750000/45535504
    shell 36: pairs 27750000/45535504
    shell 35: pairs 25000000/45535504
    shell 36: pairs 28000000/45535504
    shell 35: pairs 25250000/45535504
    shell 36: pairs 28250000/45535504
    shell 35: pairs 25500000/45535504
    shell 36: pairs 28500000/45535504
    shell 35: pairs 25750000/45535504
    shell 35: pairs 26000000/45535504
    shell 36: pairs 28750000/45535504
    shell 35: pairs 26250000/45535504
    shell 36: pairs 29000000/45535504
    shell 35: pairs 26500000/45535504
    shell 36: pairs 29250000/45535504
    shell 36: pairs 29500000/45535504
    shell 35: pairs 26750000/45535504
    shell 35: pairs 27000000/45535504
    shell 36: pairs 29750000/45535504
    shell 36: pairs 30000000/45535504
    shell 35: pairs 27250000/45535504
    shell 36: pairs 30250000/45535504
    shell 35: pairs 27500000/45535504
    shell 36: pairs 30500000/45535504
    shell 35: pairs 27750000/45535504
    shell 36: pairs 30750000/45535504
    shell 35: pairs 28000000/45535504
    shell 36: pairs 31000000/45535504
    shell 36: pairs 31250000/45535504
    shell 35: pairs 28250000/45535504
    shell 36: pairs 31500000/45535504
    shell 35: pairs 28500000/45535504
    shell 36: pairs 31750000/45535504
    shell 36: pairs 32000000/45535504
    shell 35: pairs 28750000/45535504
    shell 35: pairs 29000000/45535504
    shell 36: pairs 32250000/45535504
    shell 36: pairs 32500000/45535504
    shell 35: pairs 29250000/45535504
    shell 36: pairs 32750000/45535504
    shell 35: pairs 29500000/45535504
    shell 36: pairs 33000000/45535504
    shell 36: pairs 33250000/45535504
    shell 35: pairs 29750000/45535504
    shell 36: pairs 33500000/45535504
    shell 35: pairs 30000000/45535504
    shell 36: pairs 33750000/45535504
    shell 35: pairs 30250000/45535504
    shell 36: pairs 34000000/45535504
    shell 35: pairs 30500000/45535504
    shell 36: pairs 34250000/45535504
    shell 35: pairs 30750000/45535504
    shell 36: pairs 34500000/45535504
    shell 35: pairs 31000000/45535504
    shell 36: pairs 34750000/45535504
    shell 36: pairs 35000000/45535504
    shell 35: pairs 31250000/45535504
    shell 36: pairs 35250000/45535504
    shell 35: pairs 31500000/45535504
    shell 36: pairs 35500000/45535504
    shell 35: pairs 31750000/45535504
    shell 36: pairs 35750000/45535504
    shell 35: pairs 32000000/45535504
    shell 36: pairs 36000000/45535504
    shell 36: pairs 36250000/45535504
    shell 35: pairs 32250000/45535504
    shell 36: pairs 36500000/45535504
    shell 35: pairs 32500000/45535504
    shell 36: pairs 36750000/45535504
    shell 36: pairs 37000000/45535504
    shell 35: pairs 32750000/45535504
    shell 36: pairs 37250000/45535504
    shell 35: pairs 33000000/45535504
    shell 36: pairs 37500000/45535504
    shell 36: pairs 37750000/45535504
    shell 35: pairs 33250000/45535504
    shell 36: pairs 38000000/45535504
    shell 36: pairs 38250000/45535504
    shell 35: pairs 33500000/45535504
    shell 36: pairs 38500000/45535504
    shell 35: pairs 33750000/45535504
    shell 35: pairs 34000000/45535504
    shell 36: pairs 38750000/45535504
    shell 36: pairs 39000000/45535504
    shell 35: pairs 34250000/45535504
    shell 36: pairs 39250000/45535504
    shell 35: pairs 34500000/45535504
    shell 36: pairs 39500000/45535504
    shell 36: pairs 39750000/45535504
    shell 35: pairs 34750000/45535504
    shell 36: pairs 40000000/45535504
    shell 35: pairs 35000000/45535504
    shell 36: pairs 40250000/45535504
    shell 35: pairs 35250000/45535504
    shell 36: pairs 40500000/45535504
    shell 35: pairs 35500000/45535504
    shell 36: pairs 40750000/45535504
    shell 36: pairs 41000000/45535504
    shell 35: pairs 35750000/45535504
    shell 36: pairs 41250000/45535504
    shell 35: pairs 36000000/45535504
    shell 36: pairs 41500000/45535504
    shell 35: pairs 36250000/45535504
    shell 36: pairs 41750000/45535504
    shell 35: pairs 36500000/45535504
    shell 36: pairs 42000000/45535504
    shell 36: pairs 42250000/45535504
    shell 35: pairs 36750000/45535504
    shell 36: pairs 42500000/45535504
    shell 36: pairs 42750000/45535504
    shell 35: pairs 37000000/45535504
    shell 36: pairs 43000000/45535504
    shell 35: pairs 37250000/45535504
    shell 35: pairs 37500000/45535504
    shell 36: pairs 43250000/45535504
    shell 36: pairs 43500000/45535504
    shell 35: pairs 37750000/45535504
    shell 36: pairs 43750000/45535504
    shell 35: pairs 38000000/45535504
    shell 36: pairs 44000000/45535504
    shell 35: pairs 38250000/45535504
    shell 36: pairs 44250000/45535504
    shell 36: pairs 44500000/45535504
    shell 35: pairs 38500000/45535504
    shell 36: pairs 44750000/45535504
    shell 36: pairs 45000000/45535504
    shell 35: pairs 38750000/45535504
    shell 36: pairs 45250000/45535504
    shell 35: pairs 39000000/45535504
    shell 36: pairs 45500000/45535504
  shell 36 one_inf C_term_hi=103.0400555474335550269333075428092412991 [30/87]
    shell 35: pairs 39250000/45535504
    shell 35: pairs 39500000/45535504
    shell 35: pairs 39750000/45535504
    shell 35: pairs 40000000/45535504
    shell 35: pairs 40250000/45535504
    shell 35: pairs 40500000/45535504
    shell 35: pairs 40750000/45535504
    shell 35: pairs 41000000/45535504
    shell 35: pairs 41250000/45535504
    shell 35: pairs 41500000/45535504
    shell 35: pairs 41750000/45535504
    shell 35: pairs 42000000/45535504
    shell 35: pairs 42250000/45535504
    shell 35: pairs 42500000/45535504
    shell 35: pairs 42750000/45535504
    shell 35: pairs 43000000/45535504
    shell 35: pairs 43250000/45535504
    shell 35: pairs 43500000/45535504
    shell 35: pairs 43750000/45535504
    shell 35: pairs 44000000/45535504
    shell 35: pairs 44250000/45535504
    shell 35: pairs 44500000/45535504
    shell 35: pairs 44750000/45535504
    shell 35: pairs 45000000/45535504
    shell 35: pairs 45250000/45535504
    shell 35: pairs 45500000/45535504
  shell 35 one_inf C_term_hi=111.9276435186105884000807405377393276055 [31/87]
    shell 37: pairs 250000/45535504
    shell 38: pairs 250000/45535504
    shell 37: pairs 500000/45535504
    shell 38: pairs 500000/45535504
    shell 37: pairs 750000/45535504
    shell 38: pairs 750000/45535504
    shell 37: pairs 1000000/45535504
    shell 38: pairs 1000000/45535504
    shell 37: pairs 1250000/45535504
    shell 38: pairs 1250000/45535504
    shell 37: pairs 1500000/45535504
    shell 38: pairs 1500000/45535504
    shell 37: pairs 1750000/45535504
    shell 37: pairs 2000000/45535504
    shell 38: pairs 1750000/45535504
    shell 37: pairs 2250000/45535504
    shell 38: pairs 2000000/45535504
    shell 37: pairs 2500000/45535504
    shell 38: pairs 2250000/45535504
    shell 37: pairs 2750000/45535504
    shell 38: pairs 2500000/45535504
    shell 37: pairs 3000000/45535504
    shell 38: pairs 2750000/45535504
    shell 37: pairs 3250000/45535504
    shell 38: pairs 3000000/45535504
    shell 37: pairs 3500000/45535504
    shell 38: pairs 3250000/45535504
    shell 37: pairs 3750000/45535504
    shell 37: pairs 4000000/45535504
    shell 38: pairs 3500000/45535504
    shell 37: pairs 4250000/45535504
    shell 38: pairs 3750000/45535504
    shell 37: pairs 4500000/45535504
    shell 38: pairs 4000000/45535504
    shell 37: pairs 4750000/45535504
    shell 38: pairs 4250000/45535504
    shell 37: pairs 5000000/45535504
    shell 38: pairs 4500000/45535504
    shell 37: pairs 5250000/45535504
    shell 38: pairs 4750000/45535504
    shell 37: pairs 5500000/45535504
    shell 38: pairs 5000000/45535504
    shell 37: pairs 5750000/45535504
    shell 37: pairs 6000000/45535504
    shell 38: pairs 5250000/45535504
    shell 37: pairs 6250000/45535504
    shell 38: pairs 5500000/45535504
    shell 37: pairs 6500000/45535504
    shell 38: pairs 5750000/45535504
    shell 37: pairs 6750000/45535504
    shell 38: pairs 6000000/45535504
    shell 37: pairs 7000000/45535504
    shell 38: pairs 6250000/45535504
    shell 37: pairs 7250000/45535504
    shell 38: pairs 6500000/45535504
    shell 37: pairs 7500000/45535504
    shell 37: pairs 7750000/45535504
    shell 38: pairs 6750000/45535504
    shell 37: pairs 8000000/45535504
    shell 38: pairs 7000000/45535504
    shell 37: pairs 8250000/45535504
    shell 38: pairs 7250000/45535504
    shell 37: pairs 8500000/45535504
    shell 38: pairs 7500000/45535504
    shell 37: pairs 8750000/45535504
    shell 38: pairs 7750000/45535504
    shell 37: pairs 9000000/45535504
    shell 37: pairs 9250000/45535504
    shell 38: pairs 8000000/45535504
    shell 37: pairs 9500000/45535504
    shell 38: pairs 8250000/45535504
    shell 37: pairs 9750000/45535504
    shell 38: pairs 8500000/45535504
    shell 37: pairs 10000000/45535504
    shell 38: pairs 8750000/45535504
    shell 37: pairs 10250000/45535504
    shell 37: pairs 10500000/45535504
    shell 38: pairs 9000000/45535504
    shell 37: pairs 10750000/45535504
    shell 38: pairs 9250000/45535504
    shell 37: pairs 11000000/45535504
    shell 38: pairs 9500000/45535504
    shell 37: pairs 11250000/45535504
    shell 37: pairs 11500000/45535504
    shell 38: pairs 9750000/45535504
    shell 37: pairs 11750000/45535504
    shell 38: pairs 10000000/45535504
    shell 37: pairs 12000000/45535504
    shell 38: pairs 10250000/45535504
    shell 37: pairs 12250000/45535504
    shell 38: pairs 10500000/45535504
    shell 37: pairs 12500000/45535504
    shell 38: pairs 10750000/45535504
    shell 37: pairs 12750000/45535504
    shell 38: pairs 11000000/45535504
    shell 37: pairs 13000000/45535504
    shell 37: pairs 13250000/45535504
    shell 38: pairs 11250000/45535504
    shell 37: pairs 13500000/45535504
    shell 38: pairs 11500000/45535504
    shell 37: pairs 13750000/45535504
    shell 38: pairs 11750000/45535504
    shell 37: pairs 14000000/45535504
    shell 38: pairs 12000000/45535504
    shell 37: pairs 14250000/45535504
    shell 37: pairs 14500000/45535504
    shell 38: pairs 12250000/45535504
    shell 37: pairs 14750000/45535504
    shell 38: pairs 12500000/45535504
    shell 37: pairs 15000000/45535504
    shell 38: pairs 12750000/45535504
    shell 37: pairs 15250000/45535504
    shell 38: pairs 13000000/45535504
    shell 37: pairs 15500000/45535504
    shell 37: pairs 15750000/45535504
    shell 38: pairs 13250000/45535504
    shell 37: pairs 16000000/45535504
    shell 38: pairs 13500000/45535504
    shell 37: pairs 16250000/45535504
    shell 37: pairs 16500000/45535504
    shell 38: pairs 13750000/45535504
    shell 37: pairs 16750000/45535504
    shell 38: pairs 14000000/45535504
    shell 37: pairs 17000000/45535504
    shell 38: pairs 14250000/45535504
    shell 37: pairs 17250000/45535504
    shell 37: pairs 17500000/45535504
    shell 38: pairs 14500000/45535504
    shell 37: pairs 17750000/45535504
    shell 38: pairs 14750000/45535504
    shell 37: pairs 18000000/45535504
    shell 38: pairs 15000000/45535504
    shell 37: pairs 18250000/45535504
    shell 38: pairs 15250000/45535504
    shell 37: pairs 18500000/45535504
    shell 38: pairs 15500000/45535504
    shell 37: pairs 18750000/45535504
    shell 38: pairs 15750000/45535504
    shell 37: pairs 19000000/45535504
    shell 38: pairs 16000000/45535504
    shell 37: pairs 19250000/45535504
    shell 37: pairs 19500000/45535504
    shell 38: pairs 16250000/45535504
    shell 37: pairs 19750000/45535504
    shell 38: pairs 16500000/45535504
    shell 37: pairs 20000000/45535504
    shell 38: pairs 16750000/45535504
    shell 37: pairs 20250000/45535504
    shell 38: pairs 17000000/45535504
    shell 37: pairs 20500000/45535504
    shell 37: pairs 20750000/45535504
    shell 38: pairs 17250000/45535504
    shell 37: pairs 21000000/45535504
    shell 38: pairs 17500000/45535504
    shell 37: pairs 21250000/45535504
    shell 37: pairs 21500000/45535504
    shell 38: pairs 17750000/45535504
    shell 37: pairs 21750000/45535504
    shell 38: pairs 18000000/45535504
    shell 37: pairs 22000000/45535504
    shell 38: pairs 18250000/45535504
    shell 37: pairs 22250000/45535504
    shell 38: pairs 18500000/45535504
    shell 37: pairs 22500000/45535504
    shell 37: pairs 22750000/45535504
    shell 38: pairs 18750000/45535504
    shell 37: pairs 23000000/45535504
    shell 38: pairs 19000000/45535504
    shell 37: pairs 23250000/45535504
    shell 38: pairs 19250000/45535504
    shell 37: pairs 23500000/45535504
    shell 38: pairs 19500000/45535504
    shell 37: pairs 23750000/45535504
    shell 38: pairs 19750000/45535504
    shell 37: pairs 24000000/45535504
    shell 38: pairs 20000000/45535504
    shell 37: pairs 24250000/45535504
    shell 37: pairs 24500000/45535504
    shell 38: pairs 20250000/45535504
    shell 37: pairs 24750000/45535504
    shell 37: pairs 25000000/45535504
    shell 38: pairs 20500000/45535504
    shell 37: pairs 25250000/45535504
    shell 38: pairs 20750000/45535504
    shell 37: pairs 25500000/45535504
    shell 38: pairs 21000000/45535504
    shell 37: pairs 25750000/45535504
    shell 37: pairs 26000000/45535504
    shell 38: pairs 21250000/45535504
    shell 37: pairs 26250000/45535504
    shell 38: pairs 21500000/45535504
    shell 37: pairs 26500000/45535504
    shell 37: pairs 26750000/45535504
    shell 38: pairs 21750000/45535504
    shell 37: pairs 27000000/45535504
    shell 38: pairs 22000000/45535504
    shell 37: pairs 27250000/45535504
    shell 37: pairs 27500000/45535504
    shell 38: pairs 22250000/45535504
    shell 37: pairs 27750000/45535504
    shell 38: pairs 22500000/45535504
    shell 37: pairs 28000000/45535504
    shell 38: pairs 22750000/45535504
    shell 37: pairs 28250000/45535504
    shell 38: pairs 23000000/45535504
    shell 37: pairs 28500000/45535504
    shell 37: pairs 28750000/45535504
    shell 38: pairs 23250000/45535504
    shell 37: pairs 29000000/45535504
    shell 38: pairs 23500000/45535504
    shell 37: pairs 29250000/45535504
    shell 37: pairs 29500000/45535504
    shell 38: pairs 23750000/45535504
    shell 37: pairs 29750000/45535504
    shell 38: pairs 24000000/45535504
    shell 37: pairs 30000000/45535504
    shell 37: pairs 30250000/45535504
    shell 37: pairs 30500000/45535504
    shell 38: pairs 24250000/45535504
    shell 38: pairs 24500000/45535504
    shell 37: pairs 30750000/45535504
    shell 37: pairs 31000000/45535504
    shell 38: pairs 24750000/45535504
    shell 38: pairs 25000000/45535504
    shell 37: pairs 31250000/45535504
    shell 38: pairs 25250000/45535504
    shell 37: pairs 31500000/45535504
    shell 38: pairs 25500000/45535504
    shell 37: pairs 31750000/45535504
    shell 38: pairs 25750000/45535504
    shell 37: pairs 32000000/45535504
    shell 38: pairs 26000000/45535504
    shell 37: pairs 32250000/45535504
    shell 38: pairs 26250000/45535504
    shell 37: pairs 32500000/45535504
    shell 38: pairs 26500000/45535504
    shell 37: pairs 32750000/45535504
    shell 37: pairs 33000000/45535504
    shell 38: pairs 26750000/45535504
    shell 37: pairs 33250000/45535504
    shell 38: pairs 27000000/45535504
    shell 37: pairs 33500000/45535504
    shell 37: pairs 33750000/45535504
    shell 38: pairs 27250000/45535504
    shell 37: pairs 34000000/45535504
    shell 38: pairs 27500000/45535504
    shell 37: pairs 34250000/45535504
    shell 37: pairs 34500000/45535504
    shell 38: pairs 27750000/45535504
    shell 37: pairs 34750000/45535504
    shell 37: pairs 35000000/45535504
    shell 38: pairs 28000000/45535504
    shell 37: pairs 35250000/45535504
    shell 37: pairs 35500000/45535504
    shell 38: pairs 28250000/45535504
    shell 38: pairs 28500000/45535504
    shell 37: pairs 35750000/45535504
    shell 37: pairs 36000000/45535504
    shell 37: pairs 36250000/45535504
    shell 38: pairs 28750000/45535504
    shell 37: pairs 36500000/45535504
    shell 38: pairs 29000000/45535504
    shell 37: pairs 36750000/45535504
    shell 37: pairs 37000000/45535504
    shell 38: pairs 29250000/45535504
    shell 37: pairs 37250000/45535504
    shell 38: pairs 29500000/45535504
    shell 37: pairs 37500000/45535504
    shell 37: pairs 37750000/45535504
    shell 37: pairs 38000000/45535504
    shell 38: pairs 29750000/45535504
    shell 37: pairs 38250000/45535504
    shell 38: pairs 30000000/45535504
    shell 37: pairs 38500000/45535504
    shell 38: pairs 30250000/45535504
    shell 37: pairs 38750000/45535504
    shell 38: pairs 30500000/45535504
    shell 37: pairs 39000000/45535504
    shell 37: pairs 39250000/45535504
    shell 37: pairs 39500000/45535504
    shell 38: pairs 30750000/45535504
    shell 37: pairs 39750000/45535504
    shell 38: pairs 31000000/45535504
    shell 37: pairs 40000000/45535504
    shell 37: pairs 40250000/45535504
    shell 38: pairs 31250000/45535504
    shell 37: pairs 40500000/45535504
    shell 38: pairs 31500000/45535504
    shell 37: pairs 40750000/45535504
    shell 37: pairs 41000000/45535504
    shell 38: pairs 31750000/45535504
    shell 37: pairs 41250000/45535504
    shell 37: pairs 41500000/45535504
    shell 38: pairs 32000000/45535504
    shell 37: pairs 41750000/45535504
    shell 37: pairs 42000000/45535504
    shell 38: pairs 32250000/45535504
    shell 37: pairs 42250000/45535504
    shell 37: pairs 42500000/45535504
    shell 38: pairs 32500000/45535504
    shell 37: pairs 42750000/45535504
    shell 37: pairs 43000000/45535504
    shell 38: pairs 32750000/45535504
    shell 37: pairs 43250000/45535504
    shell 38: pairs 33000000/45535504
    shell 37: pairs 43500000/45535504
    shell 37: pairs 43750000/45535504
    shell 37: pairs 44000000/45535504
    shell 38: pairs 33250000/45535504
    shell 37: pairs 44250000/45535504
    shell 37: pairs 44500000/45535504
    shell 38: pairs 33500000/45535504
    shell 37: pairs 44750000/45535504
    shell 37: pairs 45000000/45535504
    shell 38: pairs 33750000/45535504
    shell 37: pairs 45250000/45535504
    shell 38: pairs 34000000/45535504
    shell 37: pairs 45500000/45535504
  shell 37 one_inf C_term_hi=120.0132489092404901612827400633737303668 [32/87]
    shell 38: pairs 34250000/45535504
    shell 38: pairs 34500000/45535504
    shell 38: pairs 34750000/45535504
    shell 38: pairs 35000000/45535504
    shell 38: pairs 35250000/45535504
    shell 38: pairs 35500000/45535504
    shell 38: pairs 35750000/45535504
    shell 38: pairs 36000000/45535504
    shell 38: pairs 36250000/45535504
    shell 38: pairs 36500000/45535504
    shell 38: pairs 36750000/45535504
    shell 38: pairs 37000000/45535504
    shell 38: pairs 37250000/45535504
    shell 38: pairs 37500000/45535504
    shell 38: pairs 37750000/45535504
    shell 38: pairs 38000000/45535504
    shell 38: pairs 38250000/45535504
    shell 38: pairs 38500000/45535504
    shell 38: pairs 38750000/45535504
    shell 38: pairs 39000000/45535504
    shell 38: pairs 39250000/45535504
    shell 38: pairs 39500000/45535504
    shell 38: pairs 39750000/45535504
    shell 38: pairs 40000000/45535504
    shell 38: pairs 40250000/45535504
    shell 38: pairs 40500000/45535504
    shell 38: pairs 40750000/45535504
    shell 38: pairs 41000000/45535504
    shell 38: pairs 41250000/45535504
    shell 38: pairs 41500000/45535504
    shell 38: pairs 41750000/45535504
    shell 38: pairs 42000000/45535504
    shell 38: pairs 42250000/45535504
    shell 38: pairs 42500000/45535504
    shell 38: pairs 42750000/45535504
    shell 38: pairs 43000000/45535504
    shell 38: pairs 43250000/45535504
    shell 38: pairs 43500000/45535504
    shell 38: pairs 43750000/45535504
    shell 38: pairs 44000000/45535504
    shell 38: pairs 44250000/45535504
    shell 38: pairs 44500000/45535504
    shell 38: pairs 44750000/45535504
    shell 38: pairs 45000000/45535504
    shell 38: pairs 45250000/45535504
    shell 38: pairs 45500000/45535504
  shell 38 one_inf C_term_hi=129.3198441615635872145411955903441623173 [33/87]
    shell 40: pairs 250000/45535504
    shell 41: pairs 250000/45535504
    shell 40: pairs 500000/45535504
    shell 41: pairs 500000/45535504
    shell 40: pairs 750000/45535504
    shell 41: pairs 750000/45535504
    shell 40: pairs 1000000/45535504
    shell 41: pairs 1000000/45535504
    shell 40: pairs 1250000/45535504
    shell 41: pairs 1250000/45535504
    shell 40: pairs 1500000/45535504
    shell 41: pairs 1500000/45535504
    shell 40: pairs 1750000/45535504
    shell 41: pairs 1750000/45535504
    shell 40: pairs 2000000/45535504
    shell 41: pairs 2000000/45535504
    shell 40: pairs 2250000/45535504
    shell 40: pairs 2500000/45535504
    shell 41: pairs 2250000/45535504
    shell 40: pairs 2750000/45535504
    shell 41: pairs 2500000/45535504
    shell 40: pairs 3000000/45535504
    shell 41: pairs 2750000/45535504
    shell 40: pairs 3250000/45535504
    shell 41: pairs 3000000/45535504
    shell 40: pairs 3500000/45535504
    shell 40: pairs 3750000/45535504
    shell 41: pairs 3250000/45535504
    shell 40: pairs 4000000/45535504
    shell 41: pairs 3500000/45535504
    shell 40: pairs 4250000/45535504
    shell 41: pairs 3750000/45535504
    shell 40: pairs 4500000/45535504
    shell 41: pairs 4000000/45535504
    shell 40: pairs 4750000/45535504
    shell 40: pairs 5000000/45535504
    shell 41: pairs 4250000/45535504
    shell 40: pairs 5250000/45535504
    shell 41: pairs 4500000/45535504
    shell 40: pairs 5500000/45535504
    shell 41: pairs 4750000/45535504
    shell 40: pairs 5750000/45535504
    shell 41: pairs 5000000/45535504
    shell 40: pairs 6000000/45535504
    shell 41: pairs 5250000/45535504
    shell 40: pairs 6250000/45535504
    shell 41: pairs 5500000/45535504
    shell 40: pairs 6500000/45535504
    shell 40: pairs 6750000/45535504
    shell 41: pairs 5750000/45535504
    shell 40: pairs 7000000/45535504
    shell 41: pairs 6000000/45535504
    shell 40: pairs 7250000/45535504
    shell 41: pairs 6250000/45535504
    shell 40: pairs 7500000/45535504
    shell 41: pairs 6500000/45535504
    shell 40: pairs 7750000/45535504
    shell 41: pairs 6750000/45535504
    shell 40: pairs 8000000/45535504
    shell 41: pairs 7000000/45535504
    shell 40: pairs 8250000/45535504
    shell 40: pairs 8500000/45535504
    shell 41: pairs 7250000/45535504
    shell 40: pairs 8750000/45535504
    shell 41: pairs 7500000/45535504
    shell 40: pairs 9000000/45535504
    shell 40: pairs 9250000/45535504
    shell 41: pairs 7750000/45535504
    shell 40: pairs 9500000/45535504
    shell 41: pairs 8000000/45535504
    shell 40: pairs 9750000/45535504
    shell 41: pairs 8250000/45535504
    shell 40: pairs 10000000/45535504
    shell 41: pairs 8500000/45535504
    shell 40: pairs 10250000/45535504
    shell 40: pairs 10500000/45535504
    shell 41: pairs 8750000/45535504
    shell 40: pairs 10750000/45535504
    shell 41: pairs 9000000/45535504
    shell 40: pairs 11000000/45535504
    shell 41: pairs 9250000/45535504
    shell 40: pairs 11250000/45535504
    shell 41: pairs 9500000/45535504
    shell 40: pairs 11500000/45535504
    shell 40: pairs 11750000/45535504
    shell 41: pairs 9750000/45535504
    shell 40: pairs 12000000/45535504
    shell 41: pairs 10000000/45535504
    shell 40: pairs 12250000/45535504
    shell 40: pairs 12500000/45535504
    shell 41: pairs 10250000/45535504
    shell 41: pairs 10500000/45535504
    shell 40: pairs 12750000/45535504
    shell 40: pairs 13000000/45535504
    shell 41: pairs 10750000/45535504
    shell 40: pairs 13250000/45535504
    shell 41: pairs 11000000/45535504
    shell 40: pairs 13500000/45535504
    shell 40: pairs 13750000/45535504
    shell 41: pairs 11250000/45535504
    shell 40: pairs 14000000/45535504
    shell 41: pairs 11500000/45535504
    shell 40: pairs 14250000/45535504
    shell 40: pairs 14500000/45535504
    shell 41: pairs 11750000/45535504
    shell 40: pairs 14750000/45535504
    shell 41: pairs 12000000/45535504
    shell 40: pairs 15000000/45535504
    shell 41: pairs 12250000/45535504
    shell 40: pairs 15250000/45535504
    shell 41: pairs 12500000/45535504
    shell 40: pairs 15500000/45535504
    shell 40: pairs 15750000/45535504
    shell 41: pairs 12750000/45535504
    shell 40: pairs 16000000/45535504
    shell 40: pairs 16250000/45535504
    shell 41: pairs 13000000/45535504
    shell 40: pairs 16500000/45535504
    shell 40: pairs 16750000/45535504
    shell 41: pairs 13250000/45535504
    shell 40: pairs 17000000/45535504
    shell 41: pairs 13500000/45535504
    shell 40: pairs 17250000/45535504
    shell 41: pairs 13750000/45535504
    shell 40: pairs 17500000/45535504
    shell 40: pairs 17750000/45535504
    shell 41: pairs 14000000/45535504
    shell 40: pairs 18000000/45535504
    shell 40: pairs 18250000/45535504
    shell 41: pairs 14250000/45535504
    shell 40: pairs 18500000/45535504
    shell 41: pairs 14500000/45535504
    shell 40: pairs 18750000/45535504
    shell 41: pairs 14750000/45535504
    shell 40: pairs 19000000/45535504
    shell 41: pairs 15000000/45535504
    shell 40: pairs 19250000/45535504
    shell 41: pairs 15250000/45535504
    shell 40: pairs 19500000/45535504
    shell 41: pairs 15500000/45535504
    shell 40: pairs 19750000/45535504
    shell 40: pairs 20000000/45535504
    shell 41: pairs 15750000/45535504
    shell 40: pairs 20250000/45535504
    shell 41: pairs 16000000/45535504
    shell 40: pairs 20500000/45535504
    shell 40: pairs 20750000/45535504
    shell 41: pairs 16250000/45535504
    shell 40: pairs 21000000/45535504
    shell 41: pairs 16500000/45535504
    shell 40: pairs 21250000/45535504
    shell 41: pairs 16750000/45535504
    shell 40: pairs 21500000/45535504
    shell 41: pairs 17000000/45535504
    shell 40: pairs 21750000/45535504
    shell 40: pairs 22000000/45535504
    shell 41: pairs 17250000/45535504
    shell 40: pairs 22250000/45535504
    shell 41: pairs 17500000/45535504
    shell 40: pairs 22500000/45535504
    shell 40: pairs 22750000/45535504
    shell 41: pairs 17750000/45535504
    shell 40: pairs 23000000/45535504
    shell 41: pairs 18000000/45535504
    shell 40: pairs 23250000/45535504
    shell 40: pairs 23500000/45535504
    shell 41: pairs 18250000/45535504
    shell 40: pairs 23750000/45535504
    shell 41: pairs 18500000/45535504
    shell 40: pairs 24000000/45535504
    shell 40: pairs 24250000/45535504
    shell 41: pairs 18750000/45535504
    shell 40: pairs 24500000/45535504
    shell 41: pairs 19000000/45535504
    shell 40: pairs 24750000/45535504
    shell 40: pairs 25000000/45535504
    shell 41: pairs 19250000/45535504
    shell 40: pairs 25250000/45535504
    shell 41: pairs 19500000/45535504
    shell 40: pairs 25500000/45535504
    shell 41: pairs 19750000/45535504
    shell 40: pairs 25750000/45535504
    shell 41: pairs 20000000/45535504
    shell 40: pairs 26000000/45535504
    shell 40: pairs 26250000/45535504
    shell 40: pairs 26500000/45535504
    shell 41: pairs 20250000/45535504
    shell 40: pairs 26750000/45535504
    shell 41: pairs 20500000/45535504
    shell 40: pairs 27000000/45535504
    shell 41: pairs 20750000/45535504
    shell 40: pairs 27250000/45535504
    shell 41: pairs 21000000/45535504
    shell 40: pairs 27500000/45535504
    shell 40: pairs 27750000/45535504
    shell 41: pairs 21250000/45535504
    shell 40: pairs 28000000/45535504
    shell 41: pairs 21500000/45535504
    shell 40: pairs 28250000/45535504
    shell 40: pairs 28500000/45535504
    shell 41: pairs 21750000/45535504
    shell 40: pairs 28750000/45535504
    shell 40: pairs 29000000/45535504
    shell 41: pairs 22000000/45535504
    shell 40: pairs 29250000/45535504
    shell 40: pairs 29500000/45535504
    shell 41: pairs 22250000/45535504
    shell 40: pairs 29750000/45535504
    shell 41: pairs 22500000/45535504
    shell 40: pairs 30000000/45535504
    shell 40: pairs 30250000/45535504
    shell 40: pairs 30500000/45535504
    shell 41: pairs 22750000/45535504
    shell 40: pairs 30750000/45535504
    shell 41: pairs 23000000/45535504
    shell 40: pairs 31000000/45535504
    shell 40: pairs 31250000/45535504
    shell 41: pairs 23250000/45535504
    shell 40: pairs 31500000/45535504
    shell 41: pairs 23500000/45535504
    shell 40: pairs 31750000/45535504
    shell 40: pairs 32000000/45535504
    shell 41: pairs 23750000/45535504
    shell 40: pairs 32250000/45535504
    shell 40: pairs 32500000/45535504
    shell 41: pairs 24000000/45535504
    shell 40: pairs 32750000/45535504
    shell 40: pairs 33000000/45535504
    shell 41: pairs 24250000/45535504
    shell 40: pairs 33250000/45535504
    shell 41: pairs 24500000/45535504
    shell 40: pairs 33500000/45535504
    shell 41: pairs 24750000/45535504
    shell 40: pairs 33750000/45535504
    shell 40: pairs 34000000/45535504
    shell 41: pairs 25000000/45535504
    shell 41: pairs 25250000/45535504
    shell 40: pairs 34250000/45535504
    shell 40: pairs 34500000/45535504
    shell 41: pairs 25500000/45535504
    shell 40: pairs 34750000/45535504
    shell 41: pairs 25750000/45535504
    shell 40: pairs 35000000/45535504
    shell 41: pairs 26000000/45535504
    shell 40: pairs 35250000/45535504
    shell 41: pairs 26250000/45535504
    shell 40: pairs 35500000/45535504
    shell 41: pairs 26500000/45535504
    shell 40: pairs 35750000/45535504
    shell 40: pairs 36000000/45535504
    shell 41: pairs 26750000/45535504
    shell 40: pairs 36250000/45535504
    shell 40: pairs 36500000/45535504
    shell 41: pairs 27000000/45535504
    shell 40: pairs 36750000/45535504
    shell 40: pairs 37000000/45535504
    shell 40: pairs 37250000/45535504
    shell 41: pairs 27250000/45535504
    shell 40: pairs 37500000/45535504
    shell 41: pairs 27500000/45535504
    shell 40: pairs 37750000/45535504
    shell 40: pairs 38000000/45535504
    shell 40: pairs 38250000/45535504
    shell 40: pairs 38500000/45535504
    shell 41: pairs 27750000/45535504
    shell 40: pairs 38750000/45535504
    shell 41: pairs 28000000/45535504
    shell 40: pairs 39000000/45535504
    shell 40: pairs 39250000/45535504
    shell 40: pairs 39500000/45535504
    shell 41: pairs 28250000/45535504
    shell 40: pairs 39750000/45535504
    shell 40: pairs 40000000/45535504
    shell 41: pairs 28500000/45535504
    shell 40: pairs 40250000/45535504
    shell 40: pairs 40500000/45535504
    shell 41: pairs 28750000/45535504
    shell 40: pairs 40750000/45535504
    shell 40: pairs 41000000/45535504
    shell 41: pairs 29000000/45535504
    shell 40: pairs 41250000/45535504
    shell 40: pairs 41500000/45535504
    shell 41: pairs 29250000/45535504
    shell 40: pairs 41750000/45535504
    shell 41: pairs 29500000/45535504
    shell 40: pairs 42000000/45535504
    shell 40: pairs 42250000/45535504
    shell 40: pairs 42500000/45535504
    shell 40: pairs 42750000/45535504
    shell 41: pairs 29750000/45535504
    shell 40: pairs 43000000/45535504
    shell 41: pairs 30000000/45535504
    shell 40: pairs 43250000/45535504
    shell 40: pairs 43500000/45535504
    shell 41: pairs 30250000/45535504
    shell 40: pairs 43750000/45535504
    shell 41: pairs 30500000/45535504
    shell 40: pairs 44000000/45535504
    shell 40: pairs 44250000/45535504
    shell 40: pairs 44500000/45535504
    shell 40: pairs 44750000/45535504
    shell 41: pairs 30750000/45535504
    shell 40: pairs 45000000/45535504
    shell 41: pairs 31000000/45535504
    shell 40: pairs 45250000/45535504
    shell 40: pairs 45500000/45535504
  shell 40 one_inf C_term_hi=123.3167704512861637750692254647070825735 [34/87]
    shell 41: pairs 31250000/45535504
    shell 41: pairs 31500000/45535504
    shell 41: pairs 31750000/45535504
    shell 41: pairs 32000000/45535504
    shell 41: pairs 32250000/45535504
    shell 41: pairs 32500000/45535504
    shell 41: pairs 32750000/45535504
    shell 41: pairs 33000000/45535504
    shell 41: pairs 33250000/45535504
    shell 41: pairs 33500000/45535504
    shell 41: pairs 33750000/45535504
    shell 41: pairs 34000000/45535504
    shell 41: pairs 34250000/45535504
    shell 41: pairs 34500000/45535504
    shell 41: pairs 34750000/45535504
    shell 41: pairs 35000000/45535504
    shell 41: pairs 35250000/45535504
    shell 41: pairs 35500000/45535504
    shell 41: pairs 35750000/45535504
    shell 41: pairs 36000000/45535504
    shell 41: pairs 36250000/45535504
    shell 41: pairs 36500000/45535504
    shell 41: pairs 36750000/45535504
    shell 41: pairs 37000000/45535504
    shell 41: pairs 37250000/45535504
    shell 41: pairs 37500000/45535504
    shell 41: pairs 37750000/45535504
    shell 41: pairs 38000000/45535504
    shell 41: pairs 38250000/45535504
    shell 41: pairs 38500000/45535504
    shell 41: pairs 38750000/45535504
    shell 41: pairs 39000000/45535504
    shell 41: pairs 39250000/45535504
    shell 41: pairs 39500000/45535504
    shell 41: pairs 39750000/45535504
    shell 41: pairs 40000000/45535504
    shell 41: pairs 40250000/45535504
    shell 41: pairs 40500000/45535504
    shell 41: pairs 40750000/45535504
    shell 41: pairs 41000000/45535504
    shell 41: pairs 41250000/45535504
    shell 41: pairs 41500000/45535504
    shell 41: pairs 41750000/45535504
    shell 41: pairs 42000000/45535504
    shell 41: pairs 42250000/45535504
    shell 41: pairs 42500000/45535504
    shell 41: pairs 42750000/45535504
    shell 41: pairs 43000000/45535504
    shell 41: pairs 43250000/45535504
    shell 41: pairs 43500000/45535504
    shell 41: pairs 43750000/45535504
    shell 41: pairs 44000000/45535504
    shell 41: pairs 44250000/45535504
    shell 41: pairs 44500000/45535504
    shell 41: pairs 44750000/45535504
    shell 41: pairs 45000000/45535504
    shell 41: pairs 45250000/45535504
    shell 41: pairs 45500000/45535504
  shell 41 one_inf C_term_hi=139.6599762363620638258353858076296192462 [35/87]
    shell 42: pairs 250000/45535504
    shell 43: pairs 250000/45535504
    shell 43: pairs 500000/45535504
    shell 42: pairs 500000/45535504
    shell 43: pairs 750000/45535504
    shell 42: pairs 750000/45535504
    shell 43: pairs 1000000/45535504
    shell 42: pairs 1000000/45535504
    shell 43: pairs 1250000/45535504
    shell 42: pairs 1250000/45535504
    shell 43: pairs 1500000/45535504
    shell 42: pairs 1500000/45535504
    shell 43: pairs 1750000/45535504
    shell 42: pairs 1750000/45535504
    shell 43: pairs 2000000/45535504
    shell 42: pairs 2000000/45535504
    shell 43: pairs 2250000/45535504
    shell 42: pairs 2250000/45535504
    shell 43: pairs 2500000/45535504
    shell 42: pairs 2500000/45535504
    shell 43: pairs 2750000/45535504
    shell 42: pairs 2750000/45535504
    shell 43: pairs 3000000/45535504
    shell 42: pairs 3000000/45535504
    shell 43: pairs 3250000/45535504
    shell 42: pairs 3250000/45535504
    shell 43: pairs 3500000/45535504
    shell 42: pairs 3500000/45535504
    shell 43: pairs 3750000/45535504
    shell 42: pairs 3750000/45535504
    shell 43: pairs 4000000/45535504
    shell 42: pairs 4000000/45535504
    shell 43: pairs 4250000/45535504
    shell 42: pairs 4250000/45535504
    shell 43: pairs 4500000/45535504
    shell 43: pairs 4750000/45535504
    shell 42: pairs 4500000/45535504
    shell 42: pairs 4750000/45535504
    shell 43: pairs 5000000/45535504
    shell 43: pairs 5250000/45535504
    shell 42: pairs 5000000/45535504
    shell 42: pairs 5250000/45535504
    shell 43: pairs 5500000/45535504
    shell 42: pairs 5500000/45535504
    shell 43: pairs 5750000/45535504
    shell 43: pairs 6000000/45535504
    shell 42: pairs 5750000/45535504
    shell 43: pairs 6250000/45535504
    shell 42: pairs 6000000/45535504
    shell 43: pairs 6500000/45535504
    shell 42: pairs 6250000/45535504
    shell 43: pairs 6750000/45535504
    shell 42: pairs 6500000/45535504
    shell 43: pairs 7000000/45535504
    shell 42: pairs 6750000/45535504
    shell 43: pairs 7250000/45535504
    shell 42: pairs 7000000/45535504
    shell 43: pairs 7500000/45535504
    shell 42: pairs 7250000/45535504
    shell 43: pairs 7750000/45535504
    shell 42: pairs 7500000/45535504
    shell 43: pairs 8000000/45535504
    shell 42: pairs 7750000/45535504
    shell 43: pairs 8250000/45535504
    shell 43: pairs 8500000/45535504
    shell 42: pairs 8000000/45535504
    shell 42: pairs 8250000/45535504
    shell 43: pairs 8750000/45535504
    shell 43: pairs 9000000/45535504
    shell 42: pairs 8500000/45535504
    shell 43: pairs 9250000/45535504
    shell 42: pairs 8750000/45535504
    shell 43: pairs 9500000/45535504
    shell 42: pairs 9000000/45535504
    shell 43: pairs 9750000/45535504
    shell 42: pairs 9250000/45535504
    shell 43: pairs 10000000/45535504
    shell 42: pairs 9500000/45535504
    shell 43: pairs 10250000/45535504
    shell 43: pairs 10500000/45535504
    shell 42: pairs 9750000/45535504
    shell 43: pairs 10750000/45535504
    shell 42: pairs 10000000/45535504
    shell 43: pairs 11000000/45535504
    shell 42: pairs 10250000/45535504
    shell 43: pairs 11250000/45535504
    shell 42: pairs 10500000/45535504
    shell 43: pairs 11500000/45535504
    shell 42: pairs 10750000/45535504
    shell 43: pairs 11750000/45535504
    shell 42: pairs 11000000/45535504
    shell 43: pairs 12000000/45535504
    shell 42: pairs 11250000/45535504
    shell 43: pairs 12250000/45535504
    shell 42: pairs 11500000/45535504
    shell 43: pairs 12500000/45535504
    shell 42: pairs 11750000/45535504
    shell 43: pairs 12750000/45535504
    shell 42: pairs 12000000/45535504
    shell 43: pairs 13000000/45535504
    shell 43: pairs 13250000/45535504
    shell 42: pairs 12250000/45535504
    shell 43: pairs 13500000/45535504
    shell 42: pairs 12500000/45535504
    shell 43: pairs 13750000/45535504
    shell 42: pairs 12750000/45535504
    shell 43: pairs 14000000/45535504
    shell 42: pairs 13000000/45535504
    shell 43: pairs 14250000/45535504
    shell 42: pairs 13250000/45535504
    shell 43: pairs 14500000/45535504
    shell 42: pairs 13500000/45535504
    shell 43: pairs 14750000/45535504
    shell 42: pairs 13750000/45535504
    shell 43: pairs 15000000/45535504
    shell 42: pairs 14000000/45535504
    shell 43: pairs 15250000/45535504
    shell 43: pairs 15500000/45535504
    shell 42: pairs 14250000/45535504
    shell 43: pairs 15750000/45535504
    shell 42: pairs 14500000/45535504
    shell 43: pairs 16000000/45535504
    shell 42: pairs 14750000/45535504
    shell 43: pairs 16250000/45535504
    shell 42: pairs 15000000/45535504
    shell 43: pairs 16500000/45535504
    shell 42: pairs 15250000/45535504
    shell 43: pairs 16750000/45535504
    shell 42: pairs 15500000/45535504
    shell 43: pairs 17000000/45535504
    shell 42: pairs 15750000/45535504
    shell 43: pairs 17250000/45535504
    shell 42: pairs 16000000/45535504
    shell 43: pairs 17500000/45535504
    shell 42: pairs 16250000/45535504
    shell 43: pairs 17750000/45535504
    shell 42: pairs 16500000/45535504
    shell 43: pairs 18000000/45535504
    shell 43: pairs 18250000/45535504
    shell 42: pairs 16750000/45535504
    shell 43: pairs 18500000/45535504
    shell 42: pairs 17000000/45535504
    shell 43: pairs 18750000/45535504
    shell 42: pairs 17250000/45535504
    shell 43: pairs 19000000/45535504
    shell 42: pairs 17500000/45535504
    shell 43: pairs 19250000/45535504
    shell 42: pairs 17750000/45535504
    shell 43: pairs 19500000/45535504
    shell 42: pairs 18000000/45535504
    shell 43: pairs 19750000/45535504
    shell 43: pairs 20000000/45535504
    shell 42: pairs 18250000/45535504
    shell 43: pairs 20250000/45535504
    shell 42: pairs 18500000/45535504
    shell 43: pairs 20500000/45535504
    shell 42: pairs 18750000/45535504
    shell 43: pairs 20750000/45535504
    shell 42: pairs 19000000/45535504
    shell 43: pairs 21000000/45535504
    shell 43: pairs 21250000/45535504
    shell 42: pairs 19250000/45535504
    shell 43: pairs 21500000/45535504
    shell 42: pairs 19500000/45535504
    shell 42: pairs 19750000/45535504
    shell 43: pairs 21750000/45535504
    shell 42: pairs 20000000/45535504
    shell 43: pairs 22000000/45535504
    shell 43: pairs 22250000/45535504
    shell 42: pairs 20250000/45535504
    shell 43: pairs 22500000/45535504
    shell 42: pairs 20500000/45535504
    shell 43: pairs 22750000/45535504
    shell 42: pairs 20750000/45535504
    shell 43: pairs 23000000/45535504
    shell 42: pairs 21000000/45535504
    shell 43: pairs 23250000/45535504
    shell 42: pairs 21250000/45535504
    shell 43: pairs 23500000/45535504
    shell 42: pairs 21500000/45535504
    shell 43: pairs 23750000/45535504
    shell 43: pairs 24000000/45535504
    shell 42: pairs 21750000/45535504
    shell 43: pairs 24250000/45535504
    shell 42: pairs 22000000/45535504
    shell 43: pairs 24500000/45535504
    shell 43: pairs 24750000/45535504
    shell 42: pairs 22250000/45535504
    shell 43: pairs 25000000/45535504
    shell 42: pairs 22500000/45535504
    shell 43: pairs 25250000/45535504
    shell 42: pairs 22750000/45535504
    shell 43: pairs 25500000/45535504
    shell 42: pairs 23000000/45535504
    shell 43: pairs 25750000/45535504
    shell 43: pairs 26000000/45535504
    shell 42: pairs 23250000/45535504
    shell 43: pairs 26250000/45535504
    shell 42: pairs 23500000/45535504
    shell 43: pairs 26500000/45535504
    shell 43: pairs 26750000/45535504
    shell 42: pairs 23750000/45535504
    shell 43: pairs 27000000/45535504
    shell 42: pairs 24000000/45535504
    shell 43: pairs 27250000/45535504
    shell 42: pairs 24250000/45535504
    shell 43: pairs 27500000/45535504
    shell 42: pairs 24500000/45535504
    shell 43: pairs 27750000/45535504
    shell 42: pairs 24750000/45535504
    shell 43: pairs 28000000/45535504
    shell 42: pairs 25000000/45535504
    shell 43: pairs 28250000/45535504
    shell 42: pairs 25250000/45535504
    shell 43: pairs 28500000/45535504
    shell 42: pairs 25500000/45535504
    shell 43: pairs 28750000/45535504
    shell 42: pairs 25750000/45535504
    shell 43: pairs 29000000/45535504
    shell 42: pairs 26000000/45535504
    shell 43: pairs 29250000/45535504
    shell 42: pairs 26250000/45535504
    shell 43: pairs 29500000/45535504
    shell 42: pairs 26500000/45535504
    shell 43: pairs 29750000/45535504
    shell 42: pairs 26750000/45535504
    shell 43: pairs 30000000/45535504
    shell 42: pairs 27000000/45535504
    shell 43: pairs 30250000/45535504
    shell 43: pairs 30500000/45535504
    shell 42: pairs 27250000/45535504
    shell 43: pairs 30750000/45535504
    shell 42: pairs 27500000/45535504
    shell 43: pairs 31000000/45535504
    shell 42: pairs 27750000/45535504
    shell 43: pairs 31250000/45535504
    shell 43: pairs 31500000/45535504
    shell 42: pairs 28000000/45535504
    shell 43: pairs 31750000/45535504
    shell 42: pairs 28250000/45535504
    shell 43: pairs 32000000/45535504
    shell 42: pairs 28500000/45535504
    shell 43: pairs 32250000/45535504
    shell 43: pairs 32500000/45535504
    shell 42: pairs 28750000/45535504
    shell 43: pairs 32750000/45535504
    shell 42: pairs 29000000/45535504
    shell 43: pairs 33000000/45535504
    shell 42: pairs 29250000/45535504
    shell 43: pairs 33250000/45535504
    shell 42: pairs 29500000/45535504
    shell 43: pairs 33500000/45535504
    shell 43: pairs 33750000/45535504
    shell 42: pairs 29750000/45535504
    shell 43: pairs 34000000/45535504
    shell 42: pairs 30000000/45535504
    shell 43: pairs 34250000/45535504
    shell 42: pairs 30250000/45535504
    shell 43: pairs 34500000/45535504
    shell 42: pairs 30500000/45535504
    shell 43: pairs 34750000/45535504
    shell 43: pairs 35000000/45535504
    shell 42: pairs 30750000/45535504
    shell 43: pairs 35250000/45535504
    shell 42: pairs 31000000/45535504
    shell 43: pairs 35500000/45535504
    shell 42: pairs 31250000/45535504
    shell 43: pairs 35750000/45535504
    shell 43: pairs 36000000/45535504
    shell 42: pairs 31500000/45535504
    shell 43: pairs 36250000/45535504
    shell 43: pairs 36500000/45535504
    shell 42: pairs 31750000/45535504
    shell 42: pairs 32000000/45535504
    shell 43: pairs 36750000/45535504
    shell 43: pairs 37000000/45535504
    shell 42: pairs 32250000/45535504
    shell 43: pairs 37250000/45535504
    shell 43: pairs 37500000/45535504
    shell 42: pairs 32500000/45535504
    shell 43: pairs 37750000/45535504
    shell 43: pairs 38000000/45535504
    shell 42: pairs 32750000/45535504
    shell 43: pairs 38250000/45535504
    shell 42: pairs 33000000/45535504
    shell 43: pairs 38500000/45535504
    shell 42: pairs 33250000/45535504
    shell 43: pairs 38750000/45535504
    shell 43: pairs 39000000/45535504
    shell 42: pairs 33500000/45535504
    shell 43: pairs 39250000/45535504
    shell 42: pairs 33750000/45535504
    shell 43: pairs 39500000/45535504
    shell 42: pairs 34000000/45535504
    shell 43: pairs 39750000/45535504
    shell 43: pairs 40000000/45535504
    shell 42: pairs 34250000/45535504
    shell 43: pairs 40250000/45535504
    shell 42: pairs 34500000/45535504
    shell 43: pairs 40500000/45535504
    shell 42: pairs 34750000/45535504
    shell 43: pairs 40750000/45535504
    shell 42: pairs 35000000/45535504
    shell 43: pairs 41000000/45535504
    shell 43: pairs 41250000/45535504
    shell 42: pairs 35250000/45535504
    shell 43: pairs 41500000/45535504
    shell 42: pairs 35500000/45535504
    shell 43: pairs 41750000/45535504
    shell 43: pairs 42000000/45535504
    shell 42: pairs 35750000/45535504
    shell 43: pairs 42250000/45535504
    shell 43: pairs 42500000/45535504
    shell 42: pairs 36000000/45535504
    shell 43: pairs 42750000/45535504
    shell 42: pairs 36250000/45535504
    shell 43: pairs 43000000/45535504
    shell 42: pairs 36500000/45535504
    shell 43: pairs 43250000/45535504
    shell 43: pairs 43500000/45535504
    shell 42: pairs 36750000/45535504
    shell 43: pairs 43750000/45535504
    shell 42: pairs 37000000/45535504
    shell 43: pairs 44000000/45535504
    shell 43: pairs 44250000/45535504
    shell 42: pairs 37250000/45535504
    shell 43: pairs 44500000/45535504
    shell 42: pairs 37500000/45535504
    shell 43: pairs 44750000/45535504
    shell 43: pairs 45000000/45535504
    shell 42: pairs 37750000/45535504
    shell 43: pairs 45250000/45535504
    shell 42: pairs 38000000/45535504
    shell 43: pairs 45500000/45535504
  shell 43 one_inf C_term_hi=110.1736801309648703338520470307919521752 [36/87]
    shell 42: pairs 38250000/45535504
    shell 42: pairs 38500000/45535504
    shell 42: pairs 38750000/45535504
    shell 42: pairs 39000000/45535504
    shell 42: pairs 39250000/45535504
    shell 42: pairs 39500000/45535504
    shell 42: pairs 39750000/45535504
    shell 42: pairs 40000000/45535504
    shell 42: pairs 40250000/45535504
    shell 42: pairs 40500000/45535504
    shell 42: pairs 40750000/45535504
    shell 42: pairs 41000000/45535504
    shell 42: pairs 41250000/45535504
    shell 42: pairs 41500000/45535504
    shell 42: pairs 41750000/45535504
    shell 42: pairs 42000000/45535504
    shell 42: pairs 42250000/45535504
    shell 42: pairs 42500000/45535504
    shell 42: pairs 42750000/45535504
    shell 42: pairs 43000000/45535504
    shell 42: pairs 43250000/45535504
    shell 42: pairs 43500000/45535504
    shell 42: pairs 43750000/45535504
    shell 42: pairs 44000000/45535504
    shell 42: pairs 44250000/45535504
    shell 42: pairs 44500000/45535504
    shell 42: pairs 44750000/45535504
    shell 42: pairs 45000000/45535504
    shell 42: pairs 45250000/45535504
    shell 42: pairs 45500000/45535504
  shell 42 one_inf C_term_hi=121.0157682527019982927635857508856239368 [37/87]
    shell 44: pairs 250000/45535504
    shell 45: pairs 250000/45535504
    shell 44: pairs 500000/45535504
    shell 45: pairs 500000/45535504
    shell 44: pairs 750000/45535504
    shell 45: pairs 750000/45535504
    shell 44: pairs 1000000/45535504
    shell 45: pairs 1000000/45535504
    shell 44: pairs 1250000/45535504
    shell 45: pairs 1250000/45535504
    shell 44: pairs 1500000/45535504
    shell 45: pairs 1500000/45535504
    shell 44: pairs 1750000/45535504
    shell 45: pairs 1750000/45535504
    shell 44: pairs 2000000/45535504
    shell 45: pairs 2000000/45535504
    shell 44: pairs 2250000/45535504
    shell 44: pairs 2500000/45535504
    shell 45: pairs 2250000/45535504
    shell 44: pairs 2750000/45535504
    shell 45: pairs 2500000/45535504
    shell 44: pairs 3000000/45535504
    shell 45: pairs 2750000/45535504
    shell 44: pairs 3250000/45535504
    shell 45: pairs 3000000/45535504
    shell 44: pairs 3500000/45535504
    shell 45: pairs 3250000/45535504
    shell 44: pairs 3750000/45535504
    shell 45: pairs 3500000/45535504
    shell 44: pairs 4000000/45535504
    shell 45: pairs 3750000/45535504
    shell 44: pairs 4250000/45535504
    shell 45: pairs 4000000/45535504
    shell 44: pairs 4500000/45535504
    shell 44: pairs 4750000/45535504
    shell 45: pairs 4250000/45535504
    shell 44: pairs 5000000/45535504
    shell 45: pairs 4500000/45535504
    shell 44: pairs 5250000/45535504
    shell 45: pairs 4750000/45535504
    shell 44: pairs 5500000/45535504
    shell 45: pairs 5000000/45535504
    shell 44: pairs 5750000/45535504
    shell 45: pairs 5250000/45535504
    shell 44: pairs 6000000/45535504
    shell 45: pairs 5500000/45535504
    shell 44: pairs 6250000/45535504
    shell 44: pairs 6500000/45535504
    shell 45: pairs 5750000/45535504
    shell 44: pairs 6750000/45535504
    shell 45: pairs 6000000/45535504
    shell 44: pairs 7000000/45535504
    shell 45: pairs 6250000/45535504
    shell 44: pairs 7250000/45535504
    shell 45: pairs 6500000/45535504
    shell 44: pairs 7500000/45535504
    shell 45: pairs 6750000/45535504
    shell 44: pairs 7750000/45535504
    shell 45: pairs 7000000/45535504
    shell 44: pairs 8000000/45535504
    shell 45: pairs 7250000/45535504
    shell 44: pairs 8250000/45535504
    shell 45: pairs 7500000/45535504
    shell 44: pairs 8500000/45535504
    shell 44: pairs 8750000/45535504
    shell 45: pairs 7750000/45535504
    shell 44: pairs 9000000/45535504
    shell 45: pairs 8000000/45535504
    shell 44: pairs 9250000/45535504
    shell 45: pairs 8250000/45535504
    shell 44: pairs 9500000/45535504
    shell 45: pairs 8500000/45535504
    shell 44: pairs 9750000/45535504
    shell 44: pairs 10000000/45535504
    shell 45: pairs 8750000/45535504
    shell 44: pairs 10250000/45535504
    shell 45: pairs 9000000/45535504
    shell 44: pairs 10500000/45535504
    shell 45: pairs 9250000/45535504
    shell 44: pairs 10750000/45535504
    shell 45: pairs 9500000/45535504
    shell 44: pairs 11000000/45535504
    shell 44: pairs 11250000/45535504
    shell 45: pairs 9750000/45535504
    shell 44: pairs 11500000/45535504
    shell 45: pairs 10000000/45535504
    shell 44: pairs 11750000/45535504
    shell 45: pairs 10250000/45535504
    shell 44: pairs 12000000/45535504
    shell 45: pairs 10500000/45535504
    shell 44: pairs 12250000/45535504
    shell 44: pairs 12500000/45535504
    shell 45: pairs 10750000/45535504
    shell 45: pairs 11000000/45535504
    shell 44: pairs 12750000/45535504
    shell 44: pairs 13000000/45535504
    shell 45: pairs 11250000/45535504
    shell 44: pairs 13250000/45535504
    shell 45: pairs 11500000/45535504
    shell 44: pairs 13500000/45535504
    shell 45: pairs 11750000/45535504
    shell 44: pairs 13750000/45535504
    shell 45: pairs 12000000/45535504
    shell 44: pairs 14000000/45535504
    shell 44: pairs 14250000/45535504
    shell 45: pairs 12250000/45535504
    shell 44: pairs 14500000/45535504
    shell 45: pairs 12500000/45535504
    shell 44: pairs 14750000/45535504
    shell 45: pairs 12750000/45535504
    shell 44: pairs 15000000/45535504
    shell 45: pairs 13000000/45535504
    shell 44: pairs 15250000/45535504
    shell 44: pairs 15500000/45535504
    shell 45: pairs 13250000/45535504
    shell 44: pairs 15750000/45535504
    shell 45: pairs 13500000/45535504
    shell 44: pairs 16000000/45535504
    shell 44: pairs 16250000/45535504
    shell 45: pairs 13750000/45535504
    shell 44: pairs 16500000/45535504
    shell 45: pairs 14000000/45535504
    shell 44: pairs 16750000/45535504
    shell 44: pairs 17000000/45535504
    shell 45: pairs 14250000/45535504
    shell 45: pairs 14500000/45535504
    shell 44: pairs 17250000/45535504
    shell 44: pairs 17500000/45535504
    shell 45: pairs 14750000/45535504
    shell 44: pairs 17750000/45535504
    shell 45: pairs 15000000/45535504
    shell 44: pairs 18000000/45535504
    shell 45: pairs 15250000/45535504
    shell 44: pairs 18250000/45535504
    shell 45: pairs 15500000/45535504
    shell 44: pairs 18500000/45535504
    shell 45: pairs 15750000/45535504
    shell 44: pairs 18750000/45535504
    shell 45: pairs 16000000/45535504
    shell 44: pairs 19000000/45535504
    shell 44: pairs 19250000/45535504
    shell 45: pairs 16250000/45535504
    shell 44: pairs 19500000/45535504
    shell 45: pairs 16500000/45535504
    shell 44: pairs 19750000/45535504
    shell 44: pairs 20000000/45535504
    shell 45: pairs 16750000/45535504
    shell 45: pairs 17000000/45535504
    shell 44: pairs 20250000/45535504
    shell 44: pairs 20500000/45535504
    shell 45: pairs 17250000/45535504
    shell 44: pairs 20750000/45535504
    shell 45: pairs 17500000/45535504
    shell 44: pairs 21000000/45535504
    shell 44: pairs 21250000/45535504
    shell 45: pairs 17750000/45535504
    shell 44: pairs 21500000/45535504
    shell 45: pairs 18000000/45535504
    shell 44: pairs 21750000/45535504
    shell 45: pairs 18250000/45535504
    shell 44: pairs 22000000/45535504
    shell 45: pairs 18500000/45535504
    shell 44: pairs 22250000/45535504
    shell 44: pairs 22500000/45535504
    shell 45: pairs 18750000/45535504
    shell 44: pairs 22750000/45535504
    shell 45: pairs 19000000/45535504
    shell 44: pairs 23000000/45535504
    shell 45: pairs 19250000/45535504
    shell 44: pairs 23250000/45535504
    shell 44: pairs 23500000/45535504
    shell 45: pairs 19500000/45535504
    shell 45: pairs 19750000/45535504
    shell 44: pairs 23750000/45535504
    shell 45: pairs 20000000/45535504
    shell 44: pairs 24000000/45535504
    shell 44: pairs 24250000/45535504
    shell 45: pairs 20250000/45535504
    shell 44: pairs 24500000/45535504
    shell 45: pairs 20500000/45535504
    shell 44: pairs 24750000/45535504
    shell 45: pairs 20750000/45535504
    shell 44: pairs 25000000/45535504
    shell 44: pairs 25250000/45535504
    shell 45: pairs 21000000/45535504
    shell 44: pairs 25500000/45535504
    shell 44: pairs 25750000/45535504
    shell 45: pairs 21250000/45535504
    shell 44: pairs 26000000/45535504
    shell 45: pairs 21500000/45535504
    shell 44: pairs 26250000/45535504
    shell 44: pairs 26500000/45535504
    shell 45: pairs 21750000/45535504
    shell 44: pairs 26750000/45535504
    shell 45: pairs 22000000/45535504
    shell 44: pairs 27000000/45535504
    shell 44: pairs 27250000/45535504
    shell 45: pairs 22250000/45535504
    shell 44: pairs 27500000/45535504
    shell 45: pairs 22500000/45535504
    shell 44: pairs 27750000/45535504
    shell 44: pairs 28000000/45535504
    shell 45: pairs 22750000/45535504
    shell 45: pairs 23000000/45535504
    shell 44: pairs 28250000/45535504
    shell 44: pairs 28500000/45535504
    shell 45: pairs 23250000/45535504
    shell 44: pairs 28750000/45535504
    shell 45: pairs 23500000/45535504
    shell 44: pairs 29000000/45535504
    shell 44: pairs 29250000/45535504
    shell 45: pairs 23750000/45535504
    shell 44: pairs 29500000/45535504
    shell 45: pairs 24000000/45535504
    shell 44: pairs 29750000/45535504
    shell 44: pairs 30000000/45535504
    shell 45: pairs 24250000/45535504
    shell 44: pairs 30250000/45535504
    shell 45: pairs 24500000/45535504
    shell 44: pairs 30500000/45535504
    shell 45: pairs 24750000/45535504
    shell 44: pairs 30750000/45535504
    shell 45: pairs 25000000/45535504
    shell 44: pairs 31000000/45535504
    shell 45: pairs 25250000/45535504
    shell 44: pairs 31250000/45535504
    shell 45: pairs 25500000/45535504
    shell 44: pairs 31500000/45535504
    shell 45: pairs 25750000/45535504
    shell 44: pairs 31750000/45535504
    shell 45: pairs 26000000/45535504
    shell 44: pairs 32000000/45535504
    shell 45: pairs 26250000/45535504
    shell 44: pairs 32250000/45535504
    shell 45: pairs 26500000/45535504
    shell 44: pairs 32500000/45535504
    shell 44: pairs 32750000/45535504
    shell 45: pairs 26750000/45535504
    shell 44: pairs 33000000/45535504
    shell 45: pairs 27000000/45535504
    shell 44: pairs 33250000/45535504
    shell 44: pairs 33500000/45535504
    shell 45: pairs 27250000/45535504
    shell 44: pairs 33750000/45535504
    shell 44: pairs 34000000/45535504
    shell 45: pairs 27500000/45535504
    shell 44: pairs 34250000/45535504
    shell 45: pairs 27750000/45535504
    shell 44: pairs 34500000/45535504
    shell 44: pairs 34750000/45535504
    shell 45: pairs 28000000/45535504
    shell 44: pairs 35000000/45535504
    shell 44: pairs 35250000/45535504
    shell 45: pairs 28250000/45535504
    shell 44: pairs 35500000/45535504
    shell 45: pairs 28500000/45535504
    shell 44: pairs 35750000/45535504
    shell 44: pairs 36000000/45535504
    shell 45: pairs 28750000/45535504
    shell 44: pairs 36250000/45535504
    shell 45: pairs 29000000/45535504
    shell 44: pairs 36500000/45535504
    shell 44: pairs 36750000/45535504
    shell 44: pairs 37000000/45535504
    shell 45: pairs 29250000/45535504
    shell 44: pairs 37250000/45535504
    shell 45: pairs 29500000/45535504
    shell 44: pairs 37500000/45535504
    shell 44: pairs 37750000/45535504
    shell 45: pairs 29750000/45535504
    shell 44: pairs 38000000/45535504
    shell 44: pairs 38250000/45535504
    shell 45: pairs 30000000/45535504
    shell 44: pairs 38500000/45535504
    shell 45: pairs 30250000/45535504
    shell 44: pairs 38750000/45535504
    shell 45: pairs 30500000/45535504
    shell 44: pairs 39000000/45535504
    shell 44: pairs 39250000/45535504
    shell 45: pairs 30750000/45535504
    shell 44: pairs 39500000/45535504
    shell 44: pairs 39750000/45535504
    shell 45: pairs 31000000/45535504
    shell 44: pairs 40000000/45535504
    shell 44: pairs 40250000/45535504
    shell 45: pairs 31250000/45535504
    shell 44: pairs 40500000/45535504
    shell 45: pairs 31500000/45535504
    shell 44: pairs 40750000/45535504
    shell 44: pairs 41000000/45535504
    shell 44: pairs 41250000/45535504
    shell 45: pairs 31750000/45535504
    shell 44: pairs 41500000/45535504
    shell 45: pairs 32000000/45535504
    shell 44: pairs 41750000/45535504
    shell 44: pairs 42000000/45535504
    shell 45: pairs 32250000/45535504
    shell 44: pairs 42250000/45535504
    shell 44: pairs 42500000/45535504
    shell 45: pairs 32500000/45535504
    shell 44: pairs 42750000/45535504
    shell 44: pairs 43000000/45535504
    shell 45: pairs 32750000/45535504
    shell 44: pairs 43250000/45535504
    shell 44: pairs 43500000/45535504
    shell 45: pairs 33000000/45535504
    shell 44: pairs 43750000/45535504
    shell 44: pairs 44000000/45535504
    shell 44: pairs 44250000/45535504
    shell 45: pairs 33250000/45535504
    shell 44: pairs 44500000/45535504
    shell 44: pairs 44750000/45535504
    shell 45: pairs 33500000/45535504
    shell 44: pairs 45000000/45535504
    shell 45: pairs 33750000/45535504
    shell 44: pairs 45250000/45535504
    shell 44: pairs 45500000/45535504
    shell 45: pairs 34000000/45535504
  shell 44 one_inf C_term_hi=120.7410234279636389251051745234668781075 [38/87]
    shell 45: pairs 34250000/45535504
    shell 45: pairs 34500000/45535504
    shell 45: pairs 34750000/45535504
    shell 45: pairs 35000000/45535504
    shell 45: pairs 35250000/45535504
    shell 45: pairs 35500000/45535504
    shell 45: pairs 35750000/45535504
    shell 45: pairs 36000000/45535504
    shell 45: pairs 36250000/45535504
    shell 45: pairs 36500000/45535504
    shell 45: pairs 36750000/45535504
    shell 45: pairs 37000000/45535504
    shell 45: pairs 37250000/45535504
    shell 45: pairs 37500000/45535504
    shell 45: pairs 37750000/45535504
    shell 45: pairs 38000000/45535504
    shell 45: pairs 38250000/45535504
    shell 45: pairs 38500000/45535504
    shell 45: pairs 38750000/45535504
    shell 45: pairs 39000000/45535504
    shell 45: pairs 39250000/45535504
    shell 45: pairs 39500000/45535504
    shell 45: pairs 39750000/45535504
    shell 45: pairs 40000000/45535504
    shell 45: pairs 40250000/45535504
    shell 45: pairs 40500000/45535504
    shell 45: pairs 40750000/45535504
    shell 45: pairs 41000000/45535504
    shell 45: pairs 41250000/45535504
    shell 45: pairs 41500000/45535504
    shell 45: pairs 41750000/45535504
    shell 45: pairs 42000000/45535504
    shell 45: pairs 42250000/45535504
    shell 45: pairs 42500000/45535504
    shell 45: pairs 42750000/45535504
    shell 45: pairs 43000000/45535504
    shell 45: pairs 43250000/45535504
    shell 45: pairs 43500000/45535504
    shell 45: pairs 43750000/45535504
    shell 45: pairs 44000000/45535504
    shell 45: pairs 44250000/45535504
    shell 45: pairs 44500000/45535504
    shell 45: pairs 44750000/45535504
    shell 45: pairs 45000000/45535504
    shell 45: pairs 45250000/45535504
    shell 45: pairs 45500000/45535504
  shell 45 one_inf C_term_hi=128.983848632878884983260701124596113398 [39/87]
    shell 48: pairs 250000/45535504
    shell 46: pairs 250000/45535504
    shell 48: pairs 500000/45535504
    shell 46: pairs 500000/45535504
    shell 48: pairs 750000/45535504
    shell 46: pairs 750000/45535504
    shell 48: pairs 1000000/45535504
    shell 46: pairs 1000000/45535504
    shell 48: pairs 1250000/45535504
    shell 46: pairs 1250000/45535504
    shell 48: pairs 1500000/45535504
    shell 46: pairs 1500000/45535504
    shell 48: pairs 1750000/45535504
    shell 46: pairs 1750000/45535504
    shell 48: pairs 2000000/45535504
    shell 46: pairs 2000000/45535504
    shell 48: pairs 2250000/45535504
    shell 46: pairs 2250000/45535504
    shell 48: pairs 2500000/45535504
    shell 46: pairs 2500000/45535504
    shell 48: pairs 2750000/45535504
    shell 46: pairs 2750000/45535504
    shell 48: pairs 3000000/45535504
    shell 46: pairs 3000000/45535504
    shell 48: pairs 3250000/45535504
    shell 48: pairs 3500000/45535504
    shell 46: pairs 3250000/45535504
    shell 48: pairs 3750000/45535504
    shell 46: pairs 3500000/45535504
    shell 48: pairs 4000000/45535504
    shell 46: pairs 3750000/45535504
    shell 48: pairs 4250000/45535504
    shell 46: pairs 4000000/45535504
    shell 48: pairs 4500000/45535504
    shell 46: pairs 4250000/45535504
    shell 48: pairs 4750000/45535504
    shell 46: pairs 4500000/45535504
    shell 48: pairs 5000000/45535504
    shell 46: pairs 4750000/45535504
    shell 48: pairs 5250000/45535504
    shell 46: pairs 5000000/45535504
    shell 48: pairs 5500000/45535504
    shell 46: pairs 5250000/45535504
    shell 48: pairs 5750000/45535504
    shell 46: pairs 5500000/45535504
    shell 48: pairs 6000000/45535504
    shell 48: pairs 6250000/45535504
    shell 46: pairs 5750000/45535504
    shell 48: pairs 6500000/45535504
    shell 46: pairs 6000000/45535504
    shell 48: pairs 6750000/45535504
    shell 46: pairs 6250000/45535504
    shell 48: pairs 7000000/45535504
    shell 46: pairs 6500000/45535504
    shell 48: pairs 7250000/45535504
    shell 46: pairs 6750000/45535504
    shell 48: pairs 7500000/45535504
    shell 46: pairs 7000000/45535504
    shell 48: pairs 7750000/45535504
    shell 46: pairs 7250000/45535504
    shell 48: pairs 8000000/45535504
    shell 48: pairs 8250000/45535504
    shell 46: pairs 7500000/45535504
    shell 48: pairs 8500000/45535504
    shell 46: pairs 7750000/45535504
    shell 48: pairs 8750000/45535504
    shell 46: pairs 8000000/45535504
    shell 48: pairs 9000000/45535504
    shell 46: pairs 8250000/45535504
    shell 48: pairs 9250000/45535504
    shell 46: pairs 8500000/45535504
    shell 48: pairs 9500000/45535504
    shell 48: pairs 9750000/45535504
    shell 46: pairs 8750000/45535504
    shell 48: pairs 10000000/45535504
    shell 46: pairs 9000000/45535504
    shell 48: pairs 10250000/45535504
    shell 46: pairs 9250000/45535504
    shell 48: pairs 10500000/45535504
    shell 46: pairs 9500000/45535504
    shell 48: pairs 10750000/45535504
    shell 46: pairs 9750000/45535504
    shell 48: pairs 11000000/45535504
    shell 46: pairs 10000000/45535504
    shell 48: pairs 11250000/45535504
    shell 48: pairs 11500000/45535504
    shell 46: pairs 10250000/45535504
    shell 48: pairs 11750000/45535504
    shell 46: pairs 10500000/45535504
    shell 48: pairs 12000000/45535504
    shell 46: pairs 10750000/45535504
    shell 48: pairs 12250000/45535504
    shell 46: pairs 11000000/45535504
    shell 48: pairs 12500000/45535504
    shell 46: pairs 11250000/45535504
    shell 48: pairs 12750000/45535504
    shell 46: pairs 11500000/45535504
    shell 48: pairs 13000000/45535504
    shell 48: pairs 13250000/45535504
    shell 46: pairs 11750000/45535504
    shell 48: pairs 13500000/45535504
    shell 46: pairs 12000000/45535504
    shell 48: pairs 13750000/45535504
    shell 46: pairs 12250000/45535504
    shell 48: pairs 14000000/45535504
    shell 46: pairs 12500000/45535504
    shell 48: pairs 14250000/45535504
    shell 48: pairs 14500000/45535504
    shell 46: pairs 12750000/45535504
    shell 48: pairs 14750000/45535504
    shell 46: pairs 13000000/45535504
    shell 48: pairs 15000000/45535504
    shell 46: pairs 13250000/45535504
    shell 48: pairs 15250000/45535504
    shell 46: pairs 13500000/45535504
    shell 48: pairs 15500000/45535504
    shell 48: pairs 15750000/45535504
    shell 46: pairs 13750000/45535504
    shell 48: pairs 16000000/45535504
    shell 46: pairs 14000000/45535504
    shell 48: pairs 16250000/45535504
    shell 48: pairs 16500000/45535504
    shell 46: pairs 14250000/45535504
    shell 48: pairs 16750000/45535504
    shell 46: pairs 14500000/45535504
    shell 48: pairs 17000000/45535504
    shell 46: pairs 14750000/45535504
    shell 48: pairs 17250000/45535504
    shell 46: pairs 15000000/45535504
    shell 48: pairs 17500000/45535504
    shell 46: pairs 15250000/45535504
    shell 48: pairs 17750000/45535504
    shell 46: pairs 15500000/45535504
    shell 48: pairs 18000000/45535504
    shell 46: pairs 15750000/45535504
    shell 48: pairs 18250000/45535504
    shell 48: pairs 18500000/45535504
    shell 46: pairs 16000000/45535504
    shell 48: pairs 18750000/45535504
    shell 46: pairs 16250000/45535504
    shell 48: pairs 19000000/45535504
    shell 46: pairs 16500000/45535504
    shell 48: pairs 19250000/45535504
    shell 48: pairs 19500000/45535504
    shell 46: pairs 16750000/45535504
    shell 48: pairs 19750000/45535504
    shell 46: pairs 17000000/45535504
    shell 48: pairs 20000000/45535504
    shell 46: pairs 17250000/45535504
    shell 48: pairs 20250000/45535504
    shell 46: pairs 17500000/45535504
    shell 48: pairs 20500000/45535504
    shell 48: pairs 20750000/45535504
    shell 46: pairs 17750000/45535504
    shell 48: pairs 21000000/45535504
    shell 46: pairs 18000000/45535504
    shell 48: pairs 21250000/45535504
    shell 46: pairs 18250000/45535504
    shell 48: pairs 21500000/45535504
    shell 46: pairs 18500000/45535504
    shell 48: pairs 21750000/45535504
    shell 48: pairs 22000000/45535504
    shell 46: pairs 18750000/45535504
    shell 48: pairs 22250000/45535504
    shell 46: pairs 19000000/45535504
    shell 48: pairs 22500000/45535504
    shell 46: pairs 19250000/45535504
    shell 48: pairs 22750000/45535504
    shell 48: pairs 23000000/45535504
    shell 46: pairs 19500000/45535504
    shell 48: pairs 23250000/45535504
    shell 46: pairs 19750000/45535504
    shell 48: pairs 23500000/45535504
    shell 46: pairs 20000000/45535504
    shell 48: pairs 23750000/45535504
    shell 46: pairs 20250000/45535504
    shell 48: pairs 24000000/45535504
    shell 46: pairs 20500000/45535504
    shell 48: pairs 24250000/45535504
    shell 48: pairs 24500000/45535504
    shell 46: pairs 20750000/45535504
    shell 48: pairs 24750000/45535504
    shell 46: pairs 21000000/45535504
    shell 48: pairs 25000000/45535504
    shell 48: pairs 25250000/45535504
    shell 46: pairs 21250000/45535504
    shell 48: pairs 25500000/45535504
    shell 46: pairs 21500000/45535504
    shell 48: pairs 25750000/45535504
    shell 48: pairs 26000000/45535504
    shell 46: pairs 21750000/45535504
    shell 48: pairs 26250000/45535504
    shell 46: pairs 22000000/45535504
    shell 48: pairs 26500000/45535504
    shell 46: pairs 22250000/45535504
    shell 48: pairs 26750000/45535504
    shell 48: pairs 27000000/45535504
    shell 46: pairs 22500000/45535504
    shell 48: pairs 27250000/45535504
    shell 46: pairs 22750000/45535504
    shell 48: pairs 27500000/45535504
    shell 46: pairs 23000000/45535504
    shell 48: pairs 27750000/45535504
    shell 48: pairs 28000000/45535504
    shell 46: pairs 23250000/45535504
    shell 48: pairs 28250000/45535504
    shell 46: pairs 23500000/45535504
    shell 48: pairs 28500000/45535504
    shell 48: pairs 28750000/45535504
    shell 46: pairs 23750000/45535504
    shell 48: pairs 29000000/45535504
    shell 46: pairs 24000000/45535504
    shell 48: pairs 29250000/45535504
    shell 48: pairs 29500000/45535504
    shell 46: pairs 24250000/45535504
    shell 48: pairs 29750000/45535504
    shell 46: pairs 24500000/45535504
    shell 48: pairs 30000000/45535504
    shell 46: pairs 24750000/45535504
    shell 48: pairs 30250000/45535504
    shell 46: pairs 25000000/45535504
    shell 48: pairs 30500000/45535504
    shell 46: pairs 25250000/45535504
    shell 48: pairs 30750000/45535504
    shell 46: pairs 25500000/45535504
    shell 48: pairs 31000000/45535504
    shell 46: pairs 25750000/45535504
    shell 48: pairs 31250000/45535504
    shell 48: pairs 31500000/45535504
    shell 46: pairs 26000000/45535504
    shell 48: pairs 31750000/45535504
    shell 46: pairs 26250000/45535504
    shell 48: pairs 32000000/45535504
    shell 46: pairs 26500000/45535504
    shell 48: pairs 32250000/45535504
    shell 48: pairs 32500000/45535504
    shell 46: pairs 26750000/45535504
    shell 48: pairs 32750000/45535504
    shell 46: pairs 27000000/45535504
    shell 48: pairs 33000000/45535504
    shell 48: pairs 33250000/45535504
    shell 46: pairs 27250000/45535504
    shell 48: pairs 33500000/45535504
    shell 46: pairs 27500000/45535504
    shell 48: pairs 33750000/45535504
    shell 48: pairs 34000000/45535504
    shell 46: pairs 27750000/45535504
    shell 48: pairs 34250000/45535504
    shell 46: pairs 28000000/45535504
    shell 48: pairs 34500000/45535504
    shell 48: pairs 34750000/45535504
    shell 46: pairs 28250000/45535504
    shell 48: pairs 35000000/45535504
    shell 46: pairs 28500000/45535504
    shell 48: pairs 35250000/45535504
    shell 48: pairs 35500000/45535504
    shell 46: pairs 28750000/45535504
    shell 48: pairs 35750000/45535504
    shell 46: pairs 29000000/45535504
    shell 48: pairs 36000000/45535504
    shell 48: pairs 36250000/45535504
    shell 46: pairs 29250000/45535504
    shell 48: pairs 36500000/45535504
    shell 46: pairs 29500000/45535504
    shell 48: pairs 36750000/45535504
    shell 48: pairs 37000000/45535504
    shell 48: pairs 37250000/45535504
    shell 46: pairs 29750000/45535504
    shell 48: pairs 37500000/45535504
    shell 46: pairs 30000000/45535504
    shell 48: pairs 37750000/45535504
    shell 46: pairs 30250000/45535504
    shell 48: pairs 38000000/45535504
    shell 46: pairs 30500000/45535504
    shell 48: pairs 38250000/45535504
    shell 48: pairs 38500000/45535504
    shell 46: pairs 30750000/45535504
    shell 48: pairs 38750000/45535504
    shell 46: pairs 31000000/45535504
    shell 48: pairs 39000000/45535504
    shell 48: pairs 39250000/45535504
    shell 48: pairs 39500000/45535504
    shell 46: pairs 31250000/45535504
    shell 48: pairs 39750000/45535504
    shell 46: pairs 31500000/45535504
    shell 48: pairs 40000000/45535504
    shell 48: pairs 40250000/45535504
    shell 46: pairs 31750000/45535504
    shell 48: pairs 40500000/45535504
    shell 46: pairs 32000000/45535504
    shell 48: pairs 40750000/45535504
    shell 48: pairs 41000000/45535504
    shell 48: pairs 41250000/45535504
    shell 46: pairs 32250000/45535504
    shell 48: pairs 41500000/45535504
    shell 46: pairs 32500000/45535504
    shell 48: pairs 41750000/45535504
    shell 48: pairs 42000000/45535504
    shell 46: pairs 32750000/45535504
    shell 48: pairs 42250000/45535504
    shell 48: pairs 42500000/45535504
    shell 46: pairs 33000000/45535504
    shell 48: pairs 42750000/45535504
    shell 48: pairs 43000000/45535504
    shell 46: pairs 33250000/45535504
    shell 48: pairs 43250000/45535504
    shell 48: pairs 43500000/45535504
    shell 46: pairs 33500000/45535504
    shell 48: pairs 43750000/45535504
    shell 46: pairs 33750000/45535504
    shell 48: pairs 44000000/45535504
    shell 48: pairs 44250000/45535504
    shell 46: pairs 34000000/45535504
    shell 48: pairs 44500000/45535504
    shell 48: pairs 44750000/45535504
    shell 48: pairs 45000000/45535504
    shell 46: pairs 34250000/45535504
    shell 48: pairs 45250000/45535504
    shell 48: pairs 45500000/45535504
    shell 46: pairs 34500000/45535504
  shell 48 one_inf C_term_hi=97.29043610942959326004892293925230483215 [40/87]
    shell 46: pairs 34750000/45535504
    shell 46: pairs 35000000/45535504
    shell 46: pairs 35250000/45535504
    shell 46: pairs 35500000/45535504
    shell 46: pairs 35750000/45535504
    shell 46: pairs 36000000/45535504
    shell 46: pairs 36250000/45535504
    shell 46: pairs 36500000/45535504
    shell 46: pairs 36750000/45535504
    shell 46: pairs 37000000/45535504
    shell 46: pairs 37250000/45535504
    shell 46: pairs 37500000/45535504
    shell 46: pairs 37750000/45535504
    shell 46: pairs 38000000/45535504
    shell 46: pairs 38250000/45535504
    shell 46: pairs 38500000/45535504
    shell 46: pairs 38750000/45535504
    shell 46: pairs 39000000/45535504
    shell 46: pairs 39250000/45535504
    shell 46: pairs 39500000/45535504
    shell 46: pairs 39750000/45535504
    shell 46: pairs 40000000/45535504
    shell 46: pairs 40250000/45535504
    shell 46: pairs 40500000/45535504
    shell 46: pairs 40750000/45535504
    shell 46: pairs 41000000/45535504
    shell 46: pairs 41250000/45535504
    shell 46: pairs 41500000/45535504
    shell 46: pairs 41750000/45535504
    shell 46: pairs 42000000/45535504
    shell 46: pairs 42250000/45535504
    shell 46: pairs 42500000/45535504
    shell 46: pairs 42750000/45535504
    shell 46: pairs 43000000/45535504
    shell 46: pairs 43250000/45535504
    shell 46: pairs 43500000/45535504
    shell 46: pairs 43750000/45535504
    shell 46: pairs 44000000/45535504
    shell 46: pairs 44250000/45535504
    shell 46: pairs 44500000/45535504
    shell 46: pairs 44750000/45535504
    shell 46: pairs 45000000/45535504
    shell 46: pairs 45250000/45535504
    shell 46: pairs 45500000/45535504
  shell 46 one_inf C_term_hi=127.5642355126125355735350623202577558874 [41/87]
    shell 49: pairs 250000/45535504
    shell 50: pairs 250000/45535504
    shell 49: pairs 500000/45535504
    shell 50: pairs 500000/45535504
    shell 49: pairs 750000/45535504
    shell 50: pairs 750000/45535504
    shell 49: pairs 1000000/45535504
    shell 50: pairs 1000000/45535504
    shell 49: pairs 1250000/45535504
    shell 50: pairs 1250000/45535504
    shell 49: pairs 1500000/45535504
    shell 50: pairs 1500000/45535504
    shell 49: pairs 1750000/45535504
    shell 50: pairs 1750000/45535504
    shell 49: pairs 2000000/45535504
    shell 50: pairs 2000000/45535504
    shell 49: pairs 2250000/45535504
    shell 50: pairs 2250000/45535504
    shell 49: pairs 2500000/45535504
    shell 50: pairs 2500000/45535504
    shell 49: pairs 2750000/45535504
    shell 50: pairs 2750000/45535504
    shell 49: pairs 3000000/45535504
    shell 50: pairs 3000000/45535504
    shell 49: pairs 3250000/45535504
    shell 49: pairs 3500000/45535504
    shell 50: pairs 3250000/45535504
    shell 50: pairs 3500000/45535504
    shell 49: pairs 3750000/45535504
    shell 49: pairs 4000000/45535504
    shell 50: pairs 3750000/45535504
    shell 49: pairs 4250000/45535504
    shell 50: pairs 4000000/45535504
    shell 49: pairs 4500000/45535504
    shell 50: pairs 4250000/45535504
    shell 49: pairs 4750000/45535504
    shell 50: pairs 4500000/45535504
    shell 49: pairs 5000000/45535504
    shell 50: pairs 4750000/45535504
    shell 49: pairs 5250000/45535504
    shell 50: pairs 5000000/45535504
    shell 49: pairs 5500000/45535504
    shell 50: pairs 5250000/45535504
    shell 49: pairs 5750000/45535504
    shell 50: pairs 5500000/45535504
    shell 49: pairs 6000000/45535504
    shell 50: pairs 5750000/45535504
    shell 49: pairs 6250000/45535504
    shell 50: pairs 6000000/45535504
    shell 49: pairs 6500000/45535504
    shell 50: pairs 6250000/45535504
    shell 49: pairs 6750000/45535504
    shell 50: pairs 6500000/45535504
    shell 49: pairs 7000000/45535504
    shell 49: pairs 7250000/45535504
    shell 50: pairs 6750000/45535504
    shell 49: pairs 7500000/45535504
    shell 50: pairs 7000000/45535504
    shell 49: pairs 7750000/45535504
    shell 50: pairs 7250000/45535504
    shell 49: pairs 8000000/45535504
    shell 50: pairs 7500000/45535504
    shell 49: pairs 8250000/45535504
    shell 50: pairs 7750000/45535504
    shell 49: pairs 8500000/45535504
    shell 50: pairs 8000000/45535504
    shell 49: pairs 8750000/45535504
    shell 50: pairs 8250000/45535504
    shell 49: pairs 9000000/45535504
    shell 50: pairs 8500000/45535504
    shell 49: pairs 9250000/45535504
    shell 49: pairs 9500000/45535504
    shell 50: pairs 8750000/45535504
    shell 50: pairs 9000000/45535504
    shell 49: pairs 9750000/45535504
    shell 49: pairs 10000000/45535504
    shell 50: pairs 9250000/45535504
    shell 49: pairs 10250000/45535504
    shell 50: pairs 9500000/45535504
    shell 49: pairs 10500000/45535504
    shell 50: pairs 9750000/45535504
    shell 49: pairs 10750000/45535504
    shell 50: pairs 10000000/45535504
    shell 49: pairs 11000000/45535504
    shell 50: pairs 10250000/45535504
    shell 49: pairs 11250000/45535504
    shell 50: pairs 10500000/45535504
    shell 49: pairs 11500000/45535504
    shell 49: pairs 11750000/45535504
    shell 50: pairs 10750000/45535504
    shell 49: pairs 12000000/45535504
    shell 50: pairs 11000000/45535504
    shell 49: pairs 12250000/45535504
    shell 50: pairs 11250000/45535504
    shell 49: pairs 12500000/45535504
    shell 50: pairs 11500000/45535504
    shell 49: pairs 12750000/45535504
    shell 50: pairs 11750000/45535504
    shell 49: pairs 13000000/45535504
    shell 50: pairs 12000000/45535504
    shell 49: pairs 13250000/45535504
    shell 50: pairs 12250000/45535504
    shell 49: pairs 13500000/45535504
    shell 50: pairs 12500000/45535504
    shell 49: pairs 13750000/45535504
    shell 49: pairs 14000000/45535504
    shell 50: pairs 12750000/45535504
    shell 50: pairs 13000000/45535504
    shell 49: pairs 14250000/45535504
    shell 49: pairs 14500000/45535504
    shell 50: pairs 13250000/45535504
    shell 49: pairs 14750000/45535504
    shell 50: pairs 13500000/45535504
    shell 49: pairs 15000000/45535504
    shell 50: pairs 13750000/45535504
    shell 49: pairs 15250000/45535504
    shell 49: pairs 15500000/45535504
    shell 50: pairs 14000000/45535504
    shell 49: pairs 15750000/45535504
    shell 50: pairs 14250000/45535504
    shell 49: pairs 16000000/45535504
    shell 50: pairs 14500000/45535504
    shell 49: pairs 16250000/45535504
    shell 49: pairs 16500000/45535504
    shell 50: pairs 14750000/45535504
    shell 50: pairs 15000000/45535504
    shell 49: pairs 16750000/45535504
    shell 50: pairs 15250000/45535504
    shell 49: pairs 17000000/45535504
    shell 50: pairs 15500000/45535504
    shell 49: pairs 17250000/45535504
    shell 50: pairs 15750000/45535504
    shell 49: pairs 17500000/45535504
    shell 50: pairs 16000000/45535504
    shell 49: pairs 17750000/45535504
    shell 49: pairs 18000000/45535504
    shell 50: pairs 16250000/45535504
    shell 50: pairs 16500000/45535504
    shell 49: pairs 18250000/45535504
    shell 49: pairs 18500000/45535504
    shell 50: pairs 16750000/45535504
    shell 49: pairs 18750000/45535504
    shell 50: pairs 17000000/45535504
    shell 49: pairs 19000000/45535504
    shell 50: pairs 17250000/45535504
    shell 49: pairs 19250000/45535504
    shell 50: pairs 17500000/45535504
    shell 49: pairs 19500000/45535504
    shell 49: pairs 19750000/45535504
    shell 50: pairs 17750000/45535504
    shell 49: pairs 20000000/45535504
    shell 50: pairs 18000000/45535504
    shell 49: pairs 20250000/45535504
    shell 50: pairs 18250000/45535504
    shell 49: pairs 20500000/45535504
    shell 50: pairs 18500000/45535504
    shell 49: pairs 20750000/45535504
    shell 49: pairs 21000000/45535504
    shell 50: pairs 18750000/45535504
    shell 50: pairs 19000000/45535504
    shell 49: pairs 21250000/45535504
    shell 49: pairs 21500000/45535504
    shell 50: pairs 19250000/45535504
    shell 49: pairs 21750000/45535504
    shell 50: pairs 19500000/45535504
    shell 49: pairs 22000000/45535504
    shell 50: pairs 19750000/45535504
    shell 50: pairs 20000000/45535504
    shell 49: pairs 22250000/45535504
    shell 49: pairs 22500000/45535504
    shell 50: pairs 20250000/45535504
    shell 49: pairs 22750000/45535504
    shell 50: pairs 20500000/45535504
    shell 49: pairs 23000000/45535504
    shell 50: pairs 20750000/45535504
    shell 50: pairs 21000000/45535504
    shell 49: pairs 23250000/45535504
    shell 49: pairs 23500000/45535504
    shell 50: pairs 21250000/45535504
    shell 49: pairs 23750000/45535504
    shell 50: pairs 21500000/45535504
    shell 49: pairs 24000000/45535504
    shell 50: pairs 21750000/45535504
    shell 49: pairs 24250000/45535504
    shell 49: pairs 24500000/45535504
    shell 50: pairs 22000000/45535504
    shell 49: pairs 24750000/45535504
    shell 49: pairs 25000000/45535504
    shell 50: pairs 22250000/45535504
    shell 49: pairs 25250000/45535504
    shell 50: pairs 22500000/45535504
    shell 49: pairs 25500000/45535504
    shell 49: pairs 25750000/45535504
    shell 50: pairs 22750000/45535504
    shell 49: pairs 26000000/45535504
    shell 50: pairs 23000000/45535504
    shell 49: pairs 26250000/45535504
    shell 49: pairs 26500000/45535504
    shell 50: pairs 23250000/45535504
    shell 50: pairs 23500000/45535504
    shell 49: pairs 26750000/45535504
    shell 49: pairs 27000000/45535504
    shell 50: pairs 23750000/45535504
    shell 49: pairs 27250000/45535504
    shell 50: pairs 24000000/45535504
    shell 49: pairs 27500000/45535504
    shell 50: pairs 24250000/45535504
    shell 49: pairs 27750000/45535504
    shell 50: pairs 24500000/45535504
    shell 49: pairs 28000000/45535504
    shell 50: pairs 24750000/45535504
    shell 49: pairs 28250000/45535504
    shell 50: pairs 25000000/45535504
    shell 49: pairs 28500000/45535504
    shell 50: pairs 25250000/45535504
    shell 49: pairs 28750000/45535504
    shell 50: pairs 25500000/45535504
    shell 49: pairs 29000000/45535504
    shell 50: pairs 25750000/45535504
    shell 50: pairs 26000000/45535504
    shell 49: pairs 29250000/45535504
    shell 50: pairs 26250000/45535504
    shell 49: pairs 29500000/45535504
    shell 50: pairs 26500000/45535504
    shell 49: pairs 29750000/45535504
    shell 49: pairs 30000000/45535504
    shell 50: pairs 26750000/45535504
    shell 49: pairs 30250000/45535504
    shell 50: pairs 27000000/45535504
    shell 49: pairs 30500000/45535504
    shell 50: pairs 27250000/45535504
    shell 49: pairs 30750000/45535504
    shell 50: pairs 27500000/45535504
    shell 49: pairs 31000000/45535504
    shell 49: pairs 31250000/45535504
    shell 50: pairs 27750000/45535504
    shell 49: pairs 31500000/45535504
    shell 50: pairs 28000000/45535504
    shell 49: pairs 31750000/45535504
    shell 49: pairs 32000000/45535504
    shell 50: pairs 28250000/45535504
    shell 50: pairs 28500000/45535504
    shell 49: pairs 32250000/45535504
    shell 49: pairs 32500000/45535504
    shell 50: pairs 28750000/45535504
    shell 49: pairs 32750000/45535504
    shell 50: pairs 29000000/45535504
    shell 49: pairs 33000000/45535504
    shell 50: pairs 29250000/45535504
    shell 49: pairs 33250000/45535504
    shell 50: pairs 29500000/45535504
    shell 49: pairs 33500000/45535504
    shell 49: pairs 33750000/45535504
    shell 49: pairs 34000000/45535504
    shell 50: pairs 29750000/45535504
    shell 50: pairs 30000000/45535504
    shell 49: pairs 34250000/45535504
    shell 50: pairs 30250000/45535504
    shell 49: pairs 34500000/45535504
    shell 50: pairs 30500000/45535504
    shell 49: pairs 34750000/45535504
    shell 49: pairs 35000000/45535504
    shell 50: pairs 30750000/45535504
    shell 49: pairs 35250000/45535504
    shell 50: pairs 31000000/45535504
    shell 49: pairs 35500000/45535504
    shell 49: pairs 35750000/45535504
    shell 50: pairs 31250000/45535504
    shell 49: pairs 36000000/45535504
    shell 50: pairs 31500000/45535504
    shell 49: pairs 36250000/45535504
    shell 49: pairs 36500000/45535504
    shell 50: pairs 31750000/45535504
    shell 49: pairs 36750000/45535504
    shell 50: pairs 32000000/45535504
    shell 49: pairs 37000000/45535504
    shell 49: pairs 37250000/45535504
    shell 50: pairs 32250000/45535504
    shell 49: pairs 37500000/45535504
    shell 50: pairs 32500000/45535504
    shell 49: pairs 37750000/45535504
    shell 49: pairs 38000000/45535504
    shell 49: pairs 38250000/45535504
    shell 50: pairs 32750000/45535504
    shell 49: pairs 38500000/45535504
    shell 50: pairs 33000000/45535504
    shell 49: pairs 38750000/45535504
    shell 49: pairs 39000000/45535504
    shell 50: pairs 33250000/45535504
    shell 49: pairs 39250000/45535504
    shell 50: pairs 33500000/45535504
    shell 49: pairs 39500000/45535504
    shell 50: pairs 33750000/45535504
    shell 49: pairs 39750000/45535504
    shell 49: pairs 40000000/45535504
    shell 50: pairs 34000000/45535504
    shell 49: pairs 40250000/45535504
    shell 50: pairs 34250000/45535504
    shell 49: pairs 40500000/45535504
    shell 50: pairs 34500000/45535504
    shell 49: pairs 40750000/45535504
    shell 50: pairs 34750000/45535504
    shell 49: pairs 41000000/45535504
    shell 50: pairs 35000000/45535504
    shell 49: pairs 41250000/45535504
    shell 49: pairs 41500000/45535504
    shell 50: pairs 35250000/45535504
    shell 49: pairs 41750000/45535504
    shell 50: pairs 35500000/45535504
    shell 49: pairs 42000000/45535504
    shell 49: pairs 42250000/45535504
    shell 49: pairs 42500000/45535504
    shell 50: pairs 35750000/45535504
    shell 49: pairs 42750000/45535504
    shell 50: pairs 36000000/45535504
    shell 49: pairs 43000000/45535504
    shell 50: pairs 36250000/45535504
    shell 49: pairs 43250000/45535504
    shell 50: pairs 36500000/45535504
    shell 49: pairs 43500000/45535504
    shell 49: pairs 43750000/45535504
    shell 49: pairs 44000000/45535504
    shell 50: pairs 36750000/45535504
    shell 49: pairs 44250000/45535504
    shell 50: pairs 37000000/45535504
    shell 49: pairs 44500000/45535504
    shell 49: pairs 44750000/45535504
    shell 50: pairs 37250000/45535504
    shell 49: pairs 45000000/45535504
    shell 50: pairs 37500000/45535504
    shell 49: pairs 45250000/45535504
    shell 50: pairs 37750000/45535504
    shell 49: pairs 45500000/45535504
    shell 50: pairs 38000000/45535504
  shell 49 one_inf C_term_hi=132.7572524796218410752437506320209361064 [42/87]
    shell 50: pairs 38250000/45535504
    shell 50: pairs 38500000/45535504
    shell 50: pairs 38750000/45535504
    shell 50: pairs 39000000/45535504
    shell 50: pairs 39250000/45535504
    shell 50: pairs 39500000/45535504
    shell 50: pairs 39750000/45535504
    shell 50: pairs 40000000/45535504
    shell 50: pairs 40250000/45535504
    shell 50: pairs 40500000/45535504
    shell 50: pairs 40750000/45535504
    shell 50: pairs 41000000/45535504
    shell 50: pairs 41250000/45535504
    shell 50: pairs 41500000/45535504
    shell 50: pairs 41750000/45535504
    shell 50: pairs 42000000/45535504
    shell 50: pairs 42250000/45535504
    shell 50: pairs 42500000/45535504
    shell 50: pairs 42750000/45535504
    shell 50: pairs 43000000/45535504
    shell 50: pairs 43250000/45535504
    shell 50: pairs 43500000/45535504
    shell 50: pairs 43750000/45535504
    shell 50: pairs 44000000/45535504
    shell 50: pairs 44250000/45535504
    shell 50: pairs 44500000/45535504
    shell 50: pairs 44750000/45535504
    shell 50: pairs 45000000/45535504
    shell 50: pairs 45250000/45535504
    shell 50: pairs 45500000/45535504
  shell 50 one_inf C_term_hi=150.364634225022589160964950934341207462 [43/87]
    shell 52: pairs 250000/45535504
    shell 51: pairs 250000/45535504
    shell 52: pairs 500000/45535504
    shell 51: pairs 500000/45535504
    shell 52: pairs 750000/45535504
    shell 51: pairs 750000/45535504
    shell 52: pairs 1000000/45535504
    shell 51: pairs 1000000/45535504
    shell 52: pairs 1250000/45535504
    shell 51: pairs 1250000/45535504
    shell 52: pairs 1500000/45535504
    shell 51: pairs 1500000/45535504
    shell 52: pairs 1750000/45535504
    shell 51: pairs 1750000/45535504
    shell 52: pairs 2000000/45535504
    shell 51: pairs 2000000/45535504
    shell 52: pairs 2250000/45535504
    shell 51: pairs 2250000/45535504
    shell 52: pairs 2500000/45535504
    shell 51: pairs 2500000/45535504
    shell 52: pairs 2750000/45535504
    shell 51: pairs 2750000/45535504
    shell 52: pairs 3000000/45535504
    shell 51: pairs 3000000/45535504
    shell 52: pairs 3250000/45535504
    shell 51: pairs 3250000/45535504
    shell 52: pairs 3500000/45535504
    shell 51: pairs 3500000/45535504
    shell 52: pairs 3750000/45535504
    shell 51: pairs 3750000/45535504
    shell 52: pairs 4000000/45535504
    shell 51: pairs 4000000/45535504
    shell 52: pairs 4250000/45535504
    shell 51: pairs 4250000/45535504
    shell 52: pairs 4500000/45535504
    shell 52: pairs 4750000/45535504
    shell 51: pairs 4500000/45535504
    shell 52: pairs 5000000/45535504
    shell 51: pairs 4750000/45535504
    shell 52: pairs 5250000/45535504
    shell 51: pairs 5000000/45535504
    shell 52: pairs 5500000/45535504
    shell 51: pairs 5250000/45535504
    shell 52: pairs 5750000/45535504
    shell 51: pairs 5500000/45535504
    shell 52: pairs 6000000/45535504
    shell 51: pairs 5750000/45535504
    shell 52: pairs 6250000/45535504
    shell 51: pairs 6000000/45535504
    shell 52: pairs 6500000/45535504
    shell 51: pairs 6250000/45535504
    shell 52: pairs 6750000/45535504
    shell 51: pairs 6500000/45535504
    shell 52: pairs 7000000/45535504
    shell 51: pairs 6750000/45535504
    shell 52: pairs 7250000/45535504
    shell 51: pairs 7000000/45535504
    shell 52: pairs 7500000/45535504
    shell 51: pairs 7250000/45535504
    shell 52: pairs 7750000/45535504
    shell 51: pairs 7500000/45535504
    shell 52: pairs 8000000/45535504
    shell 51: pairs 7750000/45535504
    shell 52: pairs 8250000/45535504
    shell 51: pairs 8000000/45535504
    shell 52: pairs 8500000/45535504
    shell 52: pairs 8750000/45535504
    shell 51: pairs 8250000/45535504
    shell 52: pairs 9000000/45535504
    shell 51: pairs 8500000/45535504
    shell 52: pairs 9250000/45535504
    shell 51: pairs 8750000/45535504
    shell 52: pairs 9500000/45535504
    shell 51: pairs 9000000/45535504
    shell 52: pairs 9750000/45535504
    shell 51: pairs 9250000/45535504
    shell 52: pairs 10000000/45535504
    shell 51: pairs 9500000/45535504
    shell 52: pairs 10250000/45535504
    shell 51: pairs 9750000/45535504
    shell 52: pairs 10500000/45535504
    shell 51: pairs 10000000/45535504
    shell 52: pairs 10750000/45535504
    shell 52: pairs 11000000/45535504
    shell 51: pairs 10250000/45535504
    shell 52: pairs 11250000/45535504
    shell 51: pairs 10500000/45535504
    shell 52: pairs 11500000/45535504
    shell 51: pairs 10750000/45535504
    shell 52: pairs 11750000/45535504
    shell 51: pairs 11000000/45535504
    shell 52: pairs 12000000/45535504
    shell 51: pairs 11250000/45535504
    shell 52: pairs 12250000/45535504
    shell 51: pairs 11500000/45535504
    shell 52: pairs 12500000/45535504
    shell 51: pairs 11750000/45535504
    shell 52: pairs 12750000/45535504
    shell 51: pairs 12000000/45535504
    shell 52: pairs 13000000/45535504
    shell 51: pairs 12250000/45535504
    shell 52: pairs 13250000/45535504
    shell 51: pairs 12500000/45535504
    shell 52: pairs 13500000/45535504
    shell 52: pairs 13750000/45535504
    shell 51: pairs 12750000/45535504
    shell 52: pairs 14000000/45535504
    shell 51: pairs 13000000/45535504
    shell 52: pairs 14250000/45535504
    shell 51: pairs 13250000/45535504
    shell 52: pairs 14500000/45535504
    shell 51: pairs 13500000/45535504
    shell 52: pairs 14750000/45535504
    shell 51: pairs 13750000/45535504
    shell 52: pairs 15000000/45535504
    shell 51: pairs 14000000/45535504
    shell 52: pairs 15250000/45535504
    shell 52: pairs 15500000/45535504
    shell 51: pairs 14250000/45535504
    shell 52: pairs 15750000/45535504
    shell 51: pairs 14500000/45535504
    shell 52: pairs 16000000/45535504
    shell 51: pairs 14750000/45535504
    shell 52: pairs 16250000/45535504
    shell 51: pairs 15000000/45535504
    shell 52: pairs 16500000/45535504
    shell 51: pairs 15250000/45535504
    shell 52: pairs 16750000/45535504
    shell 51: pairs 15500000/45535504
    shell 52: pairs 17000000/45535504
    shell 51: pairs 15750000/45535504
    shell 52: pairs 17250000/45535504
    shell 51: pairs 16000000/45535504
    shell 52: pairs 17500000/45535504
    shell 51: pairs 16250000/45535504
    shell 52: pairs 17750000/45535504
    shell 51: pairs 16500000/45535504
    shell 52: pairs 18000000/45535504
    shell 52: pairs 18250000/45535504
    shell 51: pairs 16750000/45535504
    shell 52: pairs 18500000/45535504
    shell 51: pairs 17000000/45535504
    shell 52: pairs 18750000/45535504
    shell 51: pairs 17250000/45535504
    shell 52: pairs 19000000/45535504
    shell 51: pairs 17500000/45535504
    shell 52: pairs 19250000/45535504
    shell 51: pairs 17750000/45535504
    shell 52: pairs 19500000/45535504
    shell 51: pairs 18000000/45535504
    shell 52: pairs 19750000/45535504
    shell 52: pairs 20000000/45535504
    shell 51: pairs 18250000/45535504
    shell 52: pairs 20250000/45535504
    shell 51: pairs 18500000/45535504
    shell 52: pairs 20500000/45535504
    shell 51: pairs 18750000/45535504
    shell 52: pairs 20750000/45535504
    shell 51: pairs 19000000/45535504
    shell 52: pairs 21000000/45535504
    shell 52: pairs 21250000/45535504
    shell 51: pairs 19250000/45535504
    shell 52: pairs 21500000/45535504
    shell 51: pairs 19500000/45535504
    shell 51: pairs 19750000/45535504
    shell 52: pairs 21750000/45535504
    shell 51: pairs 20000000/45535504
    shell 52: pairs 22000000/45535504
    shell 52: pairs 22250000/45535504
    shell 51: pairs 20250000/45535504
    shell 52: pairs 22500000/45535504
    shell 51: pairs 20500000/45535504
    shell 52: pairs 22750000/45535504
    shell 51: pairs 20750000/45535504
    shell 52: pairs 23000000/45535504
    shell 51: pairs 21000000/45535504
    shell 52: pairs 23250000/45535504
    shell 51: pairs 21250000/45535504
    shell 52: pairs 23500000/45535504
    shell 51: pairs 21500000/45535504
    shell 52: pairs 23750000/45535504
    shell 52: pairs 24000000/45535504
    shell 51: pairs 21750000/45535504
    shell 52: pairs 24250000/45535504
    shell 51: pairs 22000000/45535504
    shell 52: pairs 24500000/45535504
    shell 51: pairs 22250000/45535504
    shell 52: pairs 24750000/45535504
    shell 51: pairs 22500000/45535504
    shell 52: pairs 25000000/45535504
    shell 52: pairs 25250000/45535504
    shell 51: pairs 22750000/45535504
    shell 52: pairs 25500000/45535504
    shell 51: pairs 23000000/45535504
    shell 52: pairs 25750000/45535504
    shell 52: pairs 26000000/45535504
    shell 51: pairs 23250000/45535504
    shell 52: pairs 26250000/45535504
    shell 51: pairs 23500000/45535504
    shell 52: pairs 26500000/45535504
    shell 51: pairs 23750000/45535504
    shell 52: pairs 26750000/45535504
    shell 51: pairs 24000000/45535504
    shell 52: pairs 27000000/45535504
    shell 52: pairs 27250000/45535504
    shell 51: pairs 24250000/45535504
    shell 52: pairs 27500000/45535504
    shell 51: pairs 24500000/45535504
    shell 52: pairs 27750000/45535504
    shell 51: pairs 24750000/45535504
    shell 52: pairs 28000000/45535504
    shell 51: pairs 25000000/45535504
    shell 52: pairs 28250000/45535504
    shell 51: pairs 25250000/45535504
    shell 52: pairs 28500000/45535504
    shell 51: pairs 25500000/45535504
    shell 51: pairs 25750000/45535504
    shell 52: pairs 28750000/45535504
    shell 51: pairs 26000000/45535504
    shell 52: pairs 29000000/45535504
    shell 51: pairs 26250000/45535504
    shell 52: pairs 29250000/45535504
    shell 51: pairs 26500000/45535504
    shell 52: pairs 29500000/45535504
    shell 52: pairs 29750000/45535504
    shell 51: pairs 26750000/45535504
    shell 52: pairs 30000000/45535504
    shell 51: pairs 27000000/45535504
    shell 52: pairs 30250000/45535504
    shell 52: pairs 30500000/45535504
    shell 51: pairs 27250000/45535504
    shell 51: pairs 27500000/45535504
    shell 52: pairs 30750000/45535504
    shell 52: pairs 31000000/45535504
    shell 51: pairs 27750000/45535504
    shell 52: pairs 31250000/45535504
    shell 51: pairs 28000000/45535504
    shell 52: pairs 31500000/45535504
    shell 52: pairs 31750000/45535504
    shell 51: pairs 28250000/45535504
    shell 52: pairs 32000000/45535504
    shell 51: pairs 28500000/45535504
    shell 52: pairs 32250000/45535504
    shell 51: pairs 28750000/45535504
    shell 52: pairs 32500000/45535504
    shell 51: pairs 29000000/45535504
    shell 52: pairs 32750000/45535504
    shell 52: pairs 33000000/45535504
    shell 51: pairs 29250000/45535504
    shell 52: pairs 33250000/45535504
    shell 51: pairs 29500000/45535504
    shell 52: pairs 33500000/45535504
    shell 52: pairs 33750000/45535504
    shell 51: pairs 29750000/45535504
    shell 52: pairs 34000000/45535504
    shell 51: pairs 30000000/45535504
    shell 51: pairs 30250000/45535504
    shell 52: pairs 34250000/45535504
    shell 52: pairs 34500000/45535504
    shell 51: pairs 30500000/45535504
    shell 52: pairs 34750000/45535504
    shell 51: pairs 30750000/45535504
    shell 52: pairs 35000000/45535504
    shell 51: pairs 31000000/45535504
    shell 52: pairs 35250000/45535504
    shell 52: pairs 35500000/45535504
    shell 51: pairs 31250000/45535504
    shell 52: pairs 35750000/45535504
    shell 51: pairs 31500000/45535504
    shell 52: pairs 36000000/45535504
    shell 52: pairs 36250000/45535504
    shell 51: pairs 31750000/45535504
    shell 52: pairs 36500000/45535504
    shell 51: pairs 32000000/45535504
    shell 52: pairs 36750000/45535504
    shell 52: pairs 37000000/45535504
    shell 51: pairs 32250000/45535504
    shell 52: pairs 37250000/45535504
    shell 51: pairs 32500000/45535504
    shell 52: pairs 37500000/45535504
    shell 52: pairs 37750000/45535504
    shell 51: pairs 32750000/45535504
    shell 52: pairs 38000000/45535504
    shell 51: pairs 33000000/45535504
    shell 52: pairs 38250000/45535504
    shell 52: pairs 38500000/45535504
    shell 51: pairs 33250000/45535504
    shell 52: pairs 38750000/45535504
    shell 51: pairs 33500000/45535504
    shell 52: pairs 39000000/45535504
    shell 51: pairs 33750000/45535504
    shell 52: pairs 39250000/45535504
    shell 51: pairs 34000000/45535504
    shell 52: pairs 39500000/45535504
    shell 52: pairs 39750000/45535504
    shell 51: pairs 34250000/45535504
    shell 52: pairs 40000000/45535504
    shell 51: pairs 34500000/45535504
    shell 52: pairs 40250000/45535504
    shell 52: pairs 40500000/45535504
    shell 51: pairs 34750000/45535504
    shell 51: pairs 35000000/45535504
    shell 52: pairs 40750000/45535504
    shell 52: pairs 41000000/45535504
    shell 51: pairs 35250000/45535504
    shell 52: pairs 41250000/45535504
    shell 52: pairs 41500000/45535504
    shell 51: pairs 35500000/45535504
    shell 52: pairs 41750000/45535504
    shell 51: pairs 35750000/45535504
    shell 52: pairs 42000000/45535504
    shell 52: pairs 42250000/45535504
    shell 51: pairs 36000000/45535504
    shell 52: pairs 42500000/45535504
    shell 51: pairs 36250000/45535504
    shell 52: pairs 42750000/45535504
    shell 51: pairs 36500000/45535504
    shell 52: pairs 43000000/45535504
    shell 52: pairs 43250000/45535504
    shell 51: pairs 36750000/45535504
    shell 52: pairs 43500000/45535504
    shell 51: pairs 37000000/45535504
    shell 52: pairs 43750000/45535504
    shell 52: pairs 44000000/45535504
    shell 51: pairs 37250000/45535504
    shell 52: pairs 44250000/45535504
    shell 51: pairs 37500000/45535504
    shell 52: pairs 44500000/45535504
    shell 52: pairs 44750000/45535504
    shell 51: pairs 37750000/45535504
    shell 52: pairs 45000000/45535504
    shell 51: pairs 38000000/45535504
    shell 52: pairs 45250000/45535504
    shell 51: pairs 38250000/45535504
    shell 52: pairs 45500000/45535504
  shell 52 one_inf C_term_hi=130.5827227126013228747554306187504599629 [44/87]
    shell 51: pairs 38500000/45535504
    shell 51: pairs 38750000/45535504
    shell 51: pairs 39000000/45535504
    shell 51: pairs 39250000/45535504
    shell 51: pairs 39500000/45535504
    shell 51: pairs 39750000/45535504
    shell 51: pairs 40000000/45535504
    shell 51: pairs 40250000/45535504
    shell 51: pairs 40500000/45535504
    shell 51: pairs 40750000/45535504
    shell 51: pairs 41000000/45535504
    shell 51: pairs 41250000/45535504
    shell 51: pairs 41500000/45535504
    shell 51: pairs 41750000/45535504
    shell 51: pairs 42000000/45535504
    shell 51: pairs 42250000/45535504
    shell 51: pairs 42500000/45535504
    shell 51: pairs 42750000/45535504
    shell 51: pairs 43000000/45535504
    shell 51: pairs 43250000/45535504
    shell 51: pairs 43500000/45535504
    shell 51: pairs 43750000/45535504
    shell 51: pairs 44000000/45535504
    shell 51: pairs 44250000/45535504
    shell 51: pairs 44500000/45535504
    shell 51: pairs 44750000/45535504
    shell 51: pairs 45000000/45535504
    shell 51: pairs 45250000/45535504
    shell 51: pairs 45500000/45535504
  shell 51 one_inf C_term_hi=148.3622139581404405446265770179650356501 [45/87]
    shell 53: pairs 250000/45535504
    shell 54: pairs 250000/45535504
    shell 53: pairs 500000/45535504
    shell 54: pairs 500000/45535504
    shell 53: pairs 750000/45535504
    shell 54: pairs 750000/45535504
    shell 53: pairs 1000000/45535504
    shell 54: pairs 1000000/45535504
    shell 53: pairs 1250000/45535504
    shell 54: pairs 1250000/45535504
    shell 53: pairs 1500000/45535504
    shell 54: pairs 1500000/45535504
    shell 53: pairs 1750000/45535504
    shell 54: pairs 1750000/45535504
    shell 53: pairs 2000000/45535504
    shell 54: pairs 2000000/45535504
    shell 53: pairs 2250000/45535504
    shell 54: pairs 2250000/45535504
    shell 53: pairs 2500000/45535504
    shell 54: pairs 2500000/45535504
    shell 53: pairs 2750000/45535504
    shell 54: pairs 2750000/45535504
    shell 53: pairs 3000000/45535504
    shell 54: pairs 3000000/45535504
    shell 53: pairs 3250000/45535504
    shell 54: pairs 3250000/45535504
    shell 53: pairs 3500000/45535504
    shell 54: pairs 3500000/45535504
    shell 53: pairs 3750000/45535504
    shell 54: pairs 3750000/45535504
    shell 53: pairs 4000000/45535504
    shell 54: pairs 4000000/45535504
    shell 53: pairs 4250000/45535504
    shell 54: pairs 4250000/45535504
    shell 53: pairs 4500000/45535504
    shell 54: pairs 4500000/45535504
    shell 53: pairs 4750000/45535504
    shell 54: pairs 4750000/45535504
    shell 53: pairs 5000000/45535504
    shell 54: pairs 5000000/45535504
    shell 53: pairs 5250000/45535504
    shell 53: pairs 5500000/45535504
    shell 54: pairs 5250000/45535504
    shell 54: pairs 5500000/45535504
    shell 53: pairs 5750000/45535504
    shell 53: pairs 6000000/45535504
    shell 54: pairs 5750000/45535504
    shell 53: pairs 6250000/45535504
    shell 54: pairs 6000000/45535504
    shell 53: pairs 6500000/45535504
    shell 54: pairs 6250000/45535504
    shell 53: pairs 6750000/45535504
    shell 54: pairs 6500000/45535504
    shell 53: pairs 7000000/45535504
    shell 54: pairs 6750000/45535504
    shell 53: pairs 7250000/45535504
    shell 54: pairs 7000000/45535504
    shell 53: pairs 7500000/45535504
    shell 54: pairs 7250000/45535504
    shell 53: pairs 7750000/45535504
    shell 54: pairs 7500000/45535504
    shell 53: pairs 8000000/45535504
    shell 54: pairs 7750000/45535504
    shell 53: pairs 8250000/45535504
    shell 54: pairs 8000000/45535504
    shell 53: pairs 8500000/45535504
    shell 54: pairs 8250000/45535504
    shell 53: pairs 8750000/45535504
    shell 54: pairs 8500000/45535504
    shell 53: pairs 9000000/45535504
    shell 53: pairs 9250000/45535504
    shell 54: pairs 8750000/45535504
    shell 53: pairs 9500000/45535504
    shell 54: pairs 9000000/45535504
    shell 53: pairs 9750000/45535504
    shell 54: pairs 9250000/45535504
    shell 53: pairs 10000000/45535504
    shell 54: pairs 9500000/45535504
    shell 53: pairs 10250000/45535504
    shell 54: pairs 9750000/45535504
    shell 53: pairs 10500000/45535504
    shell 54: pairs 10000000/45535504
    shell 53: pairs 10750000/45535504
    shell 54: pairs 10250000/45535504
    shell 53: pairs 11000000/45535504
    shell 54: pairs 10500000/45535504
    shell 53: pairs 11250000/45535504
    shell 54: pairs 10750000/45535504
    shell 53: pairs 11500000/45535504
    shell 54: pairs 11000000/45535504
    shell 53: pairs 11750000/45535504
    shell 53: pairs 12000000/45535504
    shell 54: pairs 11250000/45535504
    shell 54: pairs 11500000/45535504
    shell 53: pairs 12250000/45535504
    shell 53: pairs 12500000/45535504
    shell 54: pairs 11750000/45535504
    shell 54: pairs 12000000/45535504
    shell 53: pairs 12750000/45535504
    shell 53: pairs 13000000/45535504
    shell 54: pairs 12250000/45535504
    shell 53: pairs 13250000/45535504
    shell 54: pairs 12500000/45535504
    shell 53: pairs 13500000/45535504
    shell 54: pairs 12750000/45535504
    shell 53: pairs 13750000/45535504
    shell 54: pairs 13000000/45535504
    shell 53: pairs 14000000/45535504
    shell 54: pairs 13250000/45535504
    shell 53: pairs 14250000/45535504
    shell 54: pairs 13500000/45535504
    shell 53: pairs 14500000/45535504
    shell 54: pairs 13750000/45535504
    shell 53: pairs 14750000/45535504
    shell 54: pairs 14000000/45535504
    shell 53: pairs 15000000/45535504
    shell 53: pairs 15250000/45535504
    shell 54: pairs 14250000/45535504
    shell 53: pairs 15500000/45535504
    shell 54: pairs 14500000/45535504
    shell 53: pairs 15750000/45535504
    shell 53: pairs 16000000/45535504
    shell 54: pairs 14750000/45535504
    shell 53: pairs 16250000/45535504
    shell 54: pairs 15000000/45535504
    shell 53: pairs 16500000/45535504
    shell 54: pairs 15250000/45535504
    shell 54: pairs 15500000/45535504
    shell 53: pairs 16750000/45535504
    shell 54: pairs 15750000/45535504
    shell 53: pairs 17000000/45535504
    shell 54: pairs 16000000/45535504
    shell 53: pairs 17250000/45535504
    shell 53: pairs 17500000/45535504
    shell 54: pairs 16250000/45535504
    shell 54: pairs 16500000/45535504
    shell 53: pairs 17750000/45535504
    shell 53: pairs 18000000/45535504
    shell 54: pairs 16750000/45535504
    shell 54: pairs 17000000/45535504
    shell 53: pairs 18250000/45535504
    shell 53: pairs 18500000/45535504
    shell 54: pairs 17250000/45535504
    shell 54: pairs 17500000/45535504
    shell 53: pairs 18750000/45535504
    shell 53: pairs 19000000/45535504
    shell 54: pairs 17750000/45535504
    shell 53: pairs 19250000/45535504
    shell 54: pairs 18000000/45535504
    shell 53: pairs 19500000/45535504
    shell 53: pairs 19750000/45535504
    shell 54: pairs 18250000/45535504
    shell 53: pairs 20000000/45535504
    shell 54: pairs 18500000/45535504
    shell 53: pairs 20250000/45535504
    shell 54: pairs 18750000/45535504
    shell 53: pairs 20500000/45535504
    shell 54: pairs 19000000/45535504
    shell 53: pairs 20750000/45535504
    shell 53: pairs 21000000/45535504
    shell 54: pairs 19250000/45535504
    shell 54: pairs 19500000/45535504
    shell 53: pairs 21250000/45535504
    shell 54: pairs 19750000/45535504
    shell 53: pairs 21500000/45535504
    shell 54: pairs 20000000/45535504
    shell 53: pairs 21750000/45535504
    shell 54: pairs 20250000/45535504
    shell 53: pairs 22000000/45535504
    shell 54: pairs 20500000/45535504
    shell 53: pairs 22250000/45535504
    shell 54: pairs 20750000/45535504
    shell 53: pairs 22500000/45535504
    shell 54: pairs 21000000/45535504
    shell 53: pairs 22750000/45535504
    shell 54: pairs 21250000/45535504
    shell 53: pairs 23000000/45535504
    shell 54: pairs 21500000/45535504
    shell 53: pairs 23250000/45535504
    shell 53: pairs 23500000/45535504
    shell 54: pairs 21750000/45535504
    shell 54: pairs 22000000/45535504
    shell 53: pairs 23750000/45535504
    shell 53: pairs 24000000/45535504
    shell 54: pairs 22250000/45535504
    shell 53: pairs 24250000/45535504
    shell 54: pairs 22500000/45535504
    shell 53: pairs 24500000/45535504
    shell 53: pairs 24750000/45535504
    shell 54: pairs 22750000/45535504
    shell 53: pairs 25000000/45535504
    shell 54: pairs 23000000/45535504
    shell 53: pairs 25250000/45535504
    shell 53: pairs 25500000/45535504
    shell 54: pairs 23250000/45535504
    shell 53: pairs 25750000/45535504
    shell 54: pairs 23500000/45535504
    shell 53: pairs 26000000/45535504
    shell 53: pairs 26250000/45535504
    shell 54: pairs 23750000/45535504
    shell 53: pairs 26500000/45535504
    shell 54: pairs 24000000/45535504
    shell 53: pairs 26750000/45535504
    shell 54: pairs 24250000/45535504
    shell 53: pairs 27000000/45535504
    shell 54: pairs 24500000/45535504
    shell 53: pairs 27250000/45535504
    shell 54: pairs 24750000/45535504
    shell 53: pairs 27500000/45535504
    shell 54: pairs 25000000/45535504
    shell 54: pairs 25250000/45535504
    shell 53: pairs 27750000/45535504
    shell 54: pairs 25500000/45535504
    shell 53: pairs 28000000/45535504
    shell 54: pairs 25750000/45535504
    shell 54: pairs 26000000/45535504
    shell 53: pairs 28250000/45535504
    shell 54: pairs 26250000/45535504
    shell 53: pairs 28500000/45535504
    shell 54: pairs 26500000/45535504
    shell 53: pairs 28750000/45535504
    shell 53: pairs 29000000/45535504
    shell 54: pairs 26750000/45535504
    shell 54: pairs 27000000/45535504
    shell 53: pairs 29250000/45535504
    shell 53: pairs 29500000/45535504
    shell 54: pairs 27250000/45535504
    shell 54: pairs 27500000/45535504
    shell 53: pairs 29750000/45535504
    shell 53: pairs 30000000/45535504
    shell 53: pairs 30250000/45535504
    shell 54: pairs 27750000/45535504
    shell 53: pairs 30500000/45535504
    shell 54: pairs 28000000/45535504
    shell 53: pairs 30750000/45535504
    shell 54: pairs 28250000/45535504
    shell 53: pairs 31000000/45535504
    shell 54: pairs 28500000/45535504
    shell 53: pairs 31250000/45535504
    shell 53: pairs 31500000/45535504
    shell 54: pairs 28750000/45535504
    shell 54: pairs 29000000/45535504
    shell 53: pairs 31750000/45535504
    shell 53: pairs 32000000/45535504
    shell 54: pairs 29250000/45535504
    shell 54: pairs 29500000/45535504
    shell 53: pairs 32250000/45535504
    shell 53: pairs 32500000/45535504
    shell 54: pairs 29750000/45535504
    shell 53: pairs 32750000/45535504
    shell 54: pairs 30000000/45535504
    shell 53: pairs 33000000/45535504
    shell 54: pairs 30250000/45535504
    shell 54: pairs 30500000/45535504
    shell 53: pairs 33250000/45535504
    shell 53: pairs 33500000/45535504
    shell 54: pairs 30750000/45535504
    shell 53: pairs 33750000/45535504
    shell 54: pairs 31000000/45535504
    shell 53: pairs 34000000/45535504
    shell 53: pairs 34250000/45535504
    shell 54: pairs 31250000/45535504
    shell 53: pairs 34500000/45535504
    shell 54: pairs 31500000/45535504
    shell 53: pairs 34750000/45535504
    shell 53: pairs 35000000/45535504
    shell 54: pairs 31750000/45535504
    shell 54: pairs 32000000/45535504
    shell 53: pairs 35250000/45535504
    shell 53: pairs 35500000/45535504
    shell 54: pairs 32250000/45535504
    shell 53: pairs 35750000/45535504
    shell 54: pairs 32500000/45535504
    shell 53: pairs 36000000/45535504
    shell 53: pairs 36250000/45535504
    shell 54: pairs 32750000/45535504
    shell 53: pairs 36500000/45535504
    shell 54: pairs 33000000/45535504
    shell 53: pairs 36750000/45535504
    shell 53: pairs 37000000/45535504
    shell 54: pairs 33250000/45535504
    shell 53: pairs 37250000/45535504
    shell 54: pairs 33500000/45535504
    shell 53: pairs 37500000/45535504
    shell 54: pairs 33750000/45535504
    shell 53: pairs 37750000/45535504
    shell 54: pairs 34000000/45535504
    shell 53: pairs 38000000/45535504
    shell 53: pairs 38250000/45535504
    shell 53: pairs 38500000/45535504
    shell 54: pairs 34250000/45535504
    shell 54: pairs 34500000/45535504
    shell 53: pairs 38750000/45535504
    shell 54: pairs 34750000/45535504
    shell 53: pairs 39000000/45535504
    shell 54: pairs 35000000/45535504
    shell 53: pairs 39250000/45535504
    shell 53: pairs 39500000/45535504
    shell 53: pairs 39750000/45535504
    shell 54: pairs 35250000/45535504
    shell 53: pairs 40000000/45535504
    shell 54: pairs 35500000/45535504
    shell 53: pairs 40250000/45535504
    shell 53: pairs 40500000/45535504
    shell 54: pairs 35750000/45535504
    shell 54: pairs 36000000/45535504
    shell 53: pairs 40750000/45535504
    shell 54: pairs 36250000/45535504
    shell 53: pairs 41000000/45535504
    shell 54: pairs 36500000/45535504
    shell 53: pairs 41250000/45535504
    shell 53: pairs 41500000/45535504
    shell 54: pairs 36750000/45535504
    shell 53: pairs 41750000/45535504
    shell 54: pairs 37000000/45535504
    shell 53: pairs 42000000/45535504
    shell 54: pairs 37250000/45535504
    shell 53: pairs 42250000/45535504
    shell 54: pairs 37500000/45535504
    shell 53: pairs 42500000/45535504
    shell 54: pairs 37750000/45535504
    shell 53: pairs 42750000/45535504
    shell 53: pairs 43000000/45535504
    shell 54: pairs 38000000/45535504
    shell 54: pairs 38250000/45535504
    shell 53: pairs 43250000/45535504
    shell 54: pairs 38500000/45535504
    shell 53: pairs 43500000/45535504
    shell 53: pairs 43750000/45535504
    shell 53: pairs 44000000/45535504
    shell 54: pairs 38750000/45535504
    shell 53: pairs 44250000/45535504
    shell 54: pairs 39000000/45535504
    shell 53: pairs 44500000/45535504
    shell 53: pairs 44750000/45535504
    shell 54: pairs 39250000/45535504
    shell 53: pairs 45000000/45535504
    shell 54: pairs 39500000/45535504
    shell 54: pairs 39750000/45535504
    shell 53: pairs 45250000/45535504
    shell 54: pairs 40000000/45535504
    shell 53: pairs 45500000/45535504
  shell 53 one_inf C_term_hi=146.0525991623925900930728904077241224545 [46/87]
    shell 54: pairs 40250000/45535504
    shell 54: pairs 40500000/45535504
    shell 54: pairs 40750000/45535504
    shell 54: pairs 41000000/45535504
    shell 54: pairs 41250000/45535504
    shell 54: pairs 41500000/45535504
    shell 54: pairs 41750000/45535504
    shell 54: pairs 42000000/45535504
    shell 54: pairs 42250000/45535504
    shell 54: pairs 42500000/45535504
    shell 54: pairs 42750000/45535504
    shell 54: pairs 43000000/45535504
    shell 54: pairs 43250000/45535504
    shell 54: pairs 43500000/45535504
    shell 54: pairs 43750000/45535504
    shell 54: pairs 44000000/45535504
    shell 54: pairs 44250000/45535504
    shell 54: pairs 44500000/45535504
    shell 54: pairs 44750000/45535504
    shell 54: pairs 45000000/45535504
    shell 54: pairs 45250000/45535504
    shell 54: pairs 45500000/45535504
  shell 54 one_inf C_term_hi=150.6665555355239759102941125523691063327 [47/87]
    shell 56: pairs 250000/45535504
    shell 57: pairs 250000/45535504
    shell 56: pairs 500000/45535504
    shell 57: pairs 500000/45535504
    shell 56: pairs 750000/45535504
    shell 57: pairs 750000/45535504
    shell 56: pairs 1000000/45535504
    shell 57: pairs 1000000/45535504
    shell 56: pairs 1250000/45535504
    shell 57: pairs 1250000/45535504
    shell 56: pairs 1500000/45535504
    shell 57: pairs 1500000/45535504
    shell 56: pairs 1750000/45535504
    shell 57: pairs 1750000/45535504
    shell 56: pairs 2000000/45535504
    shell 57: pairs 2000000/45535504
    shell 56: pairs 2250000/45535504
    shell 57: pairs 2250000/45535504
    shell 56: pairs 2500000/45535504
    shell 57: pairs 2500000/45535504
    shell 56: pairs 2750000/45535504
    shell 57: pairs 2750000/45535504
    shell 56: pairs 3000000/45535504
    shell 57: pairs 3000000/45535504
    shell 56: pairs 3250000/45535504
    shell 57: pairs 3250000/45535504
    shell 56: pairs 3500000/45535504
    shell 57: pairs 3500000/45535504
    shell 56: pairs 3750000/45535504
    shell 57: pairs 3750000/45535504
    shell 56: pairs 4000000/45535504
    shell 57: pairs 4000000/45535504
    shell 56: pairs 4250000/45535504
    shell 57: pairs 4250000/45535504
    shell 56: pairs 4500000/45535504
    shell 57: pairs 4500000/45535504
    shell 56: pairs 4750000/45535504
    shell 57: pairs 4750000/45535504
    shell 56: pairs 5000000/45535504
    shell 57: pairs 5000000/45535504
    shell 56: pairs 5250000/45535504
    shell 57: pairs 5250000/45535504
    shell 56: pairs 5500000/45535504
    shell 57: pairs 5500000/45535504
    shell 56: pairs 5750000/45535504
    shell 57: pairs 5750000/45535504
    shell 56: pairs 6000000/45535504
    shell 57: pairs 6000000/45535504
    shell 56: pairs 6250000/45535504
    shell 57: pairs 6250000/45535504
    shell 56: pairs 6500000/45535504
    shell 57: pairs 6500000/45535504
    shell 56: pairs 6750000/45535504
    shell 57: pairs 6750000/45535504
    shell 56: pairs 7000000/45535504
    shell 57: pairs 7000000/45535504
    shell 56: pairs 7250000/45535504
    shell 57: pairs 7250000/45535504
    shell 56: pairs 7500000/45535504
    shell 57: pairs 7500000/45535504
    shell 56: pairs 7750000/45535504
    shell 57: pairs 7750000/45535504
    shell 56: pairs 8000000/45535504
    shell 57: pairs 8000000/45535504
    shell 56: pairs 8250000/45535504
    shell 57: pairs 8250000/45535504
    shell 56: pairs 8500000/45535504
    shell 57: pairs 8500000/45535504
    shell 56: pairs 8750000/45535504
    shell 57: pairs 8750000/45535504
    shell 56: pairs 9000000/45535504
    shell 57: pairs 9000000/45535504
    shell 56: pairs 9250000/45535504
    shell 57: pairs 9250000/45535504
    shell 56: pairs 9500000/45535504
    shell 57: pairs 9500000/45535504
    shell 56: pairs 9750000/45535504
    shell 57: pairs 9750000/45535504
    shell 56: pairs 10000000/45535504
    shell 57: pairs 10000000/45535504
    shell 56: pairs 10250000/45535504
    shell 57: pairs 10250000/45535504
    shell 56: pairs 10500000/45535504
    shell 57: pairs 10500000/45535504
    shell 56: pairs 10750000/45535504
    shell 57: pairs 10750000/45535504
    shell 56: pairs 11000000/45535504
    shell 57: pairs 11000000/45535504
    shell 56: pairs 11250000/45535504
    shell 57: pairs 11250000/45535504
    shell 56: pairs 11500000/45535504
    shell 57: pairs 11500000/45535504
    shell 56: pairs 11750000/45535504
    shell 57: pairs 11750000/45535504
    shell 56: pairs 12000000/45535504
    shell 57: pairs 12000000/45535504
    shell 56: pairs 12250000/45535504
    shell 57: pairs 12250000/45535504
    shell 56: pairs 12500000/45535504
    shell 57: pairs 12500000/45535504
    shell 56: pairs 12750000/45535504
    shell 57: pairs 12750000/45535504
    shell 56: pairs 13000000/45535504
    shell 57: pairs 13000000/45535504
    shell 56: pairs 13250000/45535504
    shell 57: pairs 13250000/45535504
    shell 56: pairs 13500000/45535504
    shell 57: pairs 13500000/45535504
    shell 56: pairs 13750000/45535504
    shell 57: pairs 13750000/45535504
    shell 56: pairs 14000000/45535504
    shell 57: pairs 14000000/45535504
    shell 56: pairs 14250000/45535504
    shell 57: pairs 14250000/45535504
    shell 56: pairs 14500000/45535504
    shell 57: pairs 14500000/45535504
    shell 56: pairs 14750000/45535504
    shell 57: pairs 14750000/45535504
    shell 56: pairs 15000000/45535504
    shell 57: pairs 15000000/45535504
    shell 56: pairs 15250000/45535504
    shell 57: pairs 15250000/45535504
    shell 56: pairs 15500000/45535504
    shell 57: pairs 15500000/45535504
    shell 56: pairs 15750000/45535504
    shell 57: pairs 15750000/45535504
    shell 56: pairs 16000000/45535504
    shell 57: pairs 16000000/45535504
    shell 56: pairs 16250000/45535504
    shell 57: pairs 16250000/45535504
    shell 56: pairs 16500000/45535504
    shell 57: pairs 16500000/45535504
    shell 56: pairs 16750000/45535504
    shell 57: pairs 16750000/45535504
    shell 56: pairs 17000000/45535504
    shell 57: pairs 17000000/45535504
    shell 56: pairs 17250000/45535504
    shell 57: pairs 17250000/45535504
    shell 56: pairs 17500000/45535504
    shell 57: pairs 17500000/45535504
    shell 56: pairs 17750000/45535504
    shell 57: pairs 17750000/45535504
    shell 56: pairs 18000000/45535504
    shell 57: pairs 18000000/45535504
    shell 56: pairs 18250000/45535504
    shell 57: pairs 18250000/45535504
    shell 56: pairs 18500000/45535504
    shell 57: pairs 18500000/45535504
    shell 56: pairs 18750000/45535504
    shell 56: pairs 19000000/45535504
    shell 57: pairs 18750000/45535504
    shell 57: pairs 19000000/45535504
    shell 56: pairs 19250000/45535504
    shell 56: pairs 19500000/45535504
    shell 57: pairs 19250000/45535504
    shell 56: pairs 19750000/45535504
    shell 57: pairs 19500000/45535504
    shell 56: pairs 20000000/45535504
    shell 57: pairs 19750000/45535504
    shell 57: pairs 20000000/45535504
    shell 56: pairs 20250000/45535504
    shell 56: pairs 20500000/45535504
    shell 57: pairs 20250000/45535504
    shell 56: pairs 20750000/45535504
    shell 57: pairs 20500000/45535504
    shell 56: pairs 21000000/45535504
    shell 57: pairs 20750000/45535504
    shell 57: pairs 21000000/45535504
    shell 56: pairs 21250000/45535504
    shell 56: pairs 21500000/45535504
    shell 57: pairs 21250000/45535504
    shell 57: pairs 21500000/45535504
    shell 56: pairs 21750000/45535504
    shell 56: pairs 22000000/45535504
    shell 57: pairs 21750000/45535504
    shell 57: pairs 22000000/45535504
    shell 56: pairs 22250000/45535504
    shell 56: pairs 22500000/45535504
    shell 57: pairs 22250000/45535504
    shell 57: pairs 22500000/45535504
    shell 56: pairs 22750000/45535504
    shell 56: pairs 23000000/45535504
    shell 57: pairs 22750000/45535504
    shell 57: pairs 23000000/45535504
    shell 56: pairs 23250000/45535504
    shell 56: pairs 23500000/45535504
    shell 57: pairs 23250000/45535504
    shell 57: pairs 23500000/45535504
    shell 56: pairs 23750000/45535504
    shell 56: pairs 24000000/45535504
    shell 57: pairs 23750000/45535504
    shell 57: pairs 24000000/45535504
    shell 56: pairs 24250000/45535504
    shell 56: pairs 24500000/45535504
    shell 57: pairs 24250000/45535504
    shell 56: pairs 24750000/45535504
    shell 57: pairs 24500000/45535504
    shell 56: pairs 25000000/45535504
    shell 57: pairs 24750000/45535504
    shell 56: pairs 25250000/45535504
    shell 57: pairs 25000000/45535504
    shell 56: pairs 25500000/45535504
    shell 57: pairs 25250000/45535504
    shell 56: pairs 25750000/45535504
    shell 57: pairs 25500000/45535504
    shell 56: pairs 26000000/45535504
    shell 57: pairs 25750000/45535504
    shell 56: pairs 26250000/45535504
    shell 57: pairs 26000000/45535504
    shell 56: pairs 26500000/45535504
    shell 57: pairs 26250000/45535504
    shell 56: pairs 26750000/45535504
    shell 57: pairs 26500000/45535504
    shell 56: pairs 27000000/45535504
    shell 57: pairs 26750000/45535504
    shell 56: pairs 27250000/45535504
    shell 57: pairs 27000000/45535504
    shell 56: pairs 27500000/45535504
    shell 57: pairs 27250000/45535504
    shell 56: pairs 27750000/45535504
    shell 57: pairs 27500000/45535504
    shell 56: pairs 28000000/45535504
    shell 57: pairs 27750000/45535504
    shell 56: pairs 28250000/45535504
    shell 57: pairs 28000000/45535504
    shell 56: pairs 28500000/45535504
    shell 57: pairs 28250000/45535504
    shell 56: pairs 28750000/45535504
    shell 57: pairs 28500000/45535504
    shell 56: pairs 29000000/45535504
    shell 57: pairs 28750000/45535504
    shell 56: pairs 29250000/45535504
    shell 57: pairs 29000000/45535504
    shell 56: pairs 29500000/45535504
    shell 57: pairs 29250000/45535504
    shell 56: pairs 29750000/45535504
    shell 57: pairs 29500000/45535504
    shell 56: pairs 30000000/45535504
    shell 56: pairs 30250000/45535504
    shell 57: pairs 29750000/45535504
    shell 56: pairs 30500000/45535504
    shell 57: pairs 30000000/45535504
    shell 57: pairs 30250000/45535504
    shell 56: pairs 30750000/45535504
    shell 57: pairs 30500000/45535504
    shell 56: pairs 31000000/45535504
    shell 57: pairs 30750000/45535504
    shell 56: pairs 31250000/45535504
    shell 57: pairs 31000000/45535504
    shell 56: pairs 31500000/45535504
    shell 57: pairs 31250000/45535504
    shell 56: pairs 31750000/45535504
    shell 57: pairs 31500000/45535504
    shell 56: pairs 32000000/45535504
    shell 57: pairs 31750000/45535504
    shell 56: pairs 32250000/45535504
    shell 57: pairs 32000000/45535504
    shell 56: pairs 32500000/45535504
    shell 57: pairs 32250000/45535504
    shell 56: pairs 32750000/45535504
    shell 57: pairs 32500000/45535504
    shell 56: pairs 33000000/45535504
    shell 57: pairs 32750000/45535504
    shell 56: pairs 33250000/45535504
    shell 57: pairs 33000000/45535504
    shell 56: pairs 33500000/45535504
    shell 56: pairs 33750000/45535504
    shell 57: pairs 33250000/45535504
    shell 56: pairs 34000000/45535504
    shell 57: pairs 33500000/45535504
    shell 57: pairs 33750000/45535504
    shell 56: pairs 34250000/45535504
    shell 57: pairs 34000000/45535504
    shell 56: pairs 34500000/45535504
    shell 56: pairs 34750000/45535504
    shell 57: pairs 34250000/45535504
    shell 56: pairs 35000000/45535504
    shell 57: pairs 34500000/45535504
    shell 57: pairs 34750000/45535504
    shell 56: pairs 35250000/45535504
    shell 56: pairs 35500000/45535504
    shell 57: pairs 35000000/45535504
    shell 57: pairs 35250000/45535504
    shell 56: pairs 35750000/45535504
    shell 57: pairs 35500000/45535504
    shell 56: pairs 36000000/45535504
    shell 56: pairs 36250000/45535504
    shell 57: pairs 35750000/45535504
    shell 56: pairs 36500000/45535504
    shell 57: pairs 36000000/45535504
    shell 56: pairs 36750000/45535504
    shell 57: pairs 36250000/45535504
    shell 56: pairs 37000000/45535504
    shell 57: pairs 36500000/45535504
    shell 56: pairs 37250000/45535504
    shell 57: pairs 36750000/45535504
    shell 56: pairs 37500000/45535504
    shell 57: pairs 37000000/45535504
    shell 56: pairs 37750000/45535504
    shell 57: pairs 37250000/45535504
    shell 56: pairs 38000000/45535504
    shell 57: pairs 37500000/45535504
    shell 56: pairs 38250000/45535504
    shell 56: pairs 38500000/45535504
    shell 57: pairs 37750000/45535504
    shell 57: pairs 38000000/45535504
    shell 56: pairs 38750000/45535504
    shell 57: pairs 38250000/45535504
    shell 56: pairs 39000000/45535504
    shell 57: pairs 38500000/45535504
    shell 56: pairs 39250000/45535504
    shell 56: pairs 39500000/45535504
    shell 57: pairs 38750000/45535504
    shell 56: pairs 39750000/45535504
    shell 57: pairs 39000000/45535504
    shell 56: pairs 40000000/45535504
    shell 57: pairs 39250000/45535504
    shell 57: pairs 39500000/45535504
    shell 56: pairs 40250000/45535504
    shell 57: pairs 39750000/45535504
    shell 56: pairs 40500000/45535504
    shell 57: pairs 40000000/45535504
    shell 56: pairs 40750000/45535504
    shell 57: pairs 40250000/45535504
    shell 56: pairs 41000000/45535504
    shell 57: pairs 40500000/45535504
    shell 56: pairs 41250000/45535504
    shell 56: pairs 41500000/45535504
    shell 57: pairs 40750000/45535504
    shell 57: pairs 41000000/45535504
    shell 56: pairs 41750000/45535504
    shell 57: pairs 41250000/45535504
    shell 56: pairs 42000000/45535504
    shell 57: pairs 41500000/45535504
    shell 56: pairs 42250000/45535504
    shell 56: pairs 42500000/45535504
    shell 57: pairs 41750000/45535504
    shell 56: pairs 42750000/45535504
    shell 57: pairs 42000000/45535504
    shell 56: pairs 43000000/45535504
    shell 57: pairs 42250000/45535504
    shell 56: pairs 43250000/45535504
    shell 57: pairs 42500000/45535504
    shell 56: pairs 43500000/45535504
    shell 57: pairs 42750000/45535504
    shell 56: pairs 43750000/45535504
    shell 57: pairs 43000000/45535504
    shell 56: pairs 44000000/45535504
    shell 56: pairs 44250000/45535504
    shell 57: pairs 43250000/45535504
    shell 56: pairs 44500000/45535504
    shell 57: pairs 43500000/45535504
    shell 56: pairs 44750000/45535504
    shell 57: pairs 43750000/45535504
    shell 56: pairs 45000000/45535504
    shell 57: pairs 44000000/45535504
    shell 57: pairs 44250000/45535504
    shell 56: pairs 45250000/45535504
    shell 56: pairs 45500000/45535504
    shell 57: pairs 44500000/45535504
    shell 57: pairs 44750000/45535504
  shell 56 one_inf C_term_hi=126.9237305132959310381162686611714552083 [48/87]
    shell 57: pairs 45000000/45535504
    shell 57: pairs 45250000/45535504
    shell 57: pairs 45500000/45535504
  shell 57 one_inf C_term_hi=133.4120822326714883869319021895931370687 [49/87]
    shell 58: pairs 250000/45535504
    shell 59: pairs 250000/45535504
    shell 58: pairs 500000/45535504
    shell 59: pairs 500000/45535504
    shell 58: pairs 750000/45535504
    shell 59: pairs 750000/45535504
    shell 58: pairs 1000000/45535504
    shell 59: pairs 1000000/45535504
    shell 58: pairs 1250000/45535504
    shell 59: pairs 1250000/45535504
    shell 58: pairs 1500000/45535504
    shell 59: pairs 1500000/45535504
    shell 58: pairs 1750000/45535504
    shell 59: pairs 1750000/45535504
    shell 58: pairs 2000000/45535504
    shell 59: pairs 2000000/45535504
    shell 58: pairs 2250000/45535504
    shell 59: pairs 2250000/45535504
    shell 58: pairs 2500000/45535504
    shell 59: pairs 2500000/45535504
    shell 58: pairs 2750000/45535504
    shell 58: pairs 3000000/45535504
    shell 59: pairs 2750000/45535504
    shell 58: pairs 3250000/45535504
    shell 59: pairs 3000000/45535504
    shell 58: pairs 3500000/45535504
    shell 59: pairs 3250000/45535504
    shell 58: pairs 3750000/45535504
    shell 59: pairs 3500000/45535504
    shell 58: pairs 4000000/45535504
    shell 59: pairs 3750000/45535504
    shell 58: pairs 4250000/45535504
    shell 59: pairs 4000000/45535504
    shell 58: pairs 4500000/45535504
    shell 58: pairs 4750000/45535504
    shell 59: pairs 4250000/45535504
    shell 58: pairs 5000000/45535504
    shell 59: pairs 4500000/45535504
    shell 58: pairs 5250000/45535504
    shell 59: pairs 4750000/45535504
    shell 58: pairs 5500000/45535504
    shell 59: pairs 5000000/45535504
    shell 58: pairs 5750000/45535504
    shell 59: pairs 5250000/45535504
    shell 58: pairs 6000000/45535504
    shell 59: pairs 5500000/45535504
    shell 58: pairs 6250000/45535504
    shell 59: pairs 5750000/45535504
    shell 58: pairs 6500000/45535504
    shell 59: pairs 6000000/45535504
    shell 58: pairs 6750000/45535504
    shell 59: pairs 6250000/45535504
    shell 58: pairs 7000000/45535504
    shell 59: pairs 6500000/45535504
    shell 58: pairs 7250000/45535504
    shell 58: pairs 7500000/45535504
    shell 59: pairs 6750000/45535504
    shell 58: pairs 7750000/45535504
    shell 59: pairs 7000000/45535504
    shell 58: pairs 8000000/45535504
    shell 59: pairs 7250000/45535504
    shell 58: pairs 8250000/45535504
    shell 59: pairs 7500000/45535504
    shell 58: pairs 8500000/45535504
    shell 58: pairs 8750000/45535504
    shell 59: pairs 7750000/45535504
    shell 58: pairs 9000000/45535504
    shell 59: pairs 8000000/45535504
    shell 58: pairs 9250000/45535504
    shell 59: pairs 8250000/45535504
    shell 58: pairs 9500000/45535504
    shell 59: pairs 8500000/45535504
    shell 58: pairs 9750000/45535504
    shell 59: pairs 8750000/45535504
    shell 58: pairs 10000000/45535504
    shell 59: pairs 9000000/45535504
    shell 58: pairs 10250000/45535504
    shell 58: pairs 10500000/45535504
    shell 59: pairs 9250000/45535504
    shell 58: pairs 10750000/45535504
    shell 59: pairs 9500000/45535504
    shell 58: pairs 11000000/45535504
    shell 59: pairs 9750000/45535504
    shell 58: pairs 11250000/45535504
    shell 59: pairs 10000000/45535504
    shell 58: pairs 11500000/45535504
    shell 58: pairs 11750000/45535504
    shell 59: pairs 10250000/45535504
    shell 58: pairs 12000000/45535504
    shell 59: pairs 10500000/45535504
    shell 58: pairs 12250000/45535504
    shell 59: pairs 10750000/45535504
    shell 58: pairs 12500000/45535504
    shell 59: pairs 11000000/45535504
    shell 58: pairs 12750000/45535504
    shell 58: pairs 13000000/45535504
    shell 59: pairs 11250000/45535504
    shell 58: pairs 13250000/45535504
    shell 59: pairs 11500000/45535504
    shell 58: pairs 13500000/45535504
    shell 59: pairs 11750000/45535504
    shell 58: pairs 13750000/45535504
    shell 59: pairs 12000000/45535504
    shell 58: pairs 14000000/45535504
    shell 59: pairs 12250000/45535504
    shell 58: pairs 14250000/45535504
    shell 59: pairs 12500000/45535504
    shell 58: pairs 14500000/45535504
    shell 58: pairs 14750000/45535504
    shell 59: pairs 12750000/45535504
    shell 58: pairs 15000000/45535504
    shell 59: pairs 13000000/45535504
    shell 58: pairs 15250000/45535504
    shell 58: pairs 15500000/45535504
    shell 59: pairs 13250000/45535504
    shell 58: pairs 15750000/45535504
    shell 59: pairs 13500000/45535504
    shell 58: pairs 16000000/45535504
    shell 59: pairs 13750000/45535504
    shell 58: pairs 16250000/45535504
    shell 58: pairs 16500000/45535504
    shell 59: pairs 14000000/45535504
    shell 58: pairs 16750000/45535504
    shell 59: pairs 14250000/45535504
    shell 58: pairs 17000000/45535504
    shell 59: pairs 14500000/45535504
    shell 58: pairs 17250000/45535504
    shell 58: pairs 17500000/45535504
    shell 59: pairs 14750000/45535504
    shell 58: pairs 17750000/45535504
    shell 59: pairs 15000000/45535504
    shell 58: pairs 18000000/45535504
    shell 59: pairs 15250000/45535504
    shell 58: pairs 18250000/45535504
    shell 59: pairs 15500000/45535504
    shell 58: pairs 18500000/45535504
    shell 59: pairs 15750000/45535504
    shell 58: pairs 18750000/45535504
    shell 59: pairs 16000000/45535504
    shell 58: pairs 19000000/45535504
    shell 59: pairs 16250000/45535504
    shell 58: pairs 19250000/45535504
    shell 59: pairs 16500000/45535504
    shell 58: pairs 19500000/45535504
    shell 58: pairs 19750000/45535504
    shell 59: pairs 16750000/45535504
    shell 58: pairs 20000000/45535504
    shell 59: pairs 17000000/45535504
    shell 58: pairs 20250000/45535504
    shell 58: pairs 20500000/45535504
    shell 59: pairs 17250000/45535504
    shell 58: pairs 20750000/45535504
    shell 59: pairs 17500000/45535504
    shell 58: pairs 21000000/45535504
    shell 59: pairs 17750000/45535504
    shell 58: pairs 21250000/45535504
    shell 58: pairs 21500000/45535504
    shell 59: pairs 18000000/45535504
    shell 58: pairs 21750000/45535504
    shell 59: pairs 18250000/45535504
    shell 58: pairs 22000000/45535504
    shell 59: pairs 18500000/45535504
    shell 58: pairs 22250000/45535504
    shell 58: pairs 22500000/45535504
    shell 59: pairs 18750000/45535504
    shell 58: pairs 22750000/45535504
    shell 59: pairs 19000000/45535504
    shell 58: pairs 23000000/45535504
    shell 59: pairs 19250000/45535504
    shell 58: pairs 23250000/45535504
    shell 59: pairs 19500000/45535504
    shell 58: pairs 23500000/45535504
    shell 59: pairs 19750000/45535504
    shell 58: pairs 23750000/45535504
    shell 59: pairs 20000000/45535504
    shell 58: pairs 24000000/45535504
    shell 58: pairs 24250000/45535504
    shell 59: pairs 20250000/45535504
    shell 58: pairs 24500000/45535504
    shell 59: pairs 20500000/45535504
    shell 58: pairs 24750000/45535504
    shell 59: pairs 20750000/45535504
    shell 58: pairs 25000000/45535504
    shell 58: pairs 25250000/45535504
    shell 59: pairs 21000000/45535504
    shell 58: pairs 25500000/45535504
    shell 58: pairs 25750000/45535504
    shell 59: pairs 21250000/45535504
    shell 58: pairs 26000000/45535504
    shell 59: pairs 21500000/45535504
    shell 58: pairs 26250000/45535504
    shell 58: pairs 26500000/45535504
    shell 59: pairs 21750000/45535504
    shell 58: pairs 26750000/45535504
    shell 59: pairs 22000000/45535504
    shell 58: pairs 27000000/45535504
    shell 59: pairs 22250000/45535504
    shell 58: pairs 27250000/45535504
    shell 58: pairs 27500000/45535504
    shell 59: pairs 22500000/45535504
    shell 58: pairs 27750000/45535504
    shell 59: pairs 22750000/45535504
    shell 58: pairs 28000000/45535504
    shell 59: pairs 23000000/45535504
    shell 58: pairs 28250000/45535504
    shell 58: pairs 28500000/45535504
    shell 59: pairs 23250000/45535504
    shell 58: pairs 28750000/45535504
    shell 59: pairs 23500000/45535504
    shell 58: pairs 29000000/45535504
    shell 58: pairs 29250000/45535504
    shell 59: pairs 23750000/45535504
    shell 58: pairs 29500000/45535504
    shell 59: pairs 24000000/45535504
    shell 58: pairs 29750000/45535504
    shell 58: pairs 30000000/45535504
    shell 59: pairs 24250000/45535504
    shell 58: pairs 30250000/45535504
    shell 59: pairs 24500000/45535504
    shell 58: pairs 30500000/45535504
    shell 59: pairs 24750000/45535504
    shell 58: pairs 30750000/45535504
    shell 59: pairs 25000000/45535504
    shell 58: pairs 31000000/45535504
    shell 59: pairs 25250000/45535504
    shell 58: pairs 31250000/45535504
    shell 59: pairs 25500000/45535504
    shell 58: pairs 31500000/45535504
    shell 59: pairs 25750000/45535504
    shell 58: pairs 31750000/45535504
    shell 59: pairs 26000000/45535504
    shell 58: pairs 32000000/45535504
    shell 59: pairs 26250000/45535504
    shell 58: pairs 32250000/45535504
    shell 59: pairs 26500000/45535504
    shell 58: pairs 32500000/45535504
    shell 58: pairs 32750000/45535504
    shell 59: pairs 26750000/45535504
    shell 58: pairs 33000000/45535504
    shell 59: pairs 27000000/45535504
    shell 58: pairs 33250000/45535504
    shell 58: pairs 33500000/45535504
    shell 59: pairs 27250000/45535504
    shell 58: pairs 33750000/45535504
    shell 59: pairs 27500000/45535504
    shell 58: pairs 34000000/45535504
    shell 58: pairs 34250000/45535504
    shell 59: pairs 27750000/45535504
    shell 58: pairs 34500000/45535504
    shell 59: pairs 28000000/45535504
    shell 58: pairs 34750000/45535504
    shell 58: pairs 35000000/45535504
    shell 59: pairs 28250000/45535504
    shell 58: pairs 35250000/45535504
    shell 58: pairs 35500000/45535504
    shell 59: pairs 28500000/45535504
    shell 58: pairs 35750000/45535504
    shell 59: pairs 28750000/45535504
    shell 58: pairs 36000000/45535504
    shell 58: pairs 36250000/45535504
    shell 59: pairs 29000000/45535504
    shell 58: pairs 36500000/45535504
    shell 58: pairs 36750000/45535504
    shell 59: pairs 29250000/45535504
    shell 58: pairs 37000000/45535504
    shell 59: pairs 29500000/45535504
    shell 58: pairs 37250000/45535504
    shell 58: pairs 37500000/45535504
    shell 59: pairs 29750000/45535504
    shell 58: pairs 37750000/45535504
    shell 58: pairs 38000000/45535504
    shell 59: pairs 30000000/45535504
    shell 58: pairs 38250000/45535504
    shell 59: pairs 30250000/45535504
    shell 58: pairs 38500000/45535504
    shell 59: pairs 30500000/45535504
    shell 58: pairs 38750000/45535504
    shell 58: pairs 39000000/45535504
    shell 59: pairs 30750000/45535504
    shell 58: pairs 39250000/45535504
    shell 59: pairs 31000000/45535504
    shell 58: pairs 39500000/45535504
    shell 58: pairs 39750000/45535504
    shell 58: pairs 40000000/45535504
    shell 59: pairs 31250000/45535504
    shell 58: pairs 40250000/45535504
    shell 59: pairs 31500000/45535504
    shell 58: pairs 40500000/45535504
    shell 58: pairs 40750000/45535504
    shell 59: pairs 31750000/45535504
    shell 58: pairs 41000000/45535504
    shell 58: pairs 41250000/45535504
    shell 59: pairs 32000000/45535504
    shell 58: pairs 41500000/45535504
    shell 58: pairs 41750000/45535504
    shell 59: pairs 32250000/45535504
    shell 58: pairs 42000000/45535504
    shell 59: pairs 32500000/45535504
    shell 58: pairs 42250000/45535504
    shell 58: pairs 42500000/45535504
    shell 58: pairs 42750000/45535504
    shell 59: pairs 32750000/45535504
    shell 58: pairs 43000000/45535504
    shell 59: pairs 33000000/45535504
    shell 58: pairs 43250000/45535504
    shell 58: pairs 43500000/45535504
    shell 58: pairs 43750000/45535504
    shell 59: pairs 33250000/45535504
    shell 58: pairs 44000000/45535504
    shell 59: pairs 33500000/45535504
    shell 58: pairs 44250000/45535504
    shell 58: pairs 44500000/45535504
    shell 59: pairs 33750000/45535504
    shell 58: pairs 44750000/45535504
    shell 58: pairs 45000000/45535504
    shell 59: pairs 34000000/45535504
    shell 58: pairs 45250000/45535504
    shell 58: pairs 45500000/45535504
  shell 58 one_inf C_term_hi=138.9365854489917810323077900012802884506 [50/87]
    shell 59: pairs 34250000/45535504
    shell 59: pairs 34500000/45535504
    shell 59: pairs 34750000/45535504
    shell 59: pairs 35000000/45535504
    shell 59: pairs 35250000/45535504
    shell 59: pairs 35500000/45535504
    shell 59: pairs 35750000/45535504
    shell 59: pairs 36000000/45535504
    shell 59: pairs 36250000/45535504
    shell 59: pairs 36500000/45535504
    shell 59: pairs 36750000/45535504
    shell 59: pairs 37000000/45535504
    shell 59: pairs 37250000/45535504
    shell 59: pairs 37500000/45535504
    shell 59: pairs 37750000/45535504
    shell 59: pairs 38000000/45535504
    shell 59: pairs 38250000/45535504
    shell 59: pairs 38500000/45535504
    shell 59: pairs 38750000/45535504
    shell 59: pairs 39000000/45535504
    shell 59: pairs 39250000/45535504
    shell 59: pairs 39500000/45535504
    shell 59: pairs 39750000/45535504
    shell 59: pairs 40000000/45535504
    shell 59: pairs 40250000/45535504
    shell 59: pairs 40500000/45535504
    shell 59: pairs 40750000/45535504
    shell 59: pairs 41000000/45535504
    shell 59: pairs 41250000/45535504
    shell 59: pairs 41500000/45535504
    shell 59: pairs 41750000/45535504
    shell 59: pairs 42000000/45535504
    shell 59: pairs 42250000/45535504
    shell 59: pairs 42500000/45535504
    shell 59: pairs 42750000/45535504
    shell 59: pairs 43000000/45535504
    shell 59: pairs 43250000/45535504
    shell 59: pairs 43500000/45535504
    shell 59: pairs 43750000/45535504
    shell 59: pairs 44000000/45535504
    shell 59: pairs 44250000/45535504
    shell 59: pairs 44500000/45535504
    shell 59: pairs 44750000/45535504
    shell 59: pairs 45000000/45535504
    shell 59: pairs 45250000/45535504
    shell 59: pairs 45500000/45535504
  shell 59 one_inf C_term_hi=138.8277236503140948342208765871123951197 [51/87]
    shell 61: pairs 250000/45535504
    shell 62: pairs 250000/45535504
    shell 61: pairs 500000/45535504
    shell 62: pairs 500000/45535504
    shell 61: pairs 750000/45535504
    shell 62: pairs 750000/45535504
    shell 61: pairs 1000000/45535504
    shell 62: pairs 1000000/45535504
    shell 61: pairs 1250000/45535504
    shell 62: pairs 1250000/45535504
    shell 61: pairs 1500000/45535504
    shell 62: pairs 1500000/45535504
    shell 61: pairs 1750000/45535504
    shell 62: pairs 1750000/45535504
    shell 61: pairs 2000000/45535504
    shell 62: pairs 2000000/45535504
    shell 61: pairs 2250000/45535504
    shell 62: pairs 2250000/45535504
    shell 61: pairs 2500000/45535504
    shell 62: pairs 2500000/45535504
    shell 61: pairs 2750000/45535504
    shell 62: pairs 2750000/45535504
    shell 61: pairs 3000000/45535504
    shell 62: pairs 3000000/45535504
    shell 61: pairs 3250000/45535504
    shell 62: pairs 3250000/45535504
    shell 61: pairs 3500000/45535504
    shell 62: pairs 3500000/45535504
    shell 61: pairs 3750000/45535504
    shell 62: pairs 3750000/45535504
    shell 61: pairs 4000000/45535504
    shell 62: pairs 4000000/45535504
    shell 61: pairs 4250000/45535504
    shell 62: pairs 4250000/45535504
    shell 61: pairs 4500000/45535504
    shell 62: pairs 4500000/45535504
    shell 61: pairs 4750000/45535504
    shell 62: pairs 4750000/45535504
    shell 61: pairs 5000000/45535504
    shell 62: pairs 5000000/45535504
    shell 61: pairs 5250000/45535504
    shell 62: pairs 5250000/45535504
    shell 61: pairs 5500000/45535504
    shell 62: pairs 5500000/45535504
    shell 61: pairs 5750000/45535504
    shell 61: pairs 6000000/45535504
    shell 62: pairs 5750000/45535504
    shell 62: pairs 6000000/45535504
    shell 61: pairs 6250000/45535504
    shell 61: pairs 6500000/45535504
    shell 62: pairs 6250000/45535504
    shell 62: pairs 6500000/45535504
    shell 61: pairs 6750000/45535504
    shell 61: pairs 7000000/45535504
    shell 62: pairs 6750000/45535504
    shell 61: pairs 7250000/45535504
    shell 62: pairs 7000000/45535504
    shell 61: pairs 7500000/45535504
    shell 62: pairs 7250000/45535504
    shell 61: pairs 7750000/45535504
    shell 62: pairs 7500000/45535504
    shell 61: pairs 8000000/45535504
    shell 62: pairs 7750000/45535504
    shell 61: pairs 8250000/45535504
    shell 62: pairs 8000000/45535504
    shell 61: pairs 8500000/45535504
    shell 62: pairs 8250000/45535504
    shell 61: pairs 8750000/45535504
    shell 62: pairs 8500000/45535504
    shell 61: pairs 9000000/45535504
    shell 62: pairs 8750000/45535504
    shell 61: pairs 9250000/45535504
    shell 62: pairs 9000000/45535504
    shell 61: pairs 9500000/45535504
    shell 62: pairs 9250000/45535504
    shell 61: pairs 9750000/45535504
    shell 61: pairs 10000000/45535504
    shell 62: pairs 9500000/45535504
    shell 61: pairs 10250000/45535504
    shell 62: pairs 9750000/45535504
    shell 61: pairs 10500000/45535504
    shell 62: pairs 10000000/45535504
    shell 61: pairs 10750000/45535504
    shell 62: pairs 10250000/45535504
    shell 61: pairs 11000000/45535504
    shell 62: pairs 10500000/45535504
    shell 61: pairs 11250000/45535504
    shell 62: pairs 10750000/45535504
    shell 61: pairs 11500000/45535504
    shell 62: pairs 11000000/45535504
    shell 61: pairs 11750000/45535504
    shell 62: pairs 11250000/45535504
    shell 61: pairs 12000000/45535504
    shell 62: pairs 11500000/45535504
    shell 61: pairs 12250000/45535504
    shell 61: pairs 12500000/45535504
    shell 62: pairs 11750000/45535504
    shell 62: pairs 12000000/45535504
    shell 61: pairs 12750000/45535504
    shell 61: pairs 13000000/45535504
    shell 62: pairs 12250000/45535504
    shell 62: pairs 12500000/45535504
    shell 61: pairs 13250000/45535504
    shell 61: pairs 13500000/45535504
    shell 62: pairs 12750000/45535504
    shell 61: pairs 13750000/45535504
    shell 62: pairs 13000000/45535504
    shell 61: pairs 14000000/45535504
    shell 62: pairs 13250000/45535504
    shell 61: pairs 14250000/45535504
    shell 62: pairs 13500000/45535504
    shell 61: pairs 14500000/45535504
    shell 62: pairs 13750000/45535504
    shell 61: pairs 14750000/45535504
    shell 62: pairs 14000000/45535504
    shell 61: pairs 15000000/45535504
    shell 61: pairs 15250000/45535504
    shell 62: pairs 14250000/45535504
    shell 61: pairs 15500000/45535504
    shell 62: pairs 14500000/45535504
    shell 61: pairs 15750000/45535504
    shell 61: pairs 16000000/45535504
    shell 62: pairs 14750000/45535504
    shell 61: pairs 16250000/45535504
    shell 62: pairs 15000000/45535504
    shell 61: pairs 16500000/45535504
    shell 62: pairs 15250000/45535504
    shell 62: pairs 15500000/45535504
    shell 61: pairs 16750000/45535504
    shell 62: pairs 15750000/45535504
    shell 61: pairs 17000000/45535504
    shell 62: pairs 16000000/45535504
    shell 61: pairs 17250000/45535504
    shell 61: pairs 17500000/45535504
    shell 62: pairs 16250000/45535504
    shell 62: pairs 16500000/45535504
    shell 61: pairs 17750000/45535504
    shell 61: pairs 18000000/45535504
    shell 62: pairs 16750000/45535504
    shell 62: pairs 17000000/45535504
    shell 61: pairs 18250000/45535504
    shell 61: pairs 18500000/45535504
    shell 62: pairs 17250000/45535504
    shell 61: pairs 18750000/45535504
    shell 62: pairs 17500000/45535504
    shell 61: pairs 19000000/45535504
    shell 62: pairs 17750000/45535504
    shell 61: pairs 19250000/45535504
    shell 62: pairs 18000000/45535504
    shell 61: pairs 19500000/45535504
    shell 61: pairs 19750000/45535504
    shell 62: pairs 18250000/45535504
    shell 61: pairs 20000000/45535504
    shell 62: pairs 18500000/45535504
    shell 61: pairs 20250000/45535504
    shell 62: pairs 18750000/45535504
    shell 61: pairs 20500000/45535504
    shell 62: pairs 19000000/45535504
    shell 61: pairs 20750000/45535504
    shell 61: pairs 21000000/45535504
    shell 62: pairs 19250000/45535504
    shell 62: pairs 19500000/45535504
    shell 61: pairs 21250000/45535504
    shell 62: pairs 19750000/45535504
    shell 61: pairs 21500000/45535504
    shell 62: pairs 20000000/45535504
    shell 61: pairs 21750000/45535504
    shell 61: pairs 22000000/45535504
    shell 62: pairs 20250000/45535504
    shell 62: pairs 20500000/45535504
    shell 61: pairs 22250000/45535504
    shell 62: pairs 20750000/45535504
    shell 61: pairs 22500000/45535504
    shell 62: pairs 21000000/45535504
    shell 61: pairs 22750000/45535504
    shell 61: pairs 23000000/45535504
    shell 62: pairs 21250000/45535504
    shell 62: pairs 21500000/45535504
    shell 61: pairs 23250000/45535504
    shell 61: pairs 23500000/45535504
    shell 62: pairs 21750000/45535504
    shell 62: pairs 22000000/45535504
    shell 61: pairs 23750000/45535504
    shell 61: pairs 24000000/45535504
    shell 62: pairs 22250000/45535504
    shell 61: pairs 24250000/45535504
    shell 62: pairs 22500000/45535504
    shell 61: pairs 24500000/45535504
    shell 61: pairs 24750000/45535504
    shell 62: pairs 22750000/45535504
    shell 61: pairs 25000000/45535504
    shell 62: pairs 23000000/45535504
    shell 61: pairs 25250000/45535504
    shell 61: pairs 25500000/45535504
    shell 62: pairs 23250000/45535504
    shell 61: pairs 25750000/45535504
    shell 62: pairs 23500000/45535504
    shell 61: pairs 26000000/45535504
    shell 61: pairs 26250000/45535504
    shell 62: pairs 23750000/45535504
    shell 61: pairs 26500000/45535504
    shell 62: pairs 24000000/45535504
    shell 61: pairs 26750000/45535504
    shell 61: pairs 27000000/45535504
    shell 62: pairs 24250000/45535504
    shell 62: pairs 24500000/45535504
    shell 61: pairs 27250000/45535504
    shell 62: pairs 24750000/45535504
    shell 61: pairs 27500000/45535504
    shell 62: pairs 25000000/45535504
    shell 61: pairs 27750000/45535504
    shell 62: pairs 25250000/45535504
    shell 61: pairs 28000000/45535504
    shell 62: pairs 25500000/45535504
    shell 62: pairs 25750000/45535504
    shell 61: pairs 28250000/45535504
    shell 62: pairs 26000000/45535504
    shell 61: pairs 28500000/45535504
    shell 62: pairs 26250000/45535504
    shell 62: pairs 26500000/45535504
    shell 61: pairs 28750000/45535504
    shell 61: pairs 29000000/45535504
    shell 62: pairs 26750000/45535504
    shell 61: pairs 29250000/45535504
    shell 62: pairs 27000000/45535504
    shell 61: pairs 29500000/45535504
    shell 62: pairs 27250000/45535504
    shell 61: pairs 29750000/45535504
    shell 62: pairs 27500000/45535504
    shell 61: pairs 30000000/45535504
    shell 61: pairs 30250000/45535504
    shell 61: pairs 30500000/45535504
    shell 62: pairs 27750000/45535504
    shell 62: pairs 28000000/45535504
    shell 61: pairs 30750000/45535504
    shell 61: pairs 31000000/45535504
    shell 62: pairs 28250000/45535504
    shell 62: pairs 28500000/45535504
    shell 61: pairs 31250000/45535504
    shell 61: pairs 31500000/45535504
    shell 62: pairs 28750000/45535504
    shell 61: pairs 31750000/45535504
    shell 62: pairs 29000000/45535504
    shell 61: pairs 32000000/45535504
    shell 61: pairs 32250000/45535504
    shell 62: pairs 29250000/45535504
    shell 61: pairs 32500000/45535504
    shell 62: pairs 29500000/45535504
    shell 61: pairs 32750000/45535504
    shell 62: pairs 29750000/45535504
    shell 61: pairs 33000000/45535504
    shell 62: pairs 30000000/45535504
    shell 62: pairs 30250000/45535504
    shell 61: pairs 33250000/45535504
    shell 62: pairs 30500000/45535504
    shell 61: pairs 33500000/45535504
    shell 61: pairs 33750000/45535504
    shell 61: pairs 34000000/45535504
    shell 62: pairs 30750000/45535504
    shell 62: pairs 31000000/45535504
    shell 61: pairs 34250000/45535504
    shell 61: pairs 34500000/45535504
    shell 62: pairs 31250000/45535504
    shell 61: pairs 34750000/45535504
    shell 61: pairs 35000000/45535504
    shell 62: pairs 31500000/45535504
    shell 61: pairs 35250000/45535504
    shell 62: pairs 31750000/45535504
    shell 61: pairs 35500000/45535504
    shell 62: pairs 32000000/45535504
    shell 61: pairs 35750000/45535504
    shell 61: pairs 36000000/45535504
    shell 62: pairs 32250000/45535504
    shell 61: pairs 36250000/45535504
    shell 62: pairs 32500000/45535504
    shell 61: pairs 36500000/45535504
    shell 62: pairs 32750000/45535504
    shell 61: pairs 36750000/45535504
    shell 61: pairs 37000000/45535504
    shell 62: pairs 33000000/45535504
    shell 61: pairs 37250000/45535504
    shell 61: pairs 37500000/45535504
    shell 62: pairs 33250000/45535504
    shell 61: pairs 37750000/45535504
    shell 62: pairs 33500000/45535504
    shell 61: pairs 38000000/45535504
    shell 61: pairs 38250000/45535504
    shell 62: pairs 33750000/45535504
    shell 61: pairs 38500000/45535504
    shell 62: pairs 34000000/45535504
    shell 61: pairs 38750000/45535504
    shell 62: pairs 34250000/45535504
    shell 61: pairs 39000000/45535504
    shell 61: pairs 39250000/45535504
    shell 62: pairs 34500000/45535504
    shell 61: pairs 39500000/45535504
    shell 62: pairs 34750000/45535504
    shell 61: pairs 39750000/45535504
    shell 62: pairs 35000000/45535504
    shell 61: pairs 40000000/45535504
    shell 62: pairs 35250000/45535504
    shell 61: pairs 40250000/45535504
    shell 61: pairs 40500000/45535504
    shell 62: pairs 35500000/45535504
    shell 61: pairs 40750000/45535504
    shell 62: pairs 35750000/45535504
    shell 61: pairs 41000000/45535504
    shell 61: pairs 41250000/45535504
    shell 62: pairs 36000000/45535504
    shell 61: pairs 41500000/45535504
    shell 62: pairs 36250000/45535504
    shell 62: pairs 36500000/45535504
    shell 61: pairs 41750000/45535504
    shell 61: pairs 42000000/45535504
    shell 61: pairs 42250000/45535504
    shell 62: pairs 36750000/45535504
    shell 61: pairs 42500000/45535504
    shell 62: pairs 37000000/45535504
    shell 61: pairs 42750000/45535504
    shell 62: pairs 37250000/45535504
    shell 61: pairs 43000000/45535504
    shell 62: pairs 37500000/45535504
    shell 61: pairs 43250000/45535504
    shell 62: pairs 37750000/45535504
    shell 61: pairs 43500000/45535504
    shell 62: pairs 38000000/45535504
    shell 61: pairs 43750000/45535504
    shell 62: pairs 38250000/45535504
    shell 61: pairs 44000000/45535504
    shell 61: pairs 44250000/45535504
    shell 62: pairs 38500000/45535504
    shell 61: pairs 44500000/45535504
    shell 61: pairs 44750000/45535504
    shell 61: pairs 45000000/45535504
    shell 62: pairs 38750000/45535504
    shell 62: pairs 39000000/45535504
    shell 61: pairs 45250000/45535504
    shell 61: pairs 45500000/45535504
    shell 62: pairs 39250000/45535504
    shell 62: pairs 39500000/45535504
  shell 61 one_inf C_term_hi=140.5615192288982729585368853776734739406 [52/87]
    shell 62: pairs 39750000/45535504
    shell 62: pairs 40000000/45535504
    shell 62: pairs 40250000/45535504
    shell 62: pairs 40500000/45535504
    shell 62: pairs 40750000/45535504
    shell 62: pairs 41000000/45535504
    shell 62: pairs 41250000/45535504
    shell 62: pairs 41500000/45535504
    shell 62: pairs 41750000/45535504
    shell 62: pairs 42000000/45535504
    shell 62: pairs 42250000/45535504
    shell 62: pairs 42500000/45535504
    shell 62: pairs 42750000/45535504
    shell 62: pairs 43000000/45535504
    shell 62: pairs 43250000/45535504
    shell 62: pairs 43500000/45535504
    shell 62: pairs 43750000/45535504
    shell 62: pairs 44000000/45535504
    shell 62: pairs 44250000/45535504
    shell 62: pairs 44500000/45535504
    shell 62: pairs 44750000/45535504
    shell 62: pairs 45000000/45535504
    shell 62: pairs 45250000/45535504
    shell 62: pairs 45500000/45535504
  shell 62 one_inf C_term_hi=151.950793167309519287848103135570907741 [53/87]
    shell 65: pairs 250000/45535504
    shell 66: pairs 250000/45535504
    shell 65: pairs 500000/45535504
    shell 66: pairs 500000/45535504
    shell 65: pairs 750000/45535504
    shell 66: pairs 750000/45535504
    shell 65: pairs 1000000/45535504
    shell 66: pairs 1000000/45535504
    shell 65: pairs 1250000/45535504
    shell 66: pairs 1250000/45535504
    shell 65: pairs 1500000/45535504
    shell 66: pairs 1500000/45535504
    shell 65: pairs 1750000/45535504
    shell 66: pairs 1750000/45535504
    shell 65: pairs 2000000/45535504
    shell 66: pairs 2000000/45535504
    shell 65: pairs 2250000/45535504
    shell 66: pairs 2250000/45535504
    shell 65: pairs 2500000/45535504
    shell 66: pairs 2500000/45535504
    shell 65: pairs 2750000/45535504
    shell 66: pairs 2750000/45535504
    shell 65: pairs 3000000/45535504
    shell 66: pairs 3000000/45535504
    shell 65: pairs 3250000/45535504
    shell 66: pairs 3250000/45535504
    shell 65: pairs 3500000/45535504
    shell 66: pairs 3500000/45535504
    shell 65: pairs 3750000/45535504
    shell 66: pairs 3750000/45535504
    shell 65: pairs 4000000/45535504
    shell 66: pairs 4000000/45535504
    shell 65: pairs 4250000/45535504
    shell 66: pairs 4250000/45535504
    shell 65: pairs 4500000/45535504
    shell 66: pairs 4500000/45535504
    shell 65: pairs 4750000/45535504
    shell 66: pairs 4750000/45535504
    shell 65: pairs 5000000/45535504
    shell 66: pairs 5000000/45535504
    shell 65: pairs 5250000/45535504
    shell 66: pairs 5250000/45535504
    shell 65: pairs 5500000/45535504
    shell 66: pairs 5500000/45535504
    shell 65: pairs 5750000/45535504
    shell 66: pairs 5750000/45535504
    shell 65: pairs 6000000/45535504
    shell 66: pairs 6000000/45535504
    shell 65: pairs 6250000/45535504
    shell 66: pairs 6250000/45535504
    shell 65: pairs 6500000/45535504
    shell 66: pairs 6500000/45535504
    shell 65: pairs 6750000/45535504
    shell 66: pairs 6750000/45535504
    shell 65: pairs 7000000/45535504
    shell 66: pairs 7000000/45535504
    shell 65: pairs 7250000/45535504
    shell 66: pairs 7250000/45535504
    shell 65: pairs 7500000/45535504
    shell 66: pairs 7500000/45535504
    shell 65: pairs 7750000/45535504
    shell 66: pairs 7750000/45535504
    shell 65: pairs 8000000/45535504
    shell 66: pairs 8000000/45535504
    shell 65: pairs 8250000/45535504
    shell 66: pairs 8250000/45535504
    shell 65: pairs 8500000/45535504
    shell 66: pairs 8500000/45535504
    shell 65: pairs 8750000/45535504
    shell 66: pairs 8750000/45535504
    shell 65: pairs 9000000/45535504
    shell 66: pairs 9000000/45535504
    shell 65: pairs 9250000/45535504
    shell 66: pairs 9250000/45535504
    shell 65: pairs 9500000/45535504
    shell 66: pairs 9500000/45535504
    shell 65: pairs 9750000/45535504
    shell 66: pairs 9750000/45535504
    shell 65: pairs 10000000/45535504
    shell 66: pairs 10000000/45535504
    shell 65: pairs 10250000/45535504
    shell 66: pairs 10250000/45535504
    shell 65: pairs 10500000/45535504
    shell 66: pairs 10500000/45535504
    shell 65: pairs 10750000/45535504
    shell 66: pairs 10750000/45535504
    shell 65: pairs 11000000/45535504
    shell 66: pairs 11000000/45535504
    shell 65: pairs 11250000/45535504
    shell 66: pairs 11250000/45535504
    shell 65: pairs 11500000/45535504
    shell 66: pairs 11500000/45535504
    shell 65: pairs 11750000/45535504
    shell 66: pairs 11750000/45535504
    shell 65: pairs 12000000/45535504
    shell 66: pairs 12000000/45535504
    shell 65: pairs 12250000/45535504
    shell 66: pairs 12250000/45535504
    shell 65: pairs 12500000/45535504
    shell 66: pairs 12500000/45535504
    shell 65: pairs 12750000/45535504
    shell 66: pairs 12750000/45535504
    shell 65: pairs 13000000/45535504
    shell 66: pairs 13000000/45535504
    shell 65: pairs 13250000/45535504
    shell 66: pairs 13250000/45535504
    shell 65: pairs 13500000/45535504
    shell 66: pairs 13500000/45535504
    shell 65: pairs 13750000/45535504
    shell 66: pairs 13750000/45535504
    shell 65: pairs 14000000/45535504
    shell 66: pairs 14000000/45535504
    shell 65: pairs 14250000/45535504
    shell 66: pairs 14250000/45535504
    shell 65: pairs 14500000/45535504
    shell 66: pairs 14500000/45535504
    shell 65: pairs 14750000/45535504
    shell 66: pairs 14750000/45535504
    shell 65: pairs 15000000/45535504
    shell 66: pairs 15000000/45535504
    shell 65: pairs 15250000/45535504
    shell 66: pairs 15250000/45535504
    shell 65: pairs 15500000/45535504
    shell 66: pairs 15500000/45535504
    shell 65: pairs 15750000/45535504
    shell 66: pairs 15750000/45535504
    shell 65: pairs 16000000/45535504
    shell 66: pairs 16000000/45535504
    shell 65: pairs 16250000/45535504
    shell 66: pairs 16250000/45535504
    shell 65: pairs 16500000/45535504
    shell 66: pairs 16500000/45535504
    shell 65: pairs 16750000/45535504
    shell 66: pairs 16750000/45535504
    shell 65: pairs 17000000/45535504
    shell 66: pairs 17000000/45535504
    shell 65: pairs 17250000/45535504
    shell 66: pairs 17250000/45535504
    shell 65: pairs 17500000/45535504
    shell 66: pairs 17500000/45535504
    shell 65: pairs 17750000/45535504
    shell 66: pairs 17750000/45535504
    shell 65: pairs 18000000/45535504
    shell 66: pairs 18000000/45535504
    shell 65: pairs 18250000/45535504
    shell 66: pairs 18250000/45535504
    shell 65: pairs 18500000/45535504
    shell 66: pairs 18500000/45535504
    shell 65: pairs 18750000/45535504
    shell 66: pairs 18750000/45535504
    shell 65: pairs 19000000/45535504
    shell 66: pairs 19000000/45535504
    shell 65: pairs 19250000/45535504
    shell 66: pairs 19250000/45535504
    shell 65: pairs 19500000/45535504
    shell 66: pairs 19500000/45535504
    shell 65: pairs 19750000/45535504
    shell 66: pairs 19750000/45535504
    shell 65: pairs 20000000/45535504
    shell 66: pairs 20000000/45535504
    shell 65: pairs 20250000/45535504
    shell 66: pairs 20250000/45535504
    shell 65: pairs 20500000/45535504
    shell 66: pairs 20500000/45535504
    shell 65: pairs 20750000/45535504
    shell 66: pairs 20750000/45535504
    shell 65: pairs 21000000/45535504
    shell 66: pairs 21000000/45535504
    shell 65: pairs 21250000/45535504
    shell 66: pairs 21250000/45535504
    shell 65: pairs 21500000/45535504
    shell 66: pairs 21500000/45535504
    shell 65: pairs 21750000/45535504
    shell 66: pairs 21750000/45535504
    shell 65: pairs 22000000/45535504
    shell 66: pairs 22000000/45535504
    shell 65: pairs 22250000/45535504
    shell 66: pairs 22250000/45535504
    shell 65: pairs 22500000/45535504
    shell 66: pairs 22500000/45535504
    shell 65: pairs 22750000/45535504
    shell 66: pairs 22750000/45535504
    shell 65: pairs 23000000/45535504
    shell 66: pairs 23000000/45535504
    shell 65: pairs 23250000/45535504
    shell 66: pairs 23250000/45535504
    shell 65: pairs 23500000/45535504
    shell 66: pairs 23500000/45535504
    shell 65: pairs 23750000/45535504
    shell 66: pairs 23750000/45535504
    shell 65: pairs 24000000/45535504
    shell 66: pairs 24000000/45535504
    shell 65: pairs 24250000/45535504
    shell 66: pairs 24250000/45535504
    shell 65: pairs 24500000/45535504
    shell 66: pairs 24500000/45535504
    shell 65: pairs 24750000/45535504
    shell 66: pairs 24750000/45535504
    shell 65: pairs 25000000/45535504
    shell 66: pairs 25000000/45535504
    shell 65: pairs 25250000/45535504
    shell 66: pairs 25250000/45535504
    shell 65: pairs 25500000/45535504
    shell 66: pairs 25500000/45535504
    shell 65: pairs 25750000/45535504
    shell 66: pairs 25750000/45535504
    shell 65: pairs 26000000/45535504
    shell 66: pairs 26000000/45535504
    shell 65: pairs 26250000/45535504
    shell 66: pairs 26250000/45535504
    shell 65: pairs 26500000/45535504
    shell 66: pairs 26500000/45535504
    shell 65: pairs 26750000/45535504
    shell 66: pairs 26750000/45535504
    shell 65: pairs 27000000/45535504
    shell 66: pairs 27000000/45535504
    shell 65: pairs 27250000/45535504
    shell 66: pairs 27250000/45535504
    shell 65: pairs 27500000/45535504
    shell 66: pairs 27500000/45535504
    shell 65: pairs 27750000/45535504
    shell 66: pairs 27750000/45535504
    shell 65: pairs 28000000/45535504
    shell 66: pairs 28000000/45535504
    shell 65: pairs 28250000/45535504
    shell 66: pairs 28250000/45535504
    shell 65: pairs 28500000/45535504
    shell 66: pairs 28500000/45535504
    shell 65: pairs 28750000/45535504
    shell 66: pairs 28750000/45535504
    shell 65: pairs 29000000/45535504
    shell 66: pairs 29000000/45535504
    shell 65: pairs 29250000/45535504
    shell 66: pairs 29250000/45535504
    shell 65: pairs 29500000/45535504
    shell 66: pairs 29500000/45535504
    shell 65: pairs 29750000/45535504
    shell 66: pairs 29750000/45535504
    shell 65: pairs 30000000/45535504
    shell 66: pairs 30000000/45535504
    shell 65: pairs 30250000/45535504
    shell 66: pairs 30250000/45535504
    shell 65: pairs 30500000/45535504
    shell 66: pairs 30500000/45535504
    shell 65: pairs 30750000/45535504
    shell 66: pairs 30750000/45535504
    shell 65: pairs 31000000/45535504
    shell 66: pairs 31000000/45535504
    shell 65: pairs 31250000/45535504
    shell 66: pairs 31250000/45535504
    shell 65: pairs 31500000/45535504
    shell 66: pairs 31500000/45535504
    shell 65: pairs 31750000/45535504
    shell 66: pairs 31750000/45535504
    shell 65: pairs 32000000/45535504
    shell 66: pairs 32000000/45535504
    shell 65: pairs 32250000/45535504
    shell 66: pairs 32250000/45535504
    shell 65: pairs 32500000/45535504
    shell 66: pairs 32500000/45535504
    shell 65: pairs 32750000/45535504
    shell 66: pairs 32750000/45535504
    shell 65: pairs 33000000/45535504
    shell 66: pairs 33000000/45535504
    shell 65: pairs 33250000/45535504
    shell 66: pairs 33250000/45535504
    shell 65: pairs 33500000/45535504
    shell 66: pairs 33500000/45535504
    shell 65: pairs 33750000/45535504
    shell 66: pairs 33750000/45535504
    shell 65: pairs 34000000/45535504
    shell 66: pairs 34000000/45535504
    shell 65: pairs 34250000/45535504
    shell 66: pairs 34250000/45535504
    shell 65: pairs 34500000/45535504
    shell 66: pairs 34500000/45535504
    shell 65: pairs 34750000/45535504
    shell 66: pairs 34750000/45535504
    shell 65: pairs 35000000/45535504
    shell 66: pairs 35000000/45535504
    shell 65: pairs 35250000/45535504
    shell 66: pairs 35250000/45535504
    shell 65: pairs 35500000/45535504
    shell 66: pairs 35500000/45535504
    shell 65: pairs 35750000/45535504
    shell 66: pairs 35750000/45535504
    shell 65: pairs 36000000/45535504
    shell 66: pairs 36000000/45535504
    shell 65: pairs 36250000/45535504
    shell 66: pairs 36250000/45535504
    shell 65: pairs 36500000/45535504
    shell 66: pairs 36500000/45535504
    shell 65: pairs 36750000/45535504
    shell 66: pairs 36750000/45535504
    shell 65: pairs 37000000/45535504
    shell 66: pairs 37000000/45535504
    shell 65: pairs 37250000/45535504
    shell 66: pairs 37250000/45535504
    shell 65: pairs 37500000/45535504
    shell 66: pairs 37500000/45535504
    shell 65: pairs 37750000/45535504
    shell 66: pairs 37750000/45535504
    shell 65: pairs 38000000/45535504
    shell 66: pairs 38000000/45535504
    shell 65: pairs 38250000/45535504
    shell 66: pairs 38250000/45535504
    shell 65: pairs 38500000/45535504
    shell 66: pairs 38500000/45535504
    shell 65: pairs 38750000/45535504
    shell 66: pairs 38750000/45535504
    shell 65: pairs 39000000/45535504
    shell 66: pairs 39000000/45535504
    shell 65: pairs 39250000/45535504
    shell 66: pairs 39250000/45535504
    shell 65: pairs 39500000/45535504
    shell 66: pairs 39500000/45535504
    shell 65: pairs 39750000/45535504
    shell 66: pairs 39750000/45535504
    shell 65: pairs 40000000/45535504
    shell 66: pairs 40000000/45535504
    shell 65: pairs 40250000/45535504
    shell 66: pairs 40250000/45535504
    shell 65: pairs 40500000/45535504
    shell 66: pairs 40500000/45535504
    shell 65: pairs 40750000/45535504
    shell 66: pairs 40750000/45535504
    shell 65: pairs 41000000/45535504
    shell 66: pairs 41000000/45535504
    shell 65: pairs 41250000/45535504
    shell 66: pairs 41250000/45535504
    shell 65: pairs 41500000/45535504
    shell 66: pairs 41500000/45535504
    shell 65: pairs 41750000/45535504
    shell 66: pairs 41750000/45535504
    shell 65: pairs 42000000/45535504
    shell 66: pairs 42000000/45535504
    shell 65: pairs 42250000/45535504
    shell 66: pairs 42250000/45535504
    shell 65: pairs 42500000/45535504
    shell 66: pairs 42500000/45535504
    shell 65: pairs 42750000/45535504
    shell 66: pairs 42750000/45535504
    shell 65: pairs 43000000/45535504
    shell 66: pairs 43000000/45535504
    shell 65: pairs 43250000/45535504
    shell 66: pairs 43250000/45535504
    shell 65: pairs 43500000/45535504
    shell 66: pairs 43500000/45535504
    shell 65: pairs 43750000/45535504
    shell 66: pairs 43750000/45535504
    shell 65: pairs 44000000/45535504
    shell 66: pairs 44000000/45535504
    shell 65: pairs 44250000/45535504
    shell 66: pairs 44250000/45535504
    shell 65: pairs 44500000/45535504
    shell 66: pairs 44500000/45535504
    shell 65: pairs 44750000/45535504
    shell 66: pairs 44750000/45535504
    shell 65: pairs 45000000/45535504
    shell 66: pairs 45000000/45535504
    shell 65: pairs 45250000/45535504
    shell 66: pairs 45250000/45535504
    shell 65: pairs 45500000/45535504
    shell 66: pairs 45500000/45535504
  shell 65 one_inf C_term_hi=142.548402199581959215386501540616479141 [54/87]
  shell 66 one_inf C_term_hi=139.5458997072049553288262430742102965946 [55/87]
    shell 67: pairs 250000/45535504
    shell 68: pairs 250000/45535504
    shell 67: pairs 500000/45535504
    shell 68: pairs 500000/45535504
    shell 67: pairs 750000/45535504
    shell 68: pairs 750000/45535504
    shell 67: pairs 1000000/45535504
    shell 68: pairs 1000000/45535504
    shell 67: pairs 1250000/45535504
    shell 68: pairs 1250000/45535504
    shell 67: pairs 1500000/45535504
    shell 68: pairs 1500000/45535504
    shell 67: pairs 1750000/45535504
    shell 68: pairs 1750000/45535504
    shell 67: pairs 2000000/45535504
    shell 68: pairs 2000000/45535504
    shell 67: pairs 2250000/45535504
    shell 68: pairs 2250000/45535504
    shell 67: pairs 2500000/45535504
    shell 68: pairs 2500000/45535504
    shell 67: pairs 2750000/45535504
    shell 68: pairs 2750000/45535504
    shell 67: pairs 3000000/45535504
    shell 68: pairs 3000000/45535504
    shell 67: pairs 3250000/45535504
    shell 68: pairs 3250000/45535504
    shell 67: pairs 3500000/45535504
    shell 68: pairs 3500000/45535504
    shell 67: pairs 3750000/45535504
    shell 68: pairs 3750000/45535504
    shell 67: pairs 4000000/45535504
    shell 68: pairs 4000000/45535504
    shell 67: pairs 4250000/45535504
    shell 68: pairs 4250000/45535504
    shell 67: pairs 4500000/45535504
    shell 68: pairs 4500000/45535504
    shell 67: pairs 4750000/45535504
    shell 68: pairs 4750000/45535504
    shell 67: pairs 5000000/45535504
    shell 68: pairs 5000000/45535504
    shell 67: pairs 5250000/45535504
    shell 68: pairs 5250000/45535504
    shell 67: pairs 5500000/45535504
    shell 68: pairs 5500000/45535504
    shell 67: pairs 5750000/45535504
    shell 68: pairs 5750000/45535504
    shell 67: pairs 6000000/45535504
    shell 68: pairs 6000000/45535504
    shell 67: pairs 6250000/45535504
    shell 68: pairs 6250000/45535504
    shell 67: pairs 6500000/45535504
    shell 68: pairs 6500000/45535504
    shell 67: pairs 6750000/45535504
    shell 68: pairs 6750000/45535504
    shell 67: pairs 7000000/45535504
    shell 68: pairs 7000000/45535504
    shell 67: pairs 7250000/45535504
    shell 68: pairs 7250000/45535504
    shell 67: pairs 7500000/45535504
    shell 68: pairs 7500000/45535504
    shell 67: pairs 7750000/45535504
    shell 68: pairs 7750000/45535504
    shell 67: pairs 8000000/45535504
    shell 68: pairs 8000000/45535504
    shell 67: pairs 8250000/45535504
    shell 68: pairs 8250000/45535504
    shell 67: pairs 8500000/45535504
    shell 68: pairs 8500000/45535504
    shell 67: pairs 8750000/45535504
    shell 68: pairs 8750000/45535504
    shell 67: pairs 9000000/45535504
    shell 68: pairs 9000000/45535504
    shell 67: pairs 9250000/45535504
    shell 68: pairs 9250000/45535504
    shell 67: pairs 9500000/45535504
    shell 68: pairs 9500000/45535504
    shell 67: pairs 9750000/45535504
    shell 68: pairs 9750000/45535504
    shell 67: pairs 10000000/45535504
    shell 68: pairs 10000000/45535504
    shell 67: pairs 10250000/45535504
    shell 68: pairs 10250000/45535504
    shell 67: pairs 10500000/45535504
    shell 68: pairs 10500000/45535504
    shell 67: pairs 10750000/45535504
    shell 68: pairs 10750000/45535504
    shell 67: pairs 11000000/45535504
    shell 68: pairs 11000000/45535504
    shell 67: pairs 11250000/45535504
    shell 68: pairs 11250000/45535504
    shell 67: pairs 11500000/45535504
    shell 68: pairs 11500000/45535504
    shell 67: pairs 11750000/45535504
    shell 68: pairs 11750000/45535504
    shell 67: pairs 12000000/45535504
    shell 68: pairs 12000000/45535504
    shell 67: pairs 12250000/45535504
    shell 68: pairs 12250000/45535504
    shell 67: pairs 12500000/45535504
    shell 68: pairs 12500000/45535504
    shell 67: pairs 12750000/45535504
    shell 68: pairs 12750000/45535504
    shell 67: pairs 13000000/45535504
    shell 68: pairs 13000000/45535504
    shell 67: pairs 13250000/45535504
    shell 68: pairs 13250000/45535504
    shell 67: pairs 13500000/45535504
    shell 68: pairs 13500000/45535504
    shell 67: pairs 13750000/45535504
    shell 68: pairs 13750000/45535504
    shell 67: pairs 14000000/45535504
    shell 68: pairs 14000000/45535504
    shell 67: pairs 14250000/45535504
    shell 68: pairs 14250000/45535504
    shell 67: pairs 14500000/45535504
    shell 68: pairs 14500000/45535504
    shell 67: pairs 14750000/45535504
    shell 68: pairs 14750000/45535504
    shell 67: pairs 15000000/45535504
    shell 68: pairs 15000000/45535504
    shell 67: pairs 15250000/45535504
    shell 68: pairs 15250000/45535504
    shell 67: pairs 15500000/45535504
    shell 68: pairs 15500000/45535504
    shell 67: pairs 15750000/45535504
    shell 68: pairs 15750000/45535504
    shell 67: pairs 16000000/45535504
    shell 68: pairs 16000000/45535504
    shell 67: pairs 16250000/45535504
    shell 68: pairs 16250000/45535504
    shell 67: pairs 16500000/45535504
    shell 68: pairs 16500000/45535504
    shell 68: pairs 16750000/45535504
    shell 67: pairs 16750000/45535504
    shell 68: pairs 17000000/45535504
    shell 67: pairs 17000000/45535504
    shell 68: pairs 17250000/45535504
    shell 67: pairs 17250000/45535504
    shell 68: pairs 17500000/45535504
    shell 67: pairs 17500000/45535504
    shell 68: pairs 17750000/45535504
    shell 67: pairs 17750000/45535504
    shell 68: pairs 18000000/45535504
    shell 67: pairs 18000000/45535504
    shell 68: pairs 18250000/45535504
    shell 67: pairs 18250000/45535504
    shell 68: pairs 18500000/45535504
    shell 67: pairs 18500000/45535504
    shell 68: pairs 18750000/45535504
    shell 67: pairs 18750000/45535504
    shell 68: pairs 19000000/45535504
    shell 67: pairs 19000000/45535504
    shell 68: pairs 19250000/45535504
    shell 67: pairs 19250000/45535504
    shell 68: pairs 19500000/45535504
    shell 67: pairs 19500000/45535504
    shell 68: pairs 19750000/45535504
    shell 67: pairs 19750000/45535504
    shell 68: pairs 20000000/45535504
    shell 67: pairs 20000000/45535504
    shell 68: pairs 20250000/45535504
    shell 67: pairs 20250000/45535504
    shell 68: pairs 20500000/45535504
    shell 67: pairs 20500000/45535504
    shell 68: pairs 20750000/45535504
    shell 67: pairs 20750000/45535504
    shell 68: pairs 21000000/45535504
    shell 67: pairs 21000000/45535504
    shell 68: pairs 21250000/45535504
    shell 67: pairs 21250000/45535504
    shell 68: pairs 21500000/45535504
    shell 67: pairs 21500000/45535504
    shell 68: pairs 21750000/45535504
    shell 67: pairs 21750000/45535504
    shell 68: pairs 22000000/45535504
    shell 67: pairs 22000000/45535504
    shell 68: pairs 22250000/45535504
    shell 67: pairs 22250000/45535504
    shell 68: pairs 22500000/45535504
    shell 67: pairs 22500000/45535504
    shell 68: pairs 22750000/45535504
    shell 67: pairs 22750000/45535504
    shell 68: pairs 23000000/45535504
    shell 67: pairs 23000000/45535504
    shell 68: pairs 23250000/45535504
    shell 67: pairs 23250000/45535504
    shell 68: pairs 23500000/45535504
    shell 67: pairs 23500000/45535504
    shell 68: pairs 23750000/45535504
    shell 67: pairs 23750000/45535504
    shell 68: pairs 24000000/45535504
    shell 67: pairs 24000000/45535504
    shell 68: pairs 24250000/45535504
    shell 67: pairs 24250000/45535504
    shell 68: pairs 24500000/45535504
    shell 67: pairs 24500000/45535504
    shell 68: pairs 24750000/45535504
    shell 67: pairs 24750000/45535504
    shell 68: pairs 25000000/45535504
    shell 67: pairs 25000000/45535504
    shell 68: pairs 25250000/45535504
    shell 67: pairs 25250000/45535504
    shell 68: pairs 25500000/45535504
    shell 67: pairs 25500000/45535504
    shell 68: pairs 25750000/45535504
    shell 67: pairs 25750000/45535504
    shell 68: pairs 26000000/45535504
    shell 67: pairs 26000000/45535504
    shell 68: pairs 26250000/45535504
    shell 67: pairs 26250000/45535504
    shell 68: pairs 26500000/45535504
    shell 67: pairs 26500000/45535504
    shell 68: pairs 26750000/45535504
    shell 67: pairs 26750000/45535504
    shell 68: pairs 27000000/45535504
    shell 67: pairs 27000000/45535504
    shell 68: pairs 27250000/45535504
    shell 67: pairs 27250000/45535504
    shell 68: pairs 27500000/45535504
    shell 67: pairs 27500000/45535504
    shell 68: pairs 27750000/45535504
    shell 67: pairs 27750000/45535504
    shell 68: pairs 28000000/45535504
    shell 67: pairs 28000000/45535504
    shell 68: pairs 28250000/45535504
    shell 67: pairs 28250000/45535504
    shell 68: pairs 28500000/45535504
    shell 67: pairs 28500000/45535504
    shell 68: pairs 28750000/45535504
    shell 67: pairs 28750000/45535504
    shell 68: pairs 29000000/45535504
    shell 67: pairs 29000000/45535504
    shell 68: pairs 29250000/45535504
    shell 67: pairs 29250000/45535504
    shell 68: pairs 29500000/45535504
    shell 67: pairs 29500000/45535504
    shell 68: pairs 29750000/45535504
    shell 67: pairs 29750000/45535504
    shell 68: pairs 30000000/45535504
    shell 67: pairs 30000000/45535504
    shell 68: pairs 30250000/45535504
    shell 67: pairs 30250000/45535504
    shell 68: pairs 30500000/45535504
    shell 67: pairs 30500000/45535504
    shell 68: pairs 30750000/45535504
    shell 67: pairs 30750000/45535504
    shell 68: pairs 31000000/45535504
    shell 67: pairs 31000000/45535504
    shell 68: pairs 31250000/45535504
    shell 67: pairs 31250000/45535504
    shell 68: pairs 31500000/45535504
    shell 67: pairs 31500000/45535504
    shell 68: pairs 31750000/45535504
    shell 67: pairs 31750000/45535504
    shell 68: pairs 32000000/45535504
    shell 67: pairs 32000000/45535504
    shell 68: pairs 32250000/45535504
    shell 67: pairs 32250000/45535504
    shell 68: pairs 32500000/45535504
    shell 67: pairs 32500000/45535504
    shell 68: pairs 32750000/45535504
    shell 67: pairs 32750000/45535504
    shell 68: pairs 33000000/45535504
    shell 67: pairs 33000000/45535504
    shell 68: pairs 33250000/45535504
    shell 67: pairs 33250000/45535504
    shell 68: pairs 33500000/45535504
    shell 67: pairs 33500000/45535504
    shell 68: pairs 33750000/45535504
    shell 67: pairs 33750000/45535504
    shell 68: pairs 34000000/45535504
    shell 67: pairs 34000000/45535504
    shell 68: pairs 34250000/45535504
    shell 67: pairs 34250000/45535504
    shell 68: pairs 34500000/45535504
    shell 67: pairs 34500000/45535504
    shell 68: pairs 34750000/45535504
    shell 67: pairs 34750000/45535504
    shell 68: pairs 35000000/45535504
    shell 67: pairs 35000000/45535504
    shell 68: pairs 35250000/45535504
    shell 67: pairs 35250000/45535504
    shell 68: pairs 35500000/45535504
    shell 67: pairs 35500000/45535504
    shell 68: pairs 35750000/45535504
    shell 67: pairs 35750000/45535504
    shell 68: pairs 36000000/45535504
    shell 67: pairs 36000000/45535504
    shell 68: pairs 36250000/45535504
    shell 68: pairs 36500000/45535504
    shell 67: pairs 36250000/45535504
    shell 67: pairs 36500000/45535504
    shell 68: pairs 36750000/45535504
    shell 68: pairs 37000000/45535504
    shell 67: pairs 36750000/45535504
    shell 68: pairs 37250000/45535504
    shell 67: pairs 37000000/45535504
    shell 68: pairs 37500000/45535504
    shell 67: pairs 37250000/45535504
    shell 68: pairs 37750000/45535504
    shell 67: pairs 37500000/45535504
    shell 68: pairs 38000000/45535504
    shell 67: pairs 37750000/45535504
    shell 68: pairs 38250000/45535504
    shell 67: pairs 38000000/45535504
    shell 68: pairs 38500000/45535504
    shell 67: pairs 38250000/45535504
    shell 67: pairs 38500000/45535504
    shell 68: pairs 38750000/45535504
    shell 68: pairs 39000000/45535504
    shell 67: pairs 38750000/45535504
    shell 68: pairs 39250000/45535504
    shell 67: pairs 39000000/45535504
    shell 68: pairs 39500000/45535504
    shell 67: pairs 39250000/45535504
    shell 68: pairs 39750000/45535504
    shell 67: pairs 39500000/45535504
    shell 68: pairs 40000000/45535504
    shell 67: pairs 39750000/45535504
    shell 67: pairs 40000000/45535504
    shell 68: pairs 40250000/45535504
    shell 68: pairs 40500000/45535504
    shell 67: pairs 40250000/45535504
    shell 68: pairs 40750000/45535504
    shell 67: pairs 40500000/45535504
    shell 68: pairs 41000000/45535504
    shell 67: pairs 40750000/45535504
    shell 68: pairs 41250000/45535504
    shell 67: pairs 41000000/45535504
    shell 68: pairs 41500000/45535504
    shell 67: pairs 41250000/45535504
    shell 68: pairs 41750000/45535504
    shell 67: pairs 41500000/45535504
    shell 68: pairs 42000000/45535504
    shell 67: pairs 41750000/45535504
    shell 68: pairs 42250000/45535504
    shell 67: pairs 42000000/45535504
    shell 68: pairs 42500000/45535504
    shell 67: pairs 42250000/45535504
    shell 68: pairs 42750000/45535504
    shell 67: pairs 42500000/45535504
    shell 68: pairs 43000000/45535504
    shell 67: pairs 42750000/45535504
    shell 68: pairs 43250000/45535504
    shell 67: pairs 43000000/45535504
    shell 68: pairs 43500000/45535504
    shell 67: pairs 43250000/45535504
    shell 68: pairs 43750000/45535504
    shell 67: pairs 43500000/45535504
    shell 68: pairs 44000000/45535504
    shell 67: pairs 43750000/45535504
    shell 68: pairs 44250000/45535504
    shell 67: pairs 44000000/45535504
    shell 68: pairs 44500000/45535504
    shell 68: pairs 44750000/45535504
    shell 67: pairs 44250000/45535504
    shell 68: pairs 45000000/45535504
    shell 67: pairs 44500000/45535504
    shell 67: pairs 44750000/45535504
    shell 68: pairs 45250000/45535504
    shell 67: pairs 45000000/45535504
    shell 68: pairs 45500000/45535504
  shell 68 one_inf C_term_hi=122.2622829684278772600253278296012014692 [56/87]
    shell 67: pairs 45250000/45535504
    shell 67: pairs 45500000/45535504
  shell 67 one_inf C_term_hi=131.9940581355303908650225107552786201889 [57/87]
    shell 69: pairs 250000/45535504
    shell 70: pairs 250000/45535504
    shell 69: pairs 500000/45535504
    shell 70: pairs 500000/45535504
    shell 69: pairs 750000/45535504
    shell 70: pairs 750000/45535504
    shell 69: pairs 1000000/45535504
    shell 70: pairs 1000000/45535504
    shell 69: pairs 1250000/45535504
    shell 70: pairs 1250000/45535504
    shell 69: pairs 1500000/45535504
    shell 70: pairs 1500000/45535504
    shell 69: pairs 1750000/45535504
    shell 70: pairs 1750000/45535504
    shell 69: pairs 2000000/45535504
    shell 70: pairs 2000000/45535504
    shell 69: pairs 2250000/45535504
    shell 70: pairs 2250000/45535504
    shell 69: pairs 2500000/45535504
    shell 70: pairs 2500000/45535504
    shell 69: pairs 2750000/45535504
    shell 70: pairs 2750000/45535504
    shell 69: pairs 3000000/45535504
    shell 70: pairs 3000000/45535504
    shell 69: pairs 3250000/45535504
    shell 70: pairs 3250000/45535504
    shell 69: pairs 3500000/45535504
    shell 70: pairs 3500000/45535504
    shell 69: pairs 3750000/45535504
    shell 70: pairs 3750000/45535504
    shell 69: pairs 4000000/45535504
    shell 70: pairs 4000000/45535504
    shell 69: pairs 4250000/45535504
    shell 70: pairs 4250000/45535504
    shell 69: pairs 4500000/45535504
    shell 70: pairs 4500000/45535504
    shell 69: pairs 4750000/45535504
    shell 70: pairs 4750000/45535504
    shell 69: pairs 5000000/45535504
    shell 70: pairs 5000000/45535504
    shell 69: pairs 5250000/45535504
    shell 70: pairs 5250000/45535504
    shell 69: pairs 5500000/45535504
    shell 70: pairs 5500000/45535504
    shell 69: pairs 5750000/45535504
    shell 70: pairs 5750000/45535504
    shell 69: pairs 6000000/45535504
    shell 70: pairs 6000000/45535504
    shell 69: pairs 6250000/45535504
    shell 70: pairs 6250000/45535504
    shell 69: pairs 6500000/45535504
    shell 70: pairs 6500000/45535504
    shell 69: pairs 6750000/45535504
    shell 70: pairs 6750000/45535504
    shell 69: pairs 7000000/45535504
    shell 70: pairs 7000000/45535504
    shell 69: pairs 7250000/45535504
    shell 70: pairs 7250000/45535504
    shell 69: pairs 7500000/45535504
    shell 70: pairs 7500000/45535504
    shell 69: pairs 7750000/45535504
    shell 70: pairs 7750000/45535504
    shell 69: pairs 8000000/45535504
    shell 70: pairs 8000000/45535504
    shell 69: pairs 8250000/45535504
    shell 70: pairs 8250000/45535504
    shell 69: pairs 8500000/45535504
    shell 70: pairs 8500000/45535504
    shell 69: pairs 8750000/45535504
    shell 70: pairs 8750000/45535504
    shell 69: pairs 9000000/45535504
    shell 70: pairs 9000000/45535504
    shell 69: pairs 9250000/45535504
    shell 70: pairs 9250000/45535504
    shell 69: pairs 9500000/45535504
    shell 70: pairs 9500000/45535504
    shell 69: pairs 9750000/45535504
    shell 70: pairs 9750000/45535504
    shell 69: pairs 10000000/45535504
    shell 70: pairs 10000000/45535504
    shell 69: pairs 10250000/45535504
    shell 70: pairs 10250000/45535504
    shell 69: pairs 10500000/45535504
    shell 70: pairs 10500000/45535504
    shell 69: pairs 10750000/45535504
    shell 70: pairs 10750000/45535504
    shell 69: pairs 11000000/45535504
    shell 70: pairs 11000000/45535504
    shell 69: pairs 11250000/45535504
    shell 70: pairs 11250000/45535504
    shell 69: pairs 11500000/45535504
    shell 70: pairs 11500000/45535504
    shell 69: pairs 11750000/45535504
    shell 70: pairs 11750000/45535504
    shell 69: pairs 12000000/45535504
    shell 70: pairs 12000000/45535504
    shell 69: pairs 12250000/45535504
    shell 70: pairs 12250000/45535504
    shell 69: pairs 12500000/45535504
    shell 70: pairs 12500000/45535504
    shell 69: pairs 12750000/45535504
    shell 70: pairs 12750000/45535504
    shell 69: pairs 13000000/45535504
    shell 70: pairs 13000000/45535504
    shell 69: pairs 13250000/45535504
    shell 70: pairs 13250000/45535504
    shell 69: pairs 13500000/45535504
    shell 70: pairs 13500000/45535504
    shell 69: pairs 13750000/45535504
    shell 70: pairs 13750000/45535504
    shell 69: pairs 14000000/45535504
    shell 70: pairs 14000000/45535504
    shell 69: pairs 14250000/45535504
    shell 70: pairs 14250000/45535504
    shell 69: pairs 14500000/45535504
    shell 70: pairs 14500000/45535504
    shell 69: pairs 14750000/45535504
    shell 70: pairs 14750000/45535504
    shell 69: pairs 15000000/45535504
    shell 70: pairs 15000000/45535504
    shell 69: pairs 15250000/45535504
    shell 70: pairs 15250000/45535504
    shell 69: pairs 15500000/45535504
    shell 70: pairs 15500000/45535504
    shell 69: pairs 15750000/45535504
    shell 70: pairs 15750000/45535504
    shell 69: pairs 16000000/45535504
    shell 70: pairs 16000000/45535504
    shell 69: pairs 16250000/45535504
    shell 70: pairs 16250000/45535504
    shell 69: pairs 16500000/45535504
    shell 70: pairs 16500000/45535504
    shell 69: pairs 16750000/45535504
    shell 70: pairs 16750000/45535504
    shell 69: pairs 17000000/45535504
    shell 70: pairs 17000000/45535504
    shell 69: pairs 17250000/45535504
    shell 70: pairs 17250000/45535504
    shell 69: pairs 17500000/45535504
    shell 70: pairs 17500000/45535504
    shell 69: pairs 17750000/45535504
    shell 70: pairs 17750000/45535504
    shell 69: pairs 18000000/45535504
    shell 70: pairs 18000000/45535504
    shell 69: pairs 18250000/45535504
    shell 70: pairs 18250000/45535504
    shell 69: pairs 18500000/45535504
    shell 70: pairs 18500000/45535504
    shell 69: pairs 18750000/45535504
    shell 70: pairs 18750000/45535504
    shell 70: pairs 19000000/45535504
    shell 69: pairs 19000000/45535504
    shell 70: pairs 19250000/45535504
    shell 69: pairs 19250000/45535504
    shell 70: pairs 19500000/45535504
    shell 69: pairs 19500000/45535504
    shell 70: pairs 19750000/45535504
    shell 69: pairs 19750000/45535504
    shell 70: pairs 20000000/45535504
    shell 69: pairs 20000000/45535504
    shell 70: pairs 20250000/45535504
    shell 69: pairs 20250000/45535504
    shell 70: pairs 20500000/45535504
    shell 69: pairs 20500000/45535504
    shell 70: pairs 20750000/45535504
    shell 69: pairs 20750000/45535504
    shell 70: pairs 21000000/45535504
    shell 69: pairs 21000000/45535504
    shell 70: pairs 21250000/45535504
    shell 69: pairs 21250000/45535504
    shell 70: pairs 21500000/45535504
    shell 69: pairs 21500000/45535504
    shell 70: pairs 21750000/45535504
    shell 69: pairs 21750000/45535504
    shell 70: pairs 22000000/45535504
    shell 69: pairs 22000000/45535504
    shell 70: pairs 22250000/45535504
    shell 69: pairs 22250000/45535504
    shell 70: pairs 22500000/45535504
    shell 69: pairs 22500000/45535504
    shell 70: pairs 22750000/45535504
    shell 69: pairs 22750000/45535504
    shell 70: pairs 23000000/45535504
    shell 69: pairs 23000000/45535504
    shell 70: pairs 23250000/45535504
    shell 69: pairs 23250000/45535504
    shell 70: pairs 23500000/45535504
    shell 69: pairs 23500000/45535504
    shell 70: pairs 23750000/45535504
    shell 69: pairs 23750000/45535504
    shell 70: pairs 24000000/45535504
    shell 69: pairs 24000000/45535504
    shell 70: pairs 24250000/45535504
    shell 69: pairs 24250000/45535504
    shell 70: pairs 24500000/45535504
    shell 69: pairs 24500000/45535504
    shell 70: pairs 24750000/45535504
    shell 69: pairs 24750000/45535504
    shell 70: pairs 25000000/45535504
    shell 69: pairs 25000000/45535504
    shell 70: pairs 25250000/45535504
    shell 69: pairs 25250000/45535504
    shell 70: pairs 25500000/45535504
    shell 69: pairs 25500000/45535504
    shell 70: pairs 25750000/45535504
    shell 69: pairs 25750000/45535504
    shell 70: pairs 26000000/45535504
    shell 69: pairs 26000000/45535504
    shell 70: pairs 26250000/45535504
    shell 69: pairs 26250000/45535504
    shell 70: pairs 26500000/45535504
    shell 69: pairs 26500000/45535504
    shell 70: pairs 26750000/45535504
    shell 69: pairs 26750000/45535504
    shell 70: pairs 27000000/45535504
    shell 69: pairs 27000000/45535504
    shell 70: pairs 27250000/45535504
    shell 69: pairs 27250000/45535504
    shell 70: pairs 27500000/45535504
    shell 69: pairs 27500000/45535504
    shell 70: pairs 27750000/45535504
    shell 69: pairs 27750000/45535504
    shell 70: pairs 28000000/45535504
    shell 69: pairs 28000000/45535504
    shell 70: pairs 28250000/45535504
    shell 69: pairs 28250000/45535504
    shell 70: pairs 28500000/45535504
    shell 69: pairs 28500000/45535504
    shell 70: pairs 28750000/45535504
    shell 69: pairs 28750000/45535504
    shell 70: pairs 29000000/45535504
    shell 69: pairs 29000000/45535504
    shell 70: pairs 29250000/45535504
    shell 69: pairs 29250000/45535504
    shell 70: pairs 29500000/45535504
    shell 69: pairs 29500000/45535504
    shell 70: pairs 29750000/45535504
    shell 69: pairs 29750000/45535504
    shell 70: pairs 30000000/45535504
    shell 69: pairs 30000000/45535504
    shell 70: pairs 30250000/45535504
    shell 69: pairs 30250000/45535504
    shell 70: pairs 30500000/45535504
    shell 69: pairs 30500000/45535504
    shell 70: pairs 30750000/45535504
    shell 69: pairs 30750000/45535504
    shell 70: pairs 31000000/45535504
    shell 69: pairs 31000000/45535504
    shell 70: pairs 31250000/45535504
    shell 69: pairs 31250000/45535504
    shell 70: pairs 31500000/45535504
    shell 69: pairs 31500000/45535504
    shell 70: pairs 31750000/45535504
    shell 70: pairs 32000000/45535504
    shell 69: pairs 31750000/45535504
    shell 69: pairs 32000000/45535504
    shell 70: pairs 32250000/45535504
    shell 70: pairs 32500000/45535504
    shell 69: pairs 32250000/45535504
    shell 69: pairs 32500000/45535504
    shell 70: pairs 32750000/45535504
    shell 70: pairs 33000000/45535504
    shell 69: pairs 32750000/45535504
    shell 69: pairs 33000000/45535504
    shell 70: pairs 33250000/45535504
    shell 70: pairs 33500000/45535504
    shell 69: pairs 33250000/45535504
    shell 70: pairs 33750000/45535504
    shell 69: pairs 33500000/45535504
    shell 70: pairs 34000000/45535504
    shell 69: pairs 33750000/45535504
    shell 69: pairs 34000000/45535504
    shell 70: pairs 34250000/45535504
    shell 70: pairs 34500000/45535504
    shell 69: pairs 34250000/45535504
    shell 70: pairs 34750000/45535504
    shell 69: pairs 34500000/45535504
    shell 70: pairs 35000000/45535504
    shell 69: pairs 34750000/45535504
    shell 69: pairs 35000000/45535504
    shell 70: pairs 35250000/45535504
    shell 70: pairs 35500000/45535504
    shell 69: pairs 35250000/45535504
    shell 69: pairs 35500000/45535504
    shell 70: pairs 35750000/45535504
    shell 70: pairs 36000000/45535504
    shell 69: pairs 35750000/45535504
    shell 70: pairs 36250000/45535504
    shell 69: pairs 36000000/45535504
    shell 70: pairs 36500000/45535504
    shell 69: pairs 36250000/45535504
    shell 69: pairs 36500000/45535504
    shell 70: pairs 36750000/45535504
    shell 70: pairs 37000000/45535504
    shell 69: pairs 36750000/45535504
    shell 70: pairs 37250000/45535504
    shell 69: pairs 37000000/45535504
    shell 70: pairs 37500000/45535504
    shell 69: pairs 37250000/45535504
    shell 70: pairs 37750000/45535504
    shell 69: pairs 37500000/45535504
    shell 70: pairs 38000000/45535504
    shell 69: pairs 37750000/45535504
    shell 70: pairs 38250000/45535504
    shell 69: pairs 38000000/45535504
    shell 70: pairs 38500000/45535504
    shell 69: pairs 38250000/45535504
    shell 70: pairs 38750000/45535504
    shell 69: pairs 38500000/45535504
    shell 70: pairs 39000000/45535504
    shell 69: pairs 38750000/45535504
    shell 70: pairs 39250000/45535504
    shell 69: pairs 39000000/45535504
    shell 70: pairs 39500000/45535504
    shell 69: pairs 39250000/45535504
    shell 70: pairs 39750000/45535504
    shell 69: pairs 39500000/45535504
    shell 70: pairs 40000000/45535504
    shell 69: pairs 39750000/45535504
    shell 70: pairs 40250000/45535504
    shell 69: pairs 40000000/45535504
    shell 70: pairs 40500000/45535504
    shell 69: pairs 40250000/45535504
    shell 70: pairs 40750000/45535504
    shell 69: pairs 40500000/45535504
    shell 70: pairs 41000000/45535504
    shell 70: pairs 41250000/45535504
    shell 69: pairs 40750000/45535504
    shell 70: pairs 41500000/45535504
    shell 69: pairs 41000000/45535504
    shell 69: pairs 41250000/45535504
    shell 70: pairs 41750000/45535504
    shell 69: pairs 41500000/45535504
    shell 70: pairs 42000000/45535504
    shell 70: pairs 42250000/45535504
    shell 69: pairs 41750000/45535504
    shell 70: pairs 42500000/45535504
    shell 69: pairs 42000000/45535504
    shell 70: pairs 42750000/45535504
    shell 69: pairs 42250000/45535504
    shell 70: pairs 43000000/45535504
    shell 69: pairs 42500000/45535504
    shell 69: pairs 42750000/45535504
    shell 70: pairs 43250000/45535504
    shell 69: pairs 43000000/45535504
    shell 70: pairs 43500000/45535504
    shell 70: pairs 43750000/45535504
    shell 69: pairs 43250000/45535504
    shell 70: pairs 44000000/45535504
    shell 69: pairs 43500000/45535504
    shell 70: pairs 44250000/45535504
    shell 69: pairs 43750000/45535504
    shell 70: pairs 44500000/45535504
    shell 69: pairs 44000000/45535504
    shell 70: pairs 44750000/45535504
    shell 70: pairs 45000000/45535504
    shell 69: pairs 44250000/45535504
    shell 69: pairs 44500000/45535504
    shell 70: pairs 45250000/45535504
    shell 69: pairs 44750000/45535504
    shell 70: pairs 45500000/45535504
    shell 69: pairs 45000000/45535504
  shell 70 one_inf C_term_hi=138.8726260676381037307558416794725872729 [58/87]
    shell 69: pairs 45250000/45535504
    shell 69: pairs 45500000/45535504
  shell 69 one_inf C_term_hi=135.6555790614607850695646867634399938933 [59/87]
    shell 72: pairs 250000/45535504
    shell 73: pairs 250000/45535504
    shell 72: pairs 500000/45535504
    shell 73: pairs 500000/45535504
    shell 72: pairs 750000/45535504
    shell 73: pairs 750000/45535504
    shell 72: pairs 1000000/45535504
    shell 73: pairs 1000000/45535504
    shell 72: pairs 1250000/45535504
    shell 73: pairs 1250000/45535504
    shell 72: pairs 1500000/45535504
    shell 73: pairs 1500000/45535504
    shell 72: pairs 1750000/45535504
    shell 73: pairs 1750000/45535504
    shell 72: pairs 2000000/45535504
    shell 73: pairs 2000000/45535504
    shell 72: pairs 2250000/45535504
    shell 73: pairs 2250000/45535504
    shell 72: pairs 2500000/45535504
    shell 73: pairs 2500000/45535504
    shell 72: pairs 2750000/45535504
    shell 73: pairs 2750000/45535504
    shell 72: pairs 3000000/45535504
    shell 73: pairs 3000000/45535504
    shell 72: pairs 3250000/45535504
    shell 73: pairs 3250000/45535504
    shell 72: pairs 3500000/45535504
    shell 73: pairs 3500000/45535504
    shell 72: pairs 3750000/45535504
    shell 73: pairs 3750000/45535504
    shell 72: pairs 4000000/45535504
    shell 73: pairs 4000000/45535504
    shell 72: pairs 4250000/45535504
    shell 73: pairs 4250000/45535504
    shell 72: pairs 4500000/45535504
    shell 73: pairs 4500000/45535504
    shell 72: pairs 4750000/45535504
    shell 73: pairs 4750000/45535504
    shell 72: pairs 5000000/45535504
    shell 73: pairs 5000000/45535504
    shell 72: pairs 5250000/45535504
    shell 73: pairs 5250000/45535504
    shell 72: pairs 5500000/45535504
    shell 73: pairs 5500000/45535504
    shell 72: pairs 5750000/45535504
    shell 73: pairs 5750000/45535504
    shell 72: pairs 6000000/45535504
    shell 73: pairs 6000000/45535504
    shell 72: pairs 6250000/45535504
    shell 73: pairs 6250000/45535504
    shell 72: pairs 6500000/45535504
    shell 73: pairs 6500000/45535504
    shell 72: pairs 6750000/45535504
    shell 73: pairs 6750000/45535504
    shell 72: pairs 7000000/45535504
    shell 73: pairs 7000000/45535504
    shell 72: pairs 7250000/45535504
    shell 73: pairs 7250000/45535504
    shell 72: pairs 7500000/45535504
    shell 73: pairs 7500000/45535504
    shell 72: pairs 7750000/45535504
    shell 73: pairs 7750000/45535504
    shell 72: pairs 8000000/45535504
    shell 73: pairs 8000000/45535504
    shell 72: pairs 8250000/45535504
    shell 72: pairs 8500000/45535504
    shell 73: pairs 8250000/45535504
    shell 72: pairs 8750000/45535504
    shell 73: pairs 8500000/45535504
    shell 72: pairs 9000000/45535504
    shell 73: pairs 8750000/45535504
    shell 72: pairs 9250000/45535504
    shell 73: pairs 9000000/45535504
    shell 72: pairs 9500000/45535504
    shell 73: pairs 9250000/45535504
    shell 72: pairs 9750000/45535504
    shell 73: pairs 9500000/45535504
    shell 72: pairs 10000000/45535504
    shell 73: pairs 9750000/45535504
    shell 72: pairs 10250000/45535504
    shell 73: pairs 10000000/45535504
    shell 72: pairs 10500000/45535504
    shell 73: pairs 10250000/45535504
    shell 72: pairs 10750000/45535504
    shell 73: pairs 10500000/45535504
    shell 72: pairs 11000000/45535504
    shell 73: pairs 10750000/45535504
    shell 72: pairs 11250000/45535504
    shell 73: pairs 11000000/45535504
    shell 72: pairs 11500000/45535504
    shell 73: pairs 11250000/45535504
    shell 72: pairs 11750000/45535504
    shell 73: pairs 11500000/45535504
    shell 72: pairs 12000000/45535504
    shell 73: pairs 11750000/45535504
    shell 72: pairs 12250000/45535504
    shell 73: pairs 12000000/45535504
    shell 72: pairs 12500000/45535504
    shell 73: pairs 12250000/45535504
    shell 72: pairs 12750000/45535504
    shell 73: pairs 12500000/45535504
    shell 72: pairs 13000000/45535504
    shell 73: pairs 12750000/45535504
    shell 72: pairs 13250000/45535504
    shell 72: pairs 13500000/45535504
    shell 73: pairs 13000000/45535504
    shell 72: pairs 13750000/45535504
    shell 73: pairs 13250000/45535504
    shell 72: pairs 14000000/45535504
    shell 73: pairs 13500000/45535504
    shell 72: pairs 14250000/45535504
    shell 73: pairs 13750000/45535504
    shell 72: pairs 14500000/45535504
    shell 73: pairs 14000000/45535504
    shell 72: pairs 14750000/45535504
    shell 73: pairs 14250000/45535504
    shell 72: pairs 15000000/45535504
    shell 73: pairs 14500000/45535504
    shell 72: pairs 15250000/45535504
    shell 73: pairs 14750000/45535504
    shell 72: pairs 15500000/45535504
    shell 73: pairs 15000000/45535504
    shell 72: pairs 15750000/45535504
    shell 73: pairs 15250000/45535504
    shell 72: pairs 16000000/45535504
    shell 73: pairs 15500000/45535504
    shell 72: pairs 16250000/45535504
    shell 73: pairs 15750000/45535504
    shell 72: pairs 16500000/45535504
    shell 73: pairs 16000000/45535504
    shell 72: pairs 16750000/45535504
    shell 73: pairs 16250000/45535504
    shell 72: pairs 17000000/45535504
    shell 73: pairs 16500000/45535504
    shell 72: pairs 17250000/45535504
    shell 72: pairs 17500000/45535504
    shell 73: pairs 16750000/45535504
    shell 73: pairs 17000000/45535504
    shell 72: pairs 17750000/45535504
    shell 72: pairs 18000000/45535504
    shell 73: pairs 17250000/45535504
    shell 72: pairs 18250000/45535504
    shell 73: pairs 17500000/45535504
    shell 72: pairs 18500000/45535504
    shell 73: pairs 17750000/45535504
    shell 72: pairs 18750000/45535504
    shell 73: pairs 18000000/45535504
    shell 72: pairs 19000000/45535504
    shell 73: pairs 18250000/45535504
    shell 72: pairs 19250000/45535504
    shell 73: pairs 18500000/45535504
    shell 72: pairs 19500000/45535504
    shell 73: pairs 18750000/45535504
    shell 72: pairs 19750000/45535504
    shell 73: pairs 19000000/45535504
    shell 72: pairs 20000000/45535504
    shell 73: pairs 19250000/45535504
    shell 72: pairs 20250000/45535504
    shell 73: pairs 19500000/45535504
    shell 72: pairs 20500000/45535504
    shell 73: pairs 19750000/45535504
    shell 72: pairs 20750000/45535504
    shell 73: pairs 20000000/45535504
    shell 72: pairs 21000000/45535504
    shell 73: pairs 20250000/45535504
    shell 72: pairs 21250000/45535504
    shell 73: pairs 20500000/45535504
    shell 72: pairs 21500000/45535504
    shell 73: pairs 20750000/45535504
    shell 72: pairs 21750000/45535504
    shell 73: pairs 21000000/45535504
    shell 72: pairs 22000000/45535504
    shell 72: pairs 22250000/45535504
    shell 73: pairs 21250000/45535504
    shell 72: pairs 22500000/45535504
    shell 73: pairs 21500000/45535504
    shell 72: pairs 22750000/45535504
    shell 73: pairs 21750000/45535504
    shell 72: pairs 23000000/45535504
    shell 73: pairs 22000000/45535504
    shell 72: pairs 23250000/45535504
    shell 73: pairs 22250000/45535504
    shell 72: pairs 23500000/45535504
    shell 73: pairs 22500000/45535504
    shell 72: pairs 23750000/45535504
    shell 73: pairs 22750000/45535504
    shell 72: pairs 24000000/45535504
    shell 73: pairs 23000000/45535504
    shell 72: pairs 24250000/45535504
    shell 72: pairs 24500000/45535504
    shell 73: pairs 23250000/45535504
    shell 72: pairs 24750000/45535504
    shell 73: pairs 23500000/45535504
    shell 72: pairs 25000000/45535504
    shell 73: pairs 23750000/45535504
    shell 72: pairs 25250000/45535504
    shell 73: pairs 24000000/45535504
    shell 72: pairs 25500000/45535504
    shell 73: pairs 24250000/45535504
    shell 72: pairs 25750000/45535504
    shell 73: pairs 24500000/45535504
    shell 72: pairs 26000000/45535504
    shell 73: pairs 24750000/45535504
    shell 72: pairs 26250000/45535504
    shell 73: pairs 25000000/45535504
    shell 72: pairs 26500000/45535504
    shell 73: pairs 25250000/45535504
    shell 72: pairs 26750000/45535504
    shell 73: pairs 25500000/45535504
    shell 72: pairs 27000000/45535504
    shell 73: pairs 25750000/45535504
    shell 72: pairs 27250000/45535504
    shell 73: pairs 26000000/45535504
    shell 72: pairs 27500000/45535504
    shell 73: pairs 26250000/45535504
    shell 72: pairs 27750000/45535504
    shell 73: pairs 26500000/45535504
    shell 72: pairs 28000000/45535504
    shell 73: pairs 26750000/45535504
    shell 72: pairs 28250000/45535504
    shell 73: pairs 27000000/45535504
    shell 72: pairs 28500000/45535504
    shell 73: pairs 27250000/45535504
    shell 72: pairs 28750000/45535504
    shell 73: pairs 27500000/45535504
    shell 72: pairs 29000000/45535504
    shell 72: pairs 29250000/45535504
    shell 73: pairs 27750000/45535504
    shell 72: pairs 29500000/45535504
    shell 73: pairs 28000000/45535504
    shell 72: pairs 29750000/45535504
    shell 73: pairs 28250000/45535504
    shell 72: pairs 30000000/45535504
    shell 73: pairs 28500000/45535504
    shell 72: pairs 30250000/45535504
    shell 73: pairs 28750000/45535504
    shell 72: pairs 30500000/45535504
    shell 73: pairs 29000000/45535504
    shell 72: pairs 30750000/45535504
    shell 72: pairs 31000000/45535504
    shell 73: pairs 29250000/45535504
    shell 72: pairs 31250000/45535504
    shell 73: pairs 29500000/45535504
    shell 72: pairs 31500000/45535504
    shell 73: pairs 29750000/45535504
    shell 72: pairs 31750000/45535504
    shell 73: pairs 30000000/45535504
    shell 72: pairs 32000000/45535504
    shell 73: pairs 30250000/45535504
    shell 72: pairs 32250000/45535504
    shell 73: pairs 30500000/45535504
    shell 72: pairs 32500000/45535504
    shell 73: pairs 30750000/45535504
    shell 72: pairs 32750000/45535504
    shell 73: pairs 31000000/45535504
    shell 72: pairs 33000000/45535504
    shell 73: pairs 31250000/45535504
    shell 72: pairs 33250000/45535504
    shell 73: pairs 31500000/45535504
    shell 72: pairs 33500000/45535504
    shell 72: pairs 33750000/45535504
    shell 73: pairs 31750000/45535504
    shell 72: pairs 34000000/45535504
    shell 73: pairs 32000000/45535504
    shell 72: pairs 34250000/45535504
    shell 73: pairs 32250000/45535504
    shell 72: pairs 34500000/45535504
    shell 73: pairs 32500000/45535504
    shell 72: pairs 34750000/45535504
    shell 73: pairs 32750000/45535504
    shell 72: pairs 35000000/45535504
    shell 73: pairs 33000000/45535504
    shell 72: pairs 35250000/45535504
    shell 72: pairs 35500000/45535504
    shell 73: pairs 33250000/45535504
    shell 72: pairs 35750000/45535504
    shell 73: pairs 33500000/45535504
    shell 72: pairs 36000000/45535504
    shell 73: pairs 33750000/45535504
    shell 72: pairs 36250000/45535504
    shell 73: pairs 34000000/45535504
    shell 72: pairs 36500000/45535504
    shell 73: pairs 34250000/45535504
    shell 72: pairs 36750000/45535504
    shell 73: pairs 34500000/45535504
    shell 72: pairs 37000000/45535504
    shell 73: pairs 34750000/45535504
    shell 72: pairs 37250000/45535504
    shell 73: pairs 35000000/45535504
    shell 72: pairs 37500000/45535504
    shell 72: pairs 37750000/45535504
    shell 73: pairs 35250000/45535504
    shell 72: pairs 38000000/45535504
    shell 73: pairs 35500000/45535504
    shell 72: pairs 38250000/45535504
    shell 73: pairs 35750000/45535504
    shell 72: pairs 38500000/45535504
    shell 73: pairs 36000000/45535504
    shell 72: pairs 38750000/45535504
    shell 73: pairs 36250000/45535504
    shell 72: pairs 39000000/45535504
    shell 73: pairs 36500000/45535504
    shell 72: pairs 39250000/45535504
    shell 72: pairs 39500000/45535504
    shell 73: pairs 36750000/45535504
    shell 72: pairs 39750000/45535504
    shell 73: pairs 37000000/45535504
    shell 72: pairs 40000000/45535504
    shell 73: pairs 37250000/45535504
    shell 72: pairs 40250000/45535504
    shell 73: pairs 37500000/45535504
    shell 72: pairs 40500000/45535504
    shell 73: pairs 37750000/45535504
    shell 72: pairs 40750000/45535504
    shell 73: pairs 38000000/45535504
    shell 72: pairs 41000000/45535504
    shell 73: pairs 38250000/45535504
    shell 72: pairs 41250000/45535504
    shell 73: pairs 38500000/45535504
    shell 72: pairs 41500000/45535504
    shell 72: pairs 41750000/45535504
    shell 73: pairs 38750000/45535504
    shell 72: pairs 42000000/45535504
    shell 73: pairs 39000000/45535504
    shell 72: pairs 42250000/45535504
    shell 73: pairs 39250000/45535504
    shell 72: pairs 42500000/45535504
    shell 73: pairs 39500000/45535504
    shell 72: pairs 42750000/45535504
    shell 73: pairs 39750000/45535504
    shell 72: pairs 43000000/45535504
    shell 73: pairs 40000000/45535504
    shell 72: pairs 43250000/45535504
    shell 72: pairs 43500000/45535504
    shell 73: pairs 40250000/45535504
    shell 72: pairs 43750000/45535504
    shell 73: pairs 40500000/45535504
    shell 72: pairs 44000000/45535504
    shell 72: pairs 44250000/45535504
    shell 73: pairs 40750000/45535504
    shell 72: pairs 44500000/45535504
    shell 73: pairs 41000000/45535504
    shell 72: pairs 44750000/45535504
    shell 73: pairs 41250000/45535504
    shell 72: pairs 45000000/45535504
    shell 73: pairs 41500000/45535504
    shell 72: pairs 45250000/45535504
    shell 72: pairs 45500000/45535504
  shell 72 one_inf C_term_hi=130.2958475925859672301237923344539907297 [60/87]
    shell 73: pairs 41750000/45535504
    shell 73: pairs 42000000/45535504
    shell 73: pairs 42250000/45535504
    shell 73: pairs 42500000/45535504
    shell 73: pairs 42750000/45535504
    shell 73: pairs 43000000/45535504
    shell 73: pairs 43250000/45535504
    shell 73: pairs 43500000/45535504
    shell 73: pairs 43750000/45535504
    shell 73: pairs 44000000/45535504
    shell 73: pairs 44250000/45535504
    shell 73: pairs 44500000/45535504
    shell 73: pairs 44750000/45535504
    shell 73: pairs 45000000/45535504
    shell 73: pairs 45250000/45535504
    shell 73: pairs 45500000/45535504
  shell 73 one_inf C_term_hi=129.5610703575368414752533151307497774498 [61/87]
    shell 75: pairs 250000/45535504
    shell 74: pairs 250000/45535504
    shell 75: pairs 500000/45535504
    shell 74: pairs 500000/45535504
    shell 75: pairs 750000/45535504
    shell 74: pairs 750000/45535504
    shell 75: pairs 1000000/45535504
    shell 74: pairs 1000000/45535504
    shell 75: pairs 1250000/45535504
    shell 74: pairs 1250000/45535504
    shell 75: pairs 1500000/45535504
    shell 74: pairs 1500000/45535504
    shell 75: pairs 1750000/45535504
    shell 74: pairs 1750000/45535504
    shell 75: pairs 2000000/45535504
    shell 74: pairs 2000000/45535504
    shell 75: pairs 2250000/45535504
    shell 74: pairs 2250000/45535504
    shell 75: pairs 2500000/45535504
    shell 74: pairs 2500000/45535504
    shell 75: pairs 2750000/45535504
    shell 74: pairs 2750000/45535504
    shell 75: pairs 3000000/45535504
    shell 74: pairs 3000000/45535504
    shell 75: pairs 3250000/45535504
    shell 74: pairs 3250000/45535504
    shell 75: pairs 3500000/45535504
    shell 74: pairs 3500000/45535504
    shell 75: pairs 3750000/45535504
    shell 74: pairs 3750000/45535504
    shell 75: pairs 4000000/45535504
    shell 74: pairs 4000000/45535504
    shell 75: pairs 4250000/45535504
    shell 74: pairs 4250000/45535504
    shell 75: pairs 4500000/45535504
    shell 74: pairs 4500000/45535504
    shell 75: pairs 4750000/45535504
    shell 74: pairs 4750000/45535504
    shell 75: pairs 5000000/45535504
    shell 74: pairs 5000000/45535504
    shell 75: pairs 5250000/45535504
    shell 74: pairs 5250000/45535504
    shell 75: pairs 5500000/45535504
    shell 74: pairs 5500000/45535504
    shell 75: pairs 5750000/45535504
    shell 74: pairs 5750000/45535504
    shell 75: pairs 6000000/45535504
    shell 74: pairs 6000000/45535504
    shell 75: pairs 6250000/45535504
    shell 74: pairs 6250000/45535504
    shell 75: pairs 6500000/45535504
    shell 74: pairs 6500000/45535504
    shell 75: pairs 6750000/45535504
    shell 74: pairs 6750000/45535504
    shell 75: pairs 7000000/45535504
    shell 74: pairs 7000000/45535504
    shell 75: pairs 7250000/45535504
    shell 74: pairs 7250000/45535504
    shell 75: pairs 7500000/45535504
    shell 74: pairs 7500000/45535504
    shell 75: pairs 7750000/45535504
    shell 74: pairs 7750000/45535504
    shell 75: pairs 8000000/45535504
    shell 74: pairs 8000000/45535504
    shell 75: pairs 8250000/45535504
    shell 74: pairs 8250000/45535504
    shell 75: pairs 8500000/45535504
    shell 74: pairs 8500000/45535504
    shell 75: pairs 8750000/45535504
    shell 75: pairs 9000000/45535504
    shell 74: pairs 8750000/45535504
    shell 74: pairs 9000000/45535504
    shell 75: pairs 9250000/45535504
    shell 75: pairs 9500000/45535504
    shell 74: pairs 9250000/45535504
    shell 74: pairs 9500000/45535504
    shell 75: pairs 9750000/45535504
    shell 75: pairs 10000000/45535504
    shell 74: pairs 9750000/45535504
    shell 75: pairs 10250000/45535504
    shell 74: pairs 10000000/45535504
    shell 75: pairs 10500000/45535504
    shell 74: pairs 10250000/45535504
    shell 75: pairs 10750000/45535504
    shell 74: pairs 10500000/45535504
    shell 75: pairs 11000000/45535504
    shell 74: pairs 10750000/45535504
    shell 75: pairs 11250000/45535504
    shell 74: pairs 11000000/45535504
    shell 75: pairs 11500000/45535504
    shell 74: pairs 11250000/45535504
    shell 75: pairs 11750000/45535504
    shell 74: pairs 11500000/45535504
    shell 75: pairs 12000000/45535504
    shell 74: pairs 11750000/45535504
    shell 75: pairs 12250000/45535504
    shell 74: pairs 12000000/45535504
    shell 75: pairs 12500000/45535504
    shell 74: pairs 12250000/45535504
    shell 75: pairs 12750000/45535504
    shell 74: pairs 12500000/45535504
    shell 75: pairs 13000000/45535504
    shell 74: pairs 12750000/45535504
    shell 75: pairs 13250000/45535504
    shell 74: pairs 13000000/45535504
    shell 75: pairs 13500000/45535504
    shell 74: pairs 13250000/45535504
    shell 75: pairs 13750000/45535504
    shell 74: pairs 13500000/45535504
    shell 75: pairs 14000000/45535504
    shell 74: pairs 13750000/45535504
    shell 75: pairs 14250000/45535504
    shell 74: pairs 14000000/45535504
    shell 75: pairs 14500000/45535504
    shell 74: pairs 14250000/45535504
    shell 75: pairs 14750000/45535504
    shell 75: pairs 15000000/45535504
    shell 74: pairs 14500000/45535504
    shell 75: pairs 15250000/45535504
    shell 74: pairs 14750000/45535504
    shell 75: pairs 15500000/45535504
    shell 74: pairs 15000000/45535504
    shell 75: pairs 15750000/45535504
    shell 74: pairs 15250000/45535504
    shell 75: pairs 16000000/45535504
    shell 74: pairs 15500000/45535504
    shell 75: pairs 16250000/45535504
    shell 74: pairs 15750000/45535504
    shell 75: pairs 16500000/45535504
    shell 74: pairs 16000000/45535504
    shell 75: pairs 16750000/45535504
    shell 74: pairs 16250000/45535504
    shell 75: pairs 17000000/45535504
    shell 74: pairs 16500000/45535504
    shell 75: pairs 17250000/45535504
    shell 74: pairs 16750000/45535504
    shell 75: pairs 17500000/45535504
    shell 74: pairs 17000000/45535504
    shell 75: pairs 17750000/45535504
    shell 74: pairs 17250000/45535504
    shell 75: pairs 18000000/45535504
    shell 74: pairs 17500000/45535504
    shell 75: pairs 18250000/45535504
    shell 74: pairs 17750000/45535504
    shell 75: pairs 18500000/45535504
    shell 74: pairs 18000000/45535504
    shell 75: pairs 18750000/45535504
    shell 74: pairs 18250000/45535504
    shell 75: pairs 19000000/45535504
    shell 74: pairs 18500000/45535504
    shell 75: pairs 19250000/45535504
    shell 74: pairs 18750000/45535504
    shell 75: pairs 19500000/45535504
    shell 74: pairs 19000000/45535504
    shell 75: pairs 19750000/45535504
    shell 75: pairs 20000000/45535504
    shell 74: pairs 19250000/45535504
    shell 75: pairs 20250000/45535504
    shell 74: pairs 19500000/45535504
    shell 75: pairs 20500000/45535504
    shell 74: pairs 19750000/45535504
    shell 75: pairs 20750000/45535504
    shell 74: pairs 20000000/45535504
    shell 75: pairs 21000000/45535504
    shell 74: pairs 20250000/45535504
    shell 75: pairs 21250000/45535504
    shell 74: pairs 20500000/45535504
    shell 75: pairs 21500000/45535504
    shell 74: pairs 20750000/45535504
    shell 74: pairs 21000000/45535504
    shell 75: pairs 21750000/45535504
    shell 75: pairs 22000000/45535504
    shell 74: pairs 21250000/45535504
    shell 74: pairs 21500000/45535504
    shell 75: pairs 22250000/45535504
    shell 75: pairs 22500000/45535504
    shell 74: pairs 21750000/45535504
    shell 75: pairs 22750000/45535504
    shell 74: pairs 22000000/45535504
    shell 75: pairs 23000000/45535504
    shell 74: pairs 22250000/45535504
    shell 75: pairs 23250000/45535504
    shell 74: pairs 22500000/45535504
    shell 75: pairs 23500000/45535504
    shell 74: pairs 22750000/45535504
    shell 75: pairs 23750000/45535504
    shell 74: pairs 23000000/45535504
    shell 75: pairs 24000000/45535504
    shell 74: pairs 23250000/45535504
    shell 75: pairs 24250000/45535504
    shell 74: pairs 23500000/45535504
    shell 75: pairs 24500000/45535504
    shell 75: pairs 24750000/45535504
    shell 74: pairs 23750000/45535504
    shell 75: pairs 25000000/45535504
    shell 74: pairs 24000000/45535504
    shell 75: pairs 25250000/45535504
    shell 75: pairs 25500000/45535504
    shell 74: pairs 24250000/45535504
    shell 75: pairs 25750000/45535504
    shell 74: pairs 24500000/45535504
    shell 75: pairs 26000000/45535504
    shell 74: pairs 24750000/45535504
    shell 75: pairs 26250000/45535504
    shell 74: pairs 25000000/45535504
    shell 75: pairs 26500000/45535504
    shell 74: pairs 25250000/45535504
    shell 75: pairs 26750000/45535504
    shell 74: pairs 25500000/45535504
    shell 75: pairs 27000000/45535504
    shell 74: pairs 25750000/45535504
    shell 74: pairs 26000000/45535504
    shell 75: pairs 27250000/45535504
    shell 74: pairs 26250000/45535504
    shell 75: pairs 27500000/45535504
    shell 74: pairs 26500000/45535504
    shell 75: pairs 27750000/45535504
    shell 74: pairs 26750000/45535504
    shell 75: pairs 28000000/45535504
    shell 74: pairs 27000000/45535504
    shell 75: pairs 28250000/45535504
    shell 74: pairs 27250000/45535504
    shell 75: pairs 28500000/45535504
    shell 74: pairs 27500000/45535504
    shell 75: pairs 28750000/45535504
    shell 75: pairs 29000000/45535504
    shell 74: pairs 27750000/45535504
    shell 74: pairs 28000000/45535504
    shell 75: pairs 29250000/45535504
    shell 75: pairs 29500000/45535504
    shell 74: pairs 28250000/45535504
    shell 74: pairs 28500000/45535504
    shell 75: pairs 29750000/45535504
    shell 75: pairs 30000000/45535504
    shell 74: pairs 28750000/45535504
    shell 75: pairs 30250000/45535504
    shell 74: pairs 29000000/45535504
    shell 75: pairs 30500000/45535504
    shell 74: pairs 29250000/45535504
    shell 75: pairs 30750000/45535504
    shell 75: pairs 31000000/45535504
    shell 74: pairs 29500000/45535504
    shell 75: pairs 31250000/45535504
    shell 74: pairs 29750000/45535504
    shell 75: pairs 31500000/45535504
    shell 74: pairs 30000000/45535504
    shell 74: pairs 30250000/45535504
    shell 75: pairs 31750000/45535504
    shell 74: pairs 30500000/45535504
    shell 75: pairs 32000000/45535504
    shell 75: pairs 32250000/45535504
    shell 74: pairs 30750000/45535504
    shell 74: pairs 31000000/45535504
    shell 75: pairs 32500000/45535504
    shell 75: pairs 32750000/45535504
    shell 74: pairs 31250000/45535504
    shell 75: pairs 33000000/45535504
    shell 74: pairs 31500000/45535504
    shell 75: pairs 33250000/45535504
    shell 74: pairs 31750000/45535504
    shell 75: pairs 33500000/45535504
    shell 74: pairs 32000000/45535504
    shell 75: pairs 33750000/45535504
    shell 75: pairs 34000000/45535504
    shell 74: pairs 32250000/45535504
    shell 74: pairs 32500000/45535504
    shell 75: pairs 34250000/45535504
    shell 75: pairs 34500000/45535504
    shell 74: pairs 32750000/45535504
    shell 75: pairs 34750000/45535504
    shell 74: pairs 33000000/45535504
    shell 75: pairs 35000000/45535504
    shell 74: pairs 33250000/45535504
    shell 75: pairs 35250000/45535504
    shell 75: pairs 35500000/45535504
    shell 74: pairs 33500000/45535504
    shell 74: pairs 33750000/45535504
    shell 75: pairs 35750000/45535504
    shell 74: pairs 34000000/45535504
    shell 75: pairs 36000000/45535504
    shell 75: pairs 36250000/45535504
    shell 74: pairs 34250000/45535504
    shell 75: pairs 36500000/45535504
    shell 74: pairs 34500000/45535504
    shell 74: pairs 34750000/45535504
    shell 75: pairs 36750000/45535504
    shell 74: pairs 35000000/45535504
    shell 75: pairs 37000000/45535504
    shell 75: pairs 37250000/45535504
    shell 74: pairs 35250000/45535504
    shell 75: pairs 37500000/45535504
    shell 74: pairs 35500000/45535504
    shell 75: pairs 37750000/45535504
    shell 75: pairs 38000000/45535504
    shell 74: pairs 35750000/45535504
    shell 75: pairs 38250000/45535504
    shell 74: pairs 36000000/45535504
    shell 75: pairs 38500000/45535504
    shell 74: pairs 36250000/45535504
    shell 75: pairs 38750000/45535504
    shell 74: pairs 36500000/45535504
    shell 75: pairs 39000000/45535504
    shell 75: pairs 39250000/45535504
    shell 74: pairs 36750000/45535504
    shell 75: pairs 39500000/45535504
    shell 74: pairs 37000000/45535504
    shell 75: pairs 39750000/45535504
    shell 74: pairs 37250000/45535504
    shell 75: pairs 40000000/45535504
    shell 74: pairs 37500000/45535504
    shell 74: pairs 37750000/45535504
    shell 75: pairs 40250000/45535504
    shell 75: pairs 40500000/45535504
    shell 74: pairs 38000000/45535504
    shell 74: pairs 38250000/45535504
    shell 75: pairs 40750000/45535504
    shell 74: pairs 38500000/45535504
    shell 75: pairs 41000000/45535504
    shell 75: pairs 41250000/45535504
    shell 74: pairs 38750000/45535504
    shell 75: pairs 41500000/45535504
    shell 74: pairs 39000000/45535504
    shell 74: pairs 39250000/45535504
    shell 75: pairs 41750000/45535504
    shell 74: pairs 39500000/45535504
    shell 75: pairs 42000000/45535504
    shell 75: pairs 42250000/45535504
    shell 74: pairs 39750000/45535504
    shell 75: pairs 42500000/45535504
    shell 74: pairs 40000000/45535504
    shell 75: pairs 42750000/45535504
    shell 75: pairs 43000000/45535504
    shell 74: pairs 40250000/45535504
    shell 74: pairs 40500000/45535504
    shell 75: pairs 43250000/45535504
    shell 75: pairs 43500000/45535504
    shell 75: pairs 43750000/45535504
    shell 74: pairs 40750000/45535504
    shell 75: pairs 44000000/45535504
    shell 74: pairs 41000000/45535504
    shell 75: pairs 44250000/45535504
    shell 74: pairs 41250000/45535504
    shell 75: pairs 44500000/45535504
    shell 74: pairs 41500000/45535504
    shell 75: pairs 44750000/45535504
    shell 75: pairs 45000000/45535504
    shell 74: pairs 41750000/45535504
    shell 75: pairs 45250000/45535504
    shell 74: pairs 42000000/45535504
    shell 75: pairs 45500000/45535504
    shell 74: pairs 42250000/45535504
  shell 75 one_inf C_term_hi=138.7105738977576986320113664547017485072 [62/87]
    shell 74: pairs 42500000/45535504
    shell 74: pairs 42750000/45535504
    shell 74: pairs 43000000/45535504
    shell 74: pairs 43250000/45535504
    shell 74: pairs 43500000/45535504
    shell 74: pairs 43750000/45535504
    shell 74: pairs 44000000/45535504
    shell 74: pairs 44250000/45535504
    shell 74: pairs 44500000/45535504
    shell 74: pairs 44750000/45535504
    shell 74: pairs 45000000/45535504
    shell 74: pairs 45250000/45535504
    shell 74: pairs 45500000/45535504
  shell 74 one_inf C_term_hi=148.8321554069653987099994550533459958318 [63/87]
    shell 76: pairs 250000/45535504
    shell 77: pairs 250000/45535504
    shell 76: pairs 500000/45535504
    shell 77: pairs 500000/45535504
    shell 76: pairs 750000/45535504
    shell 77: pairs 750000/45535504
    shell 76: pairs 1000000/45535504
    shell 77: pairs 1000000/45535504
    shell 76: pairs 1250000/45535504
    shell 77: pairs 1250000/45535504
    shell 76: pairs 1500000/45535504
    shell 77: pairs 1500000/45535504
    shell 76: pairs 1750000/45535504
    shell 77: pairs 1750000/45535504
    shell 76: pairs 2000000/45535504
    shell 77: pairs 2000000/45535504
    shell 76: pairs 2250000/45535504
    shell 77: pairs 2250000/45535504
    shell 76: pairs 2500000/45535504
    shell 77: pairs 2500000/45535504
    shell 76: pairs 2750000/45535504
    shell 77: pairs 2750000/45535504
    shell 76: pairs 3000000/45535504
    shell 77: pairs 3000000/45535504
    shell 76: pairs 3250000/45535504
    shell 77: pairs 3250000/45535504
    shell 76: pairs 3500000/45535504
    shell 77: pairs 3500000/45535504
    shell 76: pairs 3750000/45535504
    shell 76: pairs 4000000/45535504
    shell 77: pairs 3750000/45535504
    shell 77: pairs 4000000/45535504
    shell 76: pairs 4250000/45535504
    shell 76: pairs 4500000/45535504
    shell 77: pairs 4250000/45535504
    shell 76: pairs 4750000/45535504
    shell 77: pairs 4500000/45535504
    shell 76: pairs 5000000/45535504
    shell 77: pairs 4750000/45535504
    shell 76: pairs 5250000/45535504
    shell 77: pairs 5000000/45535504
    shell 76: pairs 5500000/45535504
    shell 77: pairs 5250000/45535504
    shell 76: pairs 5750000/45535504
    shell 77: pairs 5500000/45535504
    shell 76: pairs 6000000/45535504
    shell 77: pairs 5750000/45535504
    shell 76: pairs 6250000/45535504
    shell 77: pairs 6000000/45535504
    shell 76: pairs 6500000/45535504
    shell 77: pairs 6250000/45535504
    shell 76: pairs 6750000/45535504
    shell 77: pairs 6500000/45535504
    shell 76: pairs 7000000/45535504
    shell 77: pairs 6750000/45535504
    shell 76: pairs 7250000/45535504
    shell 77: pairs 7000000/45535504
    shell 76: pairs 7500000/45535504
    shell 77: pairs 7250000/45535504
    shell 76: pairs 7750000/45535504
    shell 77: pairs 7500000/45535504
    shell 76: pairs 8000000/45535504
    shell 77: pairs 7750000/45535504
    shell 76: pairs 8250000/45535504
    shell 76: pairs 8500000/45535504
    shell 77: pairs 8000000/45535504
    shell 76: pairs 8750000/45535504
    shell 77: pairs 8250000/45535504
    shell 76: pairs 9000000/45535504
    shell 77: pairs 8500000/45535504
    shell 76: pairs 9250000/45535504
    shell 77: pairs 8750000/45535504
    shell 76: pairs 9500000/45535504
    shell 77: pairs 9000000/45535504
    shell 76: pairs 9750000/45535504
    shell 77: pairs 9250000/45535504
    shell 76: pairs 10000000/45535504
    shell 77: pairs 9500000/45535504
    shell 76: pairs 10250000/45535504
    shell 77: pairs 9750000/45535504
    shell 76: pairs 10500000/45535504
    shell 77: pairs 10000000/45535504
    shell 76: pairs 10750000/45535504
    shell 76: pairs 11000000/45535504
    shell 77: pairs 10250000/45535504
    shell 76: pairs 11250000/45535504
    shell 77: pairs 10500000/45535504
    shell 76: pairs 11500000/45535504
    shell 77: pairs 10750000/45535504
    shell 76: pairs 11750000/45535504
    shell 77: pairs 11000000/45535504
    shell 76: pairs 12000000/45535504
    shell 77: pairs 11250000/45535504
    shell 76: pairs 12250000/45535504
    shell 77: pairs 11500000/45535504
    shell 76: pairs 12500000/45535504
    shell 77: pairs 11750000/45535504
    shell 76: pairs 12750000/45535504
    shell 77: pairs 12000000/45535504
    shell 76: pairs 13000000/45535504
    shell 77: pairs 12250000/45535504
    shell 76: pairs 13250000/45535504
    shell 77: pairs 12500000/45535504
    shell 76: pairs 13500000/45535504
    shell 76: pairs 13750000/45535504
    shell 77: pairs 12750000/45535504
    shell 76: pairs 14000000/45535504
    shell 77: pairs 13000000/45535504
    shell 76: pairs 14250000/45535504
    shell 77: pairs 13250000/45535504
    shell 76: pairs 14500000/45535504
    shell 77: pairs 13500000/45535504
    shell 76: pairs 14750000/45535504
    shell 77: pairs 13750000/45535504
    shell 76: pairs 15000000/45535504
    shell 77: pairs 14000000/45535504
    shell 76: pairs 15250000/45535504
    shell 76: pairs 15500000/45535504
    shell 77: pairs 14250000/45535504
    shell 76: pairs 15750000/45535504
    shell 77: pairs 14500000/45535504
    shell 76: pairs 16000000/45535504
    shell 77: pairs 14750000/45535504
    shell 76: pairs 16250000/45535504
    shell 77: pairs 15000000/45535504
    shell 76: pairs 16500000/45535504
    shell 77: pairs 15250000/45535504
    shell 76: pairs 16750000/45535504
    shell 77: pairs 15500000/45535504
    shell 76: pairs 17000000/45535504
    shell 77: pairs 15750000/45535504
    shell 76: pairs 17250000/45535504
    shell 77: pairs 16000000/45535504
    shell 76: pairs 17500000/45535504
    shell 77: pairs 16250000/45535504
    shell 76: pairs 17750000/45535504
    shell 77: pairs 16500000/45535504
    shell 76: pairs 18000000/45535504
    shell 77: pairs 16750000/45535504
    shell 76: pairs 18250000/45535504
    shell 77: pairs 17000000/45535504
    shell 76: pairs 18500000/45535504
    shell 76: pairs 18750000/45535504
    shell 77: pairs 17250000/45535504
    shell 76: pairs 19000000/45535504
    shell 77: pairs 17500000/45535504
    shell 76: pairs 19250000/45535504
    shell 77: pairs 17750000/45535504
    shell 76: pairs 19500000/45535504
    shell 77: pairs 18000000/45535504
    shell 76: pairs 19750000/45535504
    shell 77: pairs 18250000/45535504
    shell 76: pairs 20000000/45535504
    shell 77: pairs 18500000/45535504
    shell 76: pairs 20250000/45535504
    shell 76: pairs 20500000/45535504
    shell 77: pairs 18750000/45535504
    shell 76: pairs 20750000/45535504
    shell 77: pairs 19000000/45535504
    shell 76: pairs 21000000/45535504
    shell 77: pairs 19250000/45535504
    shell 76: pairs 21250000/45535504
    shell 77: pairs 19500000/45535504
    shell 76: pairs 21500000/45535504
    shell 77: pairs 19750000/45535504
    shell 77: pairs 20000000/45535504
    shell 76: pairs 21750000/45535504
    shell 76: pairs 22000000/45535504
    shell 77: pairs 20250000/45535504
    shell 76: pairs 22250000/45535504
    shell 77: pairs 20500000/45535504
    shell 76: pairs 22500000/45535504
    shell 77: pairs 20750000/45535504
    shell 76: pairs 22750000/45535504
    shell 77: pairs 21000000/45535504
    shell 76: pairs 23000000/45535504
    shell 77: pairs 21250000/45535504
    shell 76: pairs 23250000/45535504
    shell 77: pairs 21500000/45535504
    shell 76: pairs 23500000/45535504
    shell 76: pairs 23750000/45535504
    shell 77: pairs 21750000/45535504
    shell 76: pairs 24000000/45535504
    shell 77: pairs 22000000/45535504
    shell 76: pairs 24250000/45535504
    shell 77: pairs 22250000/45535504
    shell 76: pairs 24500000/45535504
    shell 77: pairs 22500000/45535504
    shell 76: pairs 24750000/45535504
    shell 76: pairs 25000000/45535504
    shell 77: pairs 22750000/45535504
    shell 76: pairs 25250000/45535504
    shell 77: pairs 23000000/45535504
    shell 76: pairs 25500000/45535504
    shell 77: pairs 23250000/45535504
    shell 76: pairs 25750000/45535504
    shell 77: pairs 23500000/45535504
    shell 76: pairs 26000000/45535504
    shell 76: pairs 26250000/45535504
    shell 77: pairs 23750000/45535504
    shell 76: pairs 26500000/45535504
    shell 77: pairs 24000000/45535504
    shell 76: pairs 26750000/45535504
    shell 77: pairs 24250000/45535504
    shell 76: pairs 27000000/45535504
    shell 77: pairs 24500000/45535504
    shell 76: pairs 27250000/45535504
    shell 77: pairs 24750000/45535504
    shell 76: pairs 27500000/45535504
    shell 77: pairs 25000000/45535504
    shell 76: pairs 27750000/45535504
    shell 77: pairs 25250000/45535504
    shell 76: pairs 28000000/45535504
    shell 77: pairs 25500000/45535504
    shell 76: pairs 28250000/45535504
    shell 77: pairs 25750000/45535504
    shell 76: pairs 28500000/45535504
    shell 77: pairs 26000000/45535504
    shell 76: pairs 28750000/45535504
    shell 77: pairs 26250000/45535504
    shell 76: pairs 29000000/45535504
    shell 77: pairs 26500000/45535504
    shell 76: pairs 29250000/45535504
    shell 77: pairs 26750000/45535504
    shell 76: pairs 29500000/45535504
    shell 77: pairs 27000000/45535504
    shell 76: pairs 29750000/45535504
    shell 76: pairs 30000000/45535504
    shell 77: pairs 27250000/45535504
    shell 76: pairs 30250000/45535504
    shell 77: pairs 27500000/45535504
    shell 76: pairs 30500000/45535504
    shell 77: pairs 27750000/45535504
    shell 76: pairs 30750000/45535504
    shell 77: pairs 28000000/45535504
    shell 76: pairs 31000000/45535504
    shell 76: pairs 31250000/45535504
    shell 77: pairs 28250000/45535504
    shell 76: pairs 31500000/45535504
    shell 77: pairs 28500000/45535504
    shell 76: pairs 31750000/45535504
    shell 77: pairs 28750000/45535504
    shell 76: pairs 32000000/45535504
    shell 77: pairs 29000000/45535504
    shell 76: pairs 32250000/45535504
    shell 76: pairs 32500000/45535504
    shell 77: pairs 29250000/45535504
    shell 76: pairs 32750000/45535504
    shell 77: pairs 29500000/45535504
    shell 76: pairs 33000000/45535504
    shell 77: pairs 29750000/45535504
    shell 76: pairs 33250000/45535504
    shell 77: pairs 30000000/45535504
    shell 76: pairs 33500000/45535504
    shell 77: pairs 30250000/45535504
    shell 76: pairs 33750000/45535504
    shell 77: pairs 30500000/45535504
    shell 76: pairs 34000000/45535504
    shell 77: pairs 30750000/45535504
    shell 76: pairs 34250000/45535504
    shell 77: pairs 31000000/45535504
    shell 76: pairs 34500000/45535504
    shell 76: pairs 34750000/45535504
    shell 77: pairs 31250000/45535504
    shell 76: pairs 35000000/45535504
    shell 77: pairs 31500000/45535504
    shell 76: pairs 35250000/45535504
    shell 76: pairs 35500000/45535504
    shell 77: pairs 31750000/45535504
    shell 77: pairs 32000000/45535504
    shell 76: pairs 35750000/45535504
    shell 76: pairs 36000000/45535504
    shell 77: pairs 32250000/45535504
    shell 76: pairs 36250000/45535504
    shell 77: pairs 32500000/45535504
    shell 76: pairs 36500000/45535504
    shell 76: pairs 36750000/45535504
    shell 77: pairs 32750000/45535504
    shell 76: pairs 37000000/45535504
    shell 77: pairs 33000000/45535504
    shell 76: pairs 37250000/45535504
    shell 76: pairs 37500000/45535504
    shell 77: pairs 33250000/45535504
    shell 76: pairs 37750000/45535504
    shell 77: pairs 33500000/45535504
    shell 76: pairs 38000000/45535504
    shell 77: pairs 33750000/45535504
    shell 76: pairs 38250000/45535504
    shell 77: pairs 34000000/45535504
    shell 76: pairs 38500000/45535504
    shell 76: pairs 38750000/45535504
    shell 77: pairs 34250000/45535504
    shell 76: pairs 39000000/45535504
    shell 77: pairs 34500000/45535504
    shell 76: pairs 39250000/45535504
    shell 77: pairs 34750000/45535504
    shell 76: pairs 39500000/45535504
    shell 77: pairs 35000000/45535504
    shell 76: pairs 39750000/45535504
    shell 76: pairs 40000000/45535504
    shell 77: pairs 35250000/45535504
    shell 76: pairs 40250000/45535504
    shell 77: pairs 35500000/45535504
    shell 76: pairs 40500000/45535504
    shell 77: pairs 35750000/45535504
    shell 76: pairs 40750000/45535504
    shell 76: pairs 41000000/45535504
    shell 77: pairs 36000000/45535504
    shell 76: pairs 41250000/45535504
    shell 77: pairs 36250000/45535504
    shell 76: pairs 41500000/45535504
    shell 77: pairs 36500000/45535504
    shell 76: pairs 41750000/45535504
    shell 77: pairs 36750000/45535504
    shell 76: pairs 42000000/45535504
    shell 76: pairs 42250000/45535504
    shell 77: pairs 37000000/45535504
    shell 76: pairs 42500000/45535504
    shell 77: pairs 37250000/45535504
    shell 76: pairs 42750000/45535504
    shell 77: pairs 37500000/45535504
    shell 76: pairs 43000000/45535504
    shell 77: pairs 37750000/45535504
    shell 76: pairs 43250000/45535504
    shell 77: pairs 38000000/45535504
    shell 76: pairs 43500000/45535504
    shell 76: pairs 43750000/45535504
    shell 77: pairs 38250000/45535504
    shell 76: pairs 44000000/45535504
    shell 77: pairs 38500000/45535504
    shell 76: pairs 44250000/45535504
    shell 76: pairs 44500000/45535504
    shell 77: pairs 38750000/45535504
    shell 76: pairs 44750000/45535504
    shell 76: pairs 45000000/45535504
    shell 77: pairs 39000000/45535504
    shell 76: pairs 45250000/45535504
    shell 77: pairs 39250000/45535504
    shell 76: pairs 45500000/45535504
  shell 76 one_inf C_term_hi=125.0294381566790894315689257645408366213 [64/87]
    shell 77: pairs 39500000/45535504
    shell 77: pairs 39750000/45535504
    shell 77: pairs 40000000/45535504
    shell 77: pairs 40250000/45535504
    shell 77: pairs 40500000/45535504
    shell 77: pairs 40750000/45535504
    shell 77: pairs 41000000/45535504
    shell 77: pairs 41250000/45535504
    shell 77: pairs 41500000/45535504
    shell 77: pairs 41750000/45535504
    shell 77: pairs 42000000/45535504
    shell 77: pairs 42250000/45535504
    shell 77: pairs 42500000/45535504
    shell 77: pairs 42750000/45535504
    shell 77: pairs 43000000/45535504
    shell 77: pairs 43250000/45535504
    shell 77: pairs 43500000/45535504
    shell 77: pairs 43750000/45535504
    shell 77: pairs 44000000/45535504
    shell 77: pairs 44250000/45535504
    shell 77: pairs 44500000/45535504
    shell 77: pairs 44750000/45535504
    shell 77: pairs 45000000/45535504
    shell 77: pairs 45250000/45535504
    shell 77: pairs 45500000/45535504
  shell 77 one_inf C_term_hi=137.5589659954963523226230132311755306568 [65/87]
    shell 78: pairs 250000/45535504
    shell 81: pairs 250000/45535504
    shell 78: pairs 500000/45535504
    shell 81: pairs 500000/45535504
    shell 81: pairs 750000/45535504
    shell 78: pairs 750000/45535504
    shell 78: pairs 1000000/45535504
    shell 81: pairs 1000000/45535504
    shell 81: pairs 1250000/45535504
    shell 78: pairs 1250000/45535504
    shell 81: pairs 1500000/45535504
    shell 78: pairs 1500000/45535504
    shell 81: pairs 1750000/45535504
    shell 78: pairs 1750000/45535504
    shell 78: pairs 2000000/45535504
    shell 81: pairs 2000000/45535504
    shell 78: pairs 2250000/45535504
    shell 81: pairs 2250000/45535504
    shell 78: pairs 2500000/45535504
    shell 81: pairs 2500000/45535504
    shell 78: pairs 2750000/45535504
    shell 81: pairs 2750000/45535504
    shell 78: pairs 3000000/45535504
    shell 81: pairs 3000000/45535504
    shell 78: pairs 3250000/45535504
    shell 81: pairs 3250000/45535504
    shell 78: pairs 3500000/45535504
    shell 81: pairs 3500000/45535504
    shell 78: pairs 3750000/45535504
    shell 81: pairs 3750000/45535504
    shell 78: pairs 4000000/45535504
    shell 81: pairs 4000000/45535504
    shell 78: pairs 4250000/45535504
    shell 81: pairs 4250000/45535504
    shell 78: pairs 4500000/45535504
    shell 81: pairs 4500000/45535504
    shell 78: pairs 4750000/45535504
    shell 81: pairs 4750000/45535504
    shell 78: pairs 5000000/45535504
    shell 81: pairs 5000000/45535504
    shell 78: pairs 5250000/45535504
    shell 81: pairs 5250000/45535504
    shell 78: pairs 5500000/45535504
    shell 81: pairs 5500000/45535504
    shell 78: pairs 5750000/45535504
    shell 81: pairs 5750000/45535504
    shell 78: pairs 6000000/45535504
    shell 81: pairs 6000000/45535504
    shell 78: pairs 6250000/45535504
    shell 81: pairs 6250000/45535504
    shell 78: pairs 6500000/45535504
    shell 81: pairs 6500000/45535504
    shell 81: pairs 6750000/45535504
    shell 78: pairs 6750000/45535504
    shell 81: pairs 7000000/45535504
    shell 78: pairs 7000000/45535504
    shell 81: pairs 7250000/45535504
    shell 78: pairs 7250000/45535504
    shell 81: pairs 7500000/45535504
    shell 78: pairs 7500000/45535504
    shell 81: pairs 7750000/45535504
    shell 78: pairs 7750000/45535504
    shell 81: pairs 8000000/45535504
    shell 78: pairs 8000000/45535504
    shell 81: pairs 8250000/45535504
    shell 78: pairs 8250000/45535504
    shell 81: pairs 8500000/45535504
    shell 78: pairs 8500000/45535504
    shell 81: pairs 8750000/45535504
    shell 78: pairs 8750000/45535504
    shell 81: pairs 9000000/45535504
    shell 78: pairs 9000000/45535504
    shell 81: pairs 9250000/45535504
    shell 78: pairs 9250000/45535504
    shell 81: pairs 9500000/45535504
    shell 78: pairs 9500000/45535504
    shell 81: pairs 9750000/45535504
    shell 78: pairs 9750000/45535504
    shell 81: pairs 10000000/45535504
    shell 78: pairs 10000000/45535504
    shell 81: pairs 10250000/45535504
    shell 78: pairs 10250000/45535504
    shell 81: pairs 10500000/45535504
    shell 78: pairs 10500000/45535504
    shell 81: pairs 10750000/45535504
    shell 78: pairs 10750000/45535504
    shell 81: pairs 11000000/45535504
    shell 78: pairs 11000000/45535504
    shell 81: pairs 11250000/45535504
    shell 78: pairs 11250000/45535504
    shell 81: pairs 11500000/45535504
    shell 78: pairs 11500000/45535504
    shell 81: pairs 11750000/45535504
    shell 78: pairs 11750000/45535504
    shell 81: pairs 12000000/45535504
    shell 78: pairs 12000000/45535504
    shell 81: pairs 12250000/45535504
    shell 78: pairs 12250000/45535504
    shell 81: pairs 12500000/45535504
    shell 78: pairs 12500000/45535504
    shell 81: pairs 12750000/45535504
    shell 78: pairs 12750000/45535504
    shell 81: pairs 13000000/45535504
    shell 78: pairs 13000000/45535504
    shell 81: pairs 13250000/45535504
    shell 78: pairs 13250000/45535504
    shell 81: pairs 13500000/45535504
    shell 78: pairs 13500000/45535504
    shell 81: pairs 13750000/45535504
    shell 78: pairs 13750000/45535504
    shell 81: pairs 14000000/45535504
    shell 78: pairs 14000000/45535504
    shell 81: pairs 14250000/45535504
    shell 78: pairs 14250000/45535504
    shell 81: pairs 14500000/45535504
    shell 78: pairs 14500000/45535504
    shell 81: pairs 14750000/45535504
    shell 78: pairs 14750000/45535504
    shell 81: pairs 15000000/45535504
    shell 78: pairs 15000000/45535504
    shell 81: pairs 15250000/45535504
    shell 78: pairs 15250000/45535504
    shell 81: pairs 15500000/45535504
    shell 78: pairs 15500000/45535504
    shell 81: pairs 15750000/45535504
    shell 78: pairs 15750000/45535504
    shell 81: pairs 16000000/45535504
    shell 78: pairs 16000000/45535504
    shell 81: pairs 16250000/45535504
    shell 78: pairs 16250000/45535504
    shell 81: pairs 16500000/45535504
    shell 78: pairs 16500000/45535504
    shell 81: pairs 16750000/45535504
    shell 78: pairs 16750000/45535504
    shell 81: pairs 17000000/45535504
    shell 78: pairs 17000000/45535504
    shell 81: pairs 17250000/45535504
    shell 78: pairs 17250000/45535504
    shell 81: pairs 17500000/45535504
    shell 78: pairs 17500000/45535504
    shell 81: pairs 17750000/45535504
    shell 78: pairs 17750000/45535504
    shell 81: pairs 18000000/45535504
    shell 78: pairs 18000000/45535504
    shell 81: pairs 18250000/45535504
    shell 78: pairs 18250000/45535504
    shell 81: pairs 18500000/45535504
    shell 78: pairs 18500000/45535504
    shell 81: pairs 18750000/45535504
    shell 78: pairs 18750000/45535504
    shell 81: pairs 19000000/45535504
    shell 78: pairs 19000000/45535504
    shell 81: pairs 19250000/45535504
    shell 78: pairs 19250000/45535504
    shell 81: pairs 19500000/45535504
    shell 78: pairs 19500000/45535504
    shell 81: pairs 19750000/45535504
    shell 78: pairs 19750000/45535504
    shell 81: pairs 20000000/45535504
    shell 78: pairs 20000000/45535504
    shell 81: pairs 20250000/45535504
    shell 78: pairs 20250000/45535504
    shell 81: pairs 20500000/45535504
    shell 78: pairs 20500000/45535504
    shell 81: pairs 20750000/45535504
    shell 78: pairs 20750000/45535504
    shell 81: pairs 21000000/45535504
    shell 78: pairs 21000000/45535504
    shell 81: pairs 21250000/45535504
    shell 78: pairs 21250000/45535504
    shell 81: pairs 21500000/45535504
    shell 78: pairs 21500000/45535504
    shell 81: pairs 21750000/45535504
    shell 78: pairs 21750000/45535504
    shell 81: pairs 22000000/45535504
    shell 78: pairs 22000000/45535504
    shell 81: pairs 22250000/45535504
    shell 78: pairs 22250000/45535504
    shell 81: pairs 22500000/45535504
    shell 78: pairs 22500000/45535504
    shell 81: pairs 22750000/45535504
    shell 81: pairs 23000000/45535504
    shell 78: pairs 22750000/45535504
    shell 78: pairs 23000000/45535504
    shell 81: pairs 23250000/45535504
    shell 78: pairs 23250000/45535504
    shell 81: pairs 23500000/45535504
    shell 78: pairs 23500000/45535504
    shell 81: pairs 23750000/45535504
    shell 81: pairs 24000000/45535504
    shell 78: pairs 23750000/45535504
    shell 78: pairs 24000000/45535504
    shell 81: pairs 24250000/45535504
    shell 81: pairs 24500000/45535504
    shell 78: pairs 24250000/45535504
    shell 81: pairs 24750000/45535504
    shell 78: pairs 24500000/45535504
    shell 81: pairs 25000000/45535504
    shell 78: pairs 24750000/45535504
    shell 81: pairs 25250000/45535504
    shell 78: pairs 25000000/45535504
    shell 81: pairs 25500000/45535504
    shell 78: pairs 25250000/45535504
    shell 81: pairs 25750000/45535504
    shell 78: pairs 25500000/45535504
    shell 81: pairs 26000000/45535504
    shell 78: pairs 25750000/45535504
    shell 81: pairs 26250000/45535504
    shell 78: pairs 26000000/45535504
    shell 81: pairs 26500000/45535504
    shell 78: pairs 26250000/45535504
    shell 78: pairs 26500000/45535504
    shell 81: pairs 26750000/45535504
    shell 81: pairs 27000000/45535504
    shell 78: pairs 26750000/45535504
    shell 78: pairs 27000000/45535504
    shell 81: pairs 27250000/45535504
    shell 81: pairs 27500000/45535504
    shell 78: pairs 27250000/45535504
    shell 78: pairs 27500000/45535504
    shell 81: pairs 27750000/45535504
    shell 81: pairs 28000000/45535504
    shell 78: pairs 27750000/45535504
    shell 81: pairs 28250000/45535504
    shell 78: pairs 28000000/45535504
    shell 81: pairs 28500000/45535504
    shell 78: pairs 28250000/45535504
    shell 81: pairs 28750000/45535504
    shell 78: pairs 28500000/45535504
    shell 81: pairs 29000000/45535504
    shell 78: pairs 28750000/45535504
    shell 81: pairs 29250000/45535504
    shell 78: pairs 29000000/45535504
    shell 81: pairs 29500000/45535504
    shell 78: pairs 29250000/45535504
    shell 81: pairs 29750000/45535504
    shell 78: pairs 29500000/45535504
    shell 81: pairs 30000000/45535504
    shell 78: pairs 29750000/45535504
    shell 81: pairs 30250000/45535504
    shell 78: pairs 30000000/45535504
    shell 81: pairs 30500000/45535504
    shell 78: pairs 30250000/45535504
    shell 81: pairs 30750000/45535504
    shell 78: pairs 30500000/45535504
    shell 81: pairs 31000000/45535504
    shell 78: pairs 30750000/45535504
    shell 81: pairs 31250000/45535504
    shell 78: pairs 31000000/45535504
    shell 81: pairs 31500000/45535504
    shell 78: pairs 31250000/45535504
    shell 81: pairs 31750000/45535504
    shell 78: pairs 31500000/45535504
    shell 81: pairs 32000000/45535504
    shell 78: pairs 31750000/45535504
    shell 81: pairs 32250000/45535504
    shell 78: pairs 32000000/45535504
    shell 81: pairs 32500000/45535504
    shell 78: pairs 32250000/45535504
    shell 81: pairs 32750000/45535504
    shell 78: pairs 32500000/45535504
    shell 81: pairs 33000000/45535504
    shell 78: pairs 32750000/45535504
    shell 81: pairs 33250000/45535504
    shell 78: pairs 33000000/45535504
    shell 81: pairs 33500000/45535504
    shell 81: pairs 33750000/45535504
    shell 78: pairs 33250000/45535504
    shell 81: pairs 34000000/45535504
    shell 78: pairs 33500000/45535504
    shell 78: pairs 33750000/45535504
    shell 81: pairs 34250000/45535504
    shell 78: pairs 34000000/45535504
    shell 81: pairs 34500000/45535504
    shell 81: pairs 34750000/45535504
    shell 78: pairs 34250000/45535504
    shell 81: pairs 35000000/45535504
    shell 78: pairs 34500000/45535504
    shell 81: pairs 35250000/45535504
    shell 78: pairs 34750000/45535504
    shell 81: pairs 35500000/45535504
    shell 78: pairs 35000000/45535504
    shell 81: pairs 35750000/45535504
    shell 78: pairs 35250000/45535504
    shell 81: pairs 36000000/45535504
    shell 78: pairs 35500000/45535504
    shell 81: pairs 36250000/45535504
    shell 78: pairs 35750000/45535504
    shell 81: pairs 36500000/45535504
    shell 78: pairs 36000000/45535504
    shell 81: pairs 36750000/45535504
    shell 78: pairs 36250000/45535504
    shell 81: pairs 37000000/45535504
    shell 78: pairs 36500000/45535504
    shell 81: pairs 37250000/45535504
    shell 81: pairs 37500000/45535504
    shell 78: pairs 36750000/45535504
    shell 78: pairs 37000000/45535504
    shell 81: pairs 37750000/45535504
    shell 78: pairs 37250000/45535504
    shell 81: pairs 38000000/45535504
    shell 81: pairs 38250000/45535504
    shell 78: pairs 37500000/45535504
    shell 81: pairs 38500000/45535504
    shell 78: pairs 37750000/45535504
    shell 78: pairs 38000000/45535504
    shell 81: pairs 38750000/45535504
    shell 78: pairs 38250000/45535504
    shell 81: pairs 39000000/45535504
    shell 78: pairs 38500000/45535504
    shell 81: pairs 39250000/45535504
    shell 81: pairs 39500000/45535504
    shell 78: pairs 38750000/45535504
    shell 81: pairs 39750000/45535504
    shell 78: pairs 39000000/45535504
    shell 81: pairs 40000000/45535504
    shell 78: pairs 39250000/45535504
    shell 78: pairs 39500000/45535504
    shell 81: pairs 40250000/45535504
    shell 78: pairs 39750000/45535504
    shell 81: pairs 40500000/45535504
    shell 78: pairs 40000000/45535504
    shell 81: pairs 40750000/45535504
    shell 81: pairs 41000000/45535504
    shell 78: pairs 40250000/45535504
    shell 81: pairs 41250000/45535504
    shell 78: pairs 40500000/45535504
    shell 81: pairs 41500000/45535504
    shell 78: pairs 40750000/45535504
    shell 81: pairs 41750000/45535504
    shell 78: pairs 41000000/45535504
    shell 81: pairs 42000000/45535504
    shell 78: pairs 41250000/45535504
    shell 81: pairs 42250000/45535504
    shell 78: pairs 41500000/45535504
    shell 81: pairs 42500000/45535504
    shell 81: pairs 42750000/45535504
    shell 78: pairs 41750000/45535504
    shell 81: pairs 43000000/45535504
    shell 78: pairs 42000000/45535504
    shell 78: pairs 42250000/45535504
    shell 81: pairs 43250000/45535504
    shell 78: pairs 42500000/45535504
    shell 81: pairs 43500000/45535504
    shell 78: pairs 42750000/45535504
    shell 81: pairs 43750000/45535504
    shell 78: pairs 43000000/45535504
    shell 81: pairs 44000000/45535504
    shell 81: pairs 44250000/45535504
    shell 78: pairs 43250000/45535504
    shell 81: pairs 44500000/45535504
    shell 78: pairs 43500000/45535504
    shell 81: pairs 44750000/45535504
    shell 78: pairs 43750000/45535504
    shell 81: pairs 45000000/45535504
    shell 78: pairs 44000000/45535504
    shell 81: pairs 45250000/45535504
    shell 78: pairs 44250000/45535504
    shell 81: pairs 45500000/45535504
    shell 78: pairs 44500000/45535504
  shell 81 one_inf C_term_hi=130.7634599411941598807365565412007099186 [66/87]
    shell 78: pairs 44750000/45535504
    shell 78: pairs 45000000/45535504
    shell 78: pairs 45250000/45535504
    shell 78: pairs 45500000/45535504
  shell 78 one_inf C_term_hi=135.0900014822350098029338212427467460776 [67/87]
    shell 85: pairs 250000/45535504
    shell 83: pairs 250000/45535504
    shell 85: pairs 500000/45535504
    shell 83: pairs 500000/45535504
    shell 85: pairs 750000/45535504
    shell 83: pairs 750000/45535504
    shell 85: pairs 1000000/45535504
    shell 83: pairs 1000000/45535504
    shell 85: pairs 1250000/45535504
    shell 83: pairs 1250000/45535504
    shell 85: pairs 1500000/45535504
    shell 83: pairs 1500000/45535504
    shell 85: pairs 1750000/45535504
    shell 83: pairs 1750000/45535504
    shell 85: pairs 2000000/45535504
    shell 83: pairs 2000000/45535504
    shell 85: pairs 2250000/45535504
    shell 83: pairs 2250000/45535504
    shell 85: pairs 2500000/45535504
    shell 83: pairs 2500000/45535504
    shell 85: pairs 2750000/45535504
    shell 83: pairs 2750000/45535504
    shell 85: pairs 3000000/45535504
    shell 83: pairs 3000000/45535504
    shell 85: pairs 3250000/45535504
    shell 83: pairs 3250000/45535504
    shell 85: pairs 3500000/45535504
    shell 83: pairs 3500000/45535504
    shell 85: pairs 3750000/45535504
    shell 83: pairs 3750000/45535504
    shell 85: pairs 4000000/45535504
    shell 83: pairs 4000000/45535504
    shell 85: pairs 4250000/45535504
    shell 83: pairs 4250000/45535504
    shell 85: pairs 4500000/45535504
    shell 83: pairs 4500000/45535504
    shell 85: pairs 4750000/45535504
    shell 83: pairs 4750000/45535504
    shell 85: pairs 5000000/45535504
    shell 83: pairs 5000000/45535504
    shell 85: pairs 5250000/45535504
    shell 85: pairs 5500000/45535504
    shell 83: pairs 5250000/45535504
    shell 85: pairs 5750000/45535504
    shell 83: pairs 5500000/45535504
    shell 85: pairs 6000000/45535504
    shell 83: pairs 5750000/45535504
    shell 85: pairs 6250000/45535504
    shell 83: pairs 6000000/45535504
    shell 85: pairs 6500000/45535504
    shell 83: pairs 6250000/45535504
    shell 85: pairs 6750000/45535504
    shell 83: pairs 6500000/45535504
    shell 85: pairs 7000000/45535504
    shell 83: pairs 6750000/45535504
    shell 85: pairs 7250000/45535504
    shell 83: pairs 7000000/45535504
    shell 85: pairs 7500000/45535504
    shell 83: pairs 7250000/45535504
    shell 85: pairs 7750000/45535504
    shell 83: pairs 7500000/45535504
    shell 85: pairs 8000000/45535504
    shell 83: pairs 7750000/45535504
    shell 85: pairs 8250000/45535504
    shell 83: pairs 8000000/45535504
    shell 85: pairs 8500000/45535504
    shell 83: pairs 8250000/45535504
    shell 85: pairs 8750000/45535504
    shell 85: pairs 9000000/45535504
    shell 83: pairs 8500000/45535504
    shell 85: pairs 9250000/45535504
    shell 83: pairs 8750000/45535504
    shell 85: pairs 9500000/45535504
    shell 83: pairs 9000000/45535504
    shell 85: pairs 9750000/45535504
    shell 83: pairs 9250000/45535504
    shell 85: pairs 10000000/45535504
    shell 83: pairs 9500000/45535504
    shell 85: pairs 10250000/45535504
    shell 83: pairs 9750000/45535504
    shell 85: pairs 10500000/45535504
    shell 83: pairs 10000000/45535504
    shell 85: pairs 10750000/45535504
    shell 83: pairs 10250000/45535504
    shell 85: pairs 11000000/45535504
    shell 83: pairs 10500000/45535504
    shell 85: pairs 11250000/45535504
    shell 83: pairs 10750000/45535504
    shell 85: pairs 11500000/45535504
    shell 83: pairs 11000000/45535504
    shell 85: pairs 11750000/45535504
    shell 85: pairs 12000000/45535504
    shell 83: pairs 11250000/45535504
    shell 85: pairs 12250000/45535504
    shell 83: pairs 11500000/45535504
    shell 85: pairs 12500000/45535504
    shell 83: pairs 11750000/45535504
    shell 85: pairs 12750000/45535504
    shell 83: pairs 12000000/45535504
    shell 85: pairs 13000000/45535504
    shell 83: pairs 12250000/45535504
    shell 85: pairs 13250000/45535504
    shell 83: pairs 12500000/45535504
    shell 85: pairs 13500000/45535504
    shell 83: pairs 12750000/45535504
    shell 85: pairs 13750000/45535504
    shell 83: pairs 13000000/45535504
    shell 85: pairs 14000000/45535504
    shell 83: pairs 13250000/45535504
    shell 85: pairs 14250000/45535504
    shell 83: pairs 13500000/45535504
    shell 85: pairs 14500000/45535504
    shell 85: pairs 14750000/45535504
    shell 83: pairs 13750000/45535504
    shell 85: pairs 15000000/45535504
    shell 83: pairs 14000000/45535504
    shell 85: pairs 15250000/45535504
    shell 83: pairs 14250000/45535504
    shell 85: pairs 15500000/45535504
    shell 83: pairs 14500000/45535504
    shell 85: pairs 15750000/45535504
    shell 85: pairs 16000000/45535504
    shell 83: pairs 14750000/45535504
    shell 83: pairs 15000000/45535504
    shell 85: pairs 16250000/45535504
    shell 85: pairs 16500000/45535504
    shell 83: pairs 15250000/45535504
    shell 83: pairs 15500000/45535504
    shell 85: pairs 16750000/45535504
    shell 85: pairs 17000000/45535504
    shell 83: pairs 15750000/45535504
    shell 83: pairs 16000000/45535504
    shell 85: pairs 17250000/45535504
    shell 85: pairs 17500000/45535504
    shell 83: pairs 16250000/45535504
    shell 85: pairs 17750000/45535504
    shell 83: pairs 16500000/45535504
    shell 85: pairs 18000000/45535504
    shell 83: pairs 16750000/45535504
    shell 85: pairs 18250000/45535504
    shell 83: pairs 17000000/45535504
    shell 85: pairs 18500000/45535504
    shell 83: pairs 17250000/45535504
    shell 85: pairs 18750000/45535504
    shell 83: pairs 17500000/45535504
    shell 85: pairs 19000000/45535504
    shell 83: pairs 17750000/45535504
    shell 85: pairs 19250000/45535504
    shell 83: pairs 18000000/45535504
    shell 85: pairs 19500000/45535504
    shell 85: pairs 19750000/45535504
    shell 83: pairs 18250000/45535504
    shell 85: pairs 20000000/45535504
    shell 83: pairs 18500000/45535504
    shell 85: pairs 20250000/45535504
    shell 83: pairs 18750000/45535504
    shell 85: pairs 20500000/45535504
    shell 83: pairs 19000000/45535504
    shell 85: pairs 20750000/45535504
    shell 83: pairs 19250000/45535504
    shell 85: pairs 21000000/45535504
    shell 83: pairs 19500000/45535504
    shell 85: pairs 21250000/45535504
    shell 83: pairs 19750000/45535504
    shell 85: pairs 21500000/45535504
    shell 83: pairs 20000000/45535504
    shell 85: pairs 21750000/45535504
    shell 83: pairs 20250000/45535504
    shell 85: pairs 22000000/45535504
    shell 83: pairs 20500000/45535504
    shell 85: pairs 22250000/45535504
    shell 83: pairs 20750000/45535504
    shell 85: pairs 22500000/45535504
    shell 83: pairs 21000000/45535504
    shell 85: pairs 22750000/45535504
    shell 85: pairs 23000000/45535504
    shell 83: pairs 21250000/45535504
    shell 85: pairs 23250000/45535504
    shell 83: pairs 21500000/45535504
    shell 85: pairs 23500000/45535504
    shell 83: pairs 21750000/45535504
    shell 85: pairs 23750000/45535504
    shell 83: pairs 22000000/45535504
    shell 85: pairs 24000000/45535504
    shell 83: pairs 22250000/45535504
    shell 85: pairs 24250000/45535504
    shell 85: pairs 24500000/45535504
    shell 83: pairs 22500000/45535504
    shell 85: pairs 24750000/45535504
    shell 83: pairs 22750000/45535504
    shell 85: pairs 25000000/45535504
    shell 83: pairs 23000000/45535504
    shell 85: pairs 25250000/45535504
    shell 83: pairs 23250000/45535504
    shell 85: pairs 25500000/45535504
    shell 85: pairs 25750000/45535504
    shell 83: pairs 23500000/45535504
    shell 85: pairs 26000000/45535504
    shell 83: pairs 23750000/45535504
    shell 85: pairs 26250000/45535504
    shell 83: pairs 24000000/45535504
    shell 85: pairs 26500000/45535504
    shell 83: pairs 24250000/45535504
    shell 85: pairs 26750000/45535504
    shell 83: pairs 24500000/45535504
    shell 85: pairs 27000000/45535504
    shell 83: pairs 24750000/45535504
    shell 85: pairs 27250000/45535504
    shell 83: pairs 25000000/45535504
    shell 85: pairs 27500000/45535504
    shell 83: pairs 25250000/45535504
    shell 85: pairs 27750000/45535504
    shell 83: pairs 25500000/45535504
    shell 85: pairs 28000000/45535504
    shell 83: pairs 25750000/45535504
    shell 85: pairs 28250000/45535504
    shell 83: pairs 26000000/45535504
    shell 85: pairs 28500000/45535504
    shell 83: pairs 26250000/45535504
    shell 85: pairs 28750000/45535504
    shell 83: pairs 26500000/45535504
    shell 85: pairs 29000000/45535504
    shell 83: pairs 26750000/45535504
    shell 85: pairs 29250000/45535504
    shell 83: pairs 27000000/45535504
    shell 85: pairs 29500000/45535504
    shell 85: pairs 29750000/45535504
    shell 83: pairs 27250000/45535504
    shell 85: pairs 30000000/45535504
    shell 83: pairs 27500000/45535504
    shell 85: pairs 30250000/45535504
    shell 83: pairs 27750000/45535504
    shell 85: pairs 30500000/45535504
    shell 83: pairs 28000000/45535504
    shell 85: pairs 30750000/45535504
    shell 85: pairs 31000000/45535504
    shell 83: pairs 28250000/45535504
    shell 85: pairs 31250000/45535504
    shell 83: pairs 28500000/45535504
    shell 85: pairs 31500000/45535504
    shell 83: pairs 28750000/45535504
    shell 85: pairs 31750000/45535504
    shell 83: pairs 29000000/45535504
    shell 85: pairs 32000000/45535504
    shell 83: pairs 29250000/45535504
    shell 85: pairs 32250000/45535504
    shell 85: pairs 32500000/45535504
    shell 83: pairs 29500000/45535504
    shell 85: pairs 32750000/45535504
    shell 83: pairs 29750000/45535504
    shell 85: pairs 33000000/45535504
    shell 83: pairs 30000000/45535504
    shell 85: pairs 33250000/45535504
    shell 83: pairs 30250000/45535504
    shell 85: pairs 33500000/45535504
    shell 83: pairs 30500000/45535504
    shell 85: pairs 33750000/45535504
    shell 83: pairs 30750000/45535504
    shell 85: pairs 34000000/45535504
    shell 83: pairs 31000000/45535504
    shell 85: pairs 34250000/45535504
    shell 85: pairs 34500000/45535504
    shell 83: pairs 31250000/45535504
    shell 85: pairs 34750000/45535504
    shell 83: pairs 31500000/45535504
    shell 85: pairs 35000000/45535504
    shell 83: pairs 31750000/45535504
    shell 85: pairs 35250000/45535504
    shell 83: pairs 32000000/45535504
    shell 85: pairs 35500000/45535504
    shell 85: pairs 35750000/45535504
    shell 83: pairs 32250000/45535504
    shell 85: pairs 36000000/45535504
    shell 83: pairs 32500000/45535504
    shell 85: pairs 36250000/45535504
    shell 83: pairs 32750000/45535504
    shell 85: pairs 36500000/45535504
    shell 83: pairs 33000000/45535504
    shell 85: pairs 36750000/45535504
    shell 85: pairs 37000000/45535504
    shell 83: pairs 33250000/45535504
    shell 85: pairs 37250000/45535504
    shell 83: pairs 33500000/45535504
    shell 85: pairs 37500000/45535504
    shell 83: pairs 33750000/45535504
    shell 85: pairs 37750000/45535504
    shell 83: pairs 34000000/45535504
    shell 85: pairs 38000000/45535504
    shell 85: pairs 38250000/45535504
    shell 83: pairs 34250000/45535504
    shell 85: pairs 38500000/45535504
    shell 83: pairs 34500000/45535504
    shell 85: pairs 38750000/45535504
    shell 83: pairs 34750000/45535504
    shell 85: pairs 39000000/45535504
    shell 83: pairs 35000000/45535504
    shell 85: pairs 39250000/45535504
    shell 85: pairs 39500000/45535504
    shell 83: pairs 35250000/45535504
    shell 85: pairs 39750000/45535504
    shell 83: pairs 35500000/45535504
    shell 85: pairs 40000000/45535504
    shell 85: pairs 40250000/45535504
    shell 83: pairs 35750000/45535504
    shell 85: pairs 40500000/45535504
    shell 83: pairs 36000000/45535504
    shell 85: pairs 40750000/45535504
    shell 83: pairs 36250000/45535504
    shell 85: pairs 41000000/45535504
    shell 83: pairs 36500000/45535504
    shell 85: pairs 41250000/45535504
    shell 83: pairs 36750000/45535504
    shell 85: pairs 41500000/45535504
    shell 83: pairs 37000000/45535504
    shell 85: pairs 41750000/45535504
    shell 83: pairs 37250000/45535504
    shell 85: pairs 42000000/45535504
    shell 85: pairs 42250000/45535504
    shell 83: pairs 37500000/45535504
    shell 85: pairs 42500000/45535504
    shell 83: pairs 37750000/45535504
    shell 85: pairs 42750000/45535504
    shell 83: pairs 38000000/45535504
    shell 85: pairs 43000000/45535504
    shell 83: pairs 38250000/45535504
    shell 85: pairs 43250000/45535504
    shell 83: pairs 38500000/45535504
    shell 85: pairs 43500000/45535504
    shell 85: pairs 43750000/45535504
    shell 83: pairs 38750000/45535504
    shell 85: pairs 44000000/45535504
    shell 83: pairs 39000000/45535504
    shell 85: pairs 44250000/45535504
    shell 85: pairs 44500000/45535504
    shell 83: pairs 39250000/45535504
    shell 85: pairs 44750000/45535504
    shell 83: pairs 39500000/45535504
    shell 85: pairs 45000000/45535504
    shell 83: pairs 39750000/45535504
    shell 85: pairs 45250000/45535504
    shell 85: pairs 45500000/45535504
    shell 83: pairs 40000000/45535504
  shell 85 one_inf C_term_hi=137.8960000682566475485435506474377464237 [68/87]
    shell 83: pairs 40250000/45535504
    shell 83: pairs 40500000/45535504
    shell 83: pairs 40750000/45535504
    shell 83: pairs 41000000/45535504
    shell 83: pairs 41250000/45535504
    shell 83: pairs 41500000/45535504
    shell 83: pairs 41750000/45535504
    shell 83: pairs 42000000/45535504
    shell 83: pairs 42250000/45535504
    shell 83: pairs 42500000/45535504
    shell 83: pairs 42750000/45535504
    shell 83: pairs 43000000/45535504
    shell 83: pairs 43250000/45535504
    shell 83: pairs 43500000/45535504
    shell 83: pairs 43750000/45535504
    shell 83: pairs 44000000/45535504
    shell 83: pairs 44250000/45535504
    shell 83: pairs 44500000/45535504
    shell 83: pairs 44750000/45535504
    shell 83: pairs 45000000/45535504
    shell 83: pairs 45250000/45535504
    shell 83: pairs 45500000/45535504
  shell 83 one_inf C_term_hi=131.186185484119924359551036029713368384 [69/87]
    shell 88: pairs 250000/45535504
    shell 86: pairs 250000/45535504
    shell 88: pairs 500000/45535504
    shell 86: pairs 500000/45535504
    shell 88: pairs 750000/45535504
    shell 86: pairs 750000/45535504
    shell 88: pairs 1000000/45535504
    shell 86: pairs 1000000/45535504
    shell 88: pairs 1250000/45535504
    shell 86: pairs 1250000/45535504
    shell 88: pairs 1500000/45535504
    shell 86: pairs 1500000/45535504
    shell 88: pairs 1750000/45535504
    shell 86: pairs 1750000/45535504
    shell 88: pairs 2000000/45535504
    shell 86: pairs 2000000/45535504
    shell 88: pairs 2250000/45535504
    shell 86: pairs 2250000/45535504
    shell 88: pairs 2500000/45535504
    shell 86: pairs 2500000/45535504
    shell 88: pairs 2750000/45535504
    shell 86: pairs 2750000/45535504
    shell 88: pairs 3000000/45535504
    shell 86: pairs 3000000/45535504
    shell 88: pairs 3250000/45535504
    shell 86: pairs 3250000/45535504
    shell 88: pairs 3500000/45535504
    shell 86: pairs 3500000/45535504
    shell 88: pairs 3750000/45535504
    shell 88: pairs 4000000/45535504
    shell 86: pairs 3750000/45535504
    shell 88: pairs 4250000/45535504
    shell 86: pairs 4000000/45535504
    shell 88: pairs 4500000/45535504
    shell 86: pairs 4250000/45535504
    shell 88: pairs 4750000/45535504
    shell 86: pairs 4500000/45535504
    shell 88: pairs 5000000/45535504
    shell 86: pairs 4750000/45535504
    shell 88: pairs 5250000/45535504
    shell 86: pairs 5000000/45535504
    shell 88: pairs 5500000/45535504
    shell 86: pairs 5250000/45535504
    shell 88: pairs 5750000/45535504
    shell 86: pairs 5500000/45535504
    shell 88: pairs 6000000/45535504
    shell 86: pairs 5750000/45535504
    shell 88: pairs 6250000/45535504
    shell 86: pairs 6000000/45535504
    shell 88: pairs 6500000/45535504
    shell 88: pairs 6750000/45535504
    shell 86: pairs 6250000/45535504
    shell 86: pairs 6500000/45535504
    shell 88: pairs 7000000/45535504
    shell 88: pairs 7250000/45535504
    shell 86: pairs 6750000/45535504
    shell 88: pairs 7500000/45535504
    shell 86: pairs 7000000/45535504
    shell 88: pairs 7750000/45535504
    shell 86: pairs 7250000/45535504
    shell 88: pairs 8000000/45535504
    shell 86: pairs 7500000/45535504
    shell 88: pairs 8250000/45535504
    shell 86: pairs 7750000/45535504
    shell 88: pairs 8500000/45535504
    shell 86: pairs 8000000/45535504
    shell 88: pairs 8750000/45535504
    shell 88: pairs 9000000/45535504
    shell 86: pairs 8250000/45535504
    shell 88: pairs 9250000/45535504
    shell 86: pairs 8500000/45535504
    shell 88: pairs 9500000/45535504
    shell 86: pairs 8750000/45535504
    shell 88: pairs 9750000/45535504
    shell 86: pairs 9000000/45535504
    shell 88: pairs 10000000/45535504
    shell 86: pairs 9250000/45535504
    shell 88: pairs 10250000/45535504
    shell 86: pairs 9500000/45535504
    shell 88: pairs 10500000/45535504
    shell 88: pairs 10750000/45535504
    shell 86: pairs 9750000/45535504
    shell 88: pairs 11000000/45535504
    shell 86: pairs 10000000/45535504
    shell 88: pairs 11250000/45535504
    shell 86: pairs 10250000/45535504
    shell 88: pairs 11500000/45535504
    shell 86: pairs 10500000/45535504
    shell 88: pairs 11750000/45535504
    shell 86: pairs 10750000/45535504
    shell 88: pairs 12000000/45535504
    shell 86: pairs 11000000/45535504
    shell 88: pairs 12250000/45535504
    shell 88: pairs 12500000/45535504
    shell 86: pairs 11250000/45535504
    shell 88: pairs 12750000/45535504
    shell 86: pairs 11500000/45535504
    shell 88: pairs 13000000/45535504
    shell 86: pairs 11750000/45535504
    shell 88: pairs 13250000/45535504
    shell 86: pairs 12000000/45535504
    shell 88: pairs 13500000/45535504
    shell 86: pairs 12250000/45535504
    shell 88: pairs 13750000/45535504
    shell 86: pairs 12500000/45535504
    shell 88: pairs 14000000/45535504
    shell 88: pairs 14250000/45535504
    shell 86: pairs 12750000/45535504
    shell 88: pairs 14500000/45535504
    shell 86: pairs 13000000/45535504
    shell 88: pairs 14750000/45535504
    shell 86: pairs 13250000/45535504
    shell 88: pairs 15000000/45535504
    shell 86: pairs 13500000/45535504
    shell 88: pairs 15250000/45535504
    shell 88: pairs 15500000/45535504
    shell 86: pairs 13750000/45535504
    shell 88: pairs 15750000/45535504
    shell 86: pairs 14000000/45535504
    shell 88: pairs 16000000/45535504
    shell 86: pairs 14250000/45535504
    shell 88: pairs 16250000/45535504
    shell 88: pairs 16500000/45535504
    shell 86: pairs 14500000/45535504
    shell 88: pairs 16750000/45535504
    shell 86: pairs 14750000/45535504
    shell 88: pairs 17000000/45535504
    shell 86: pairs 15000000/45535504
    shell 88: pairs 17250000/45535504
    shell 86: pairs 15250000/45535504
    shell 88: pairs 17500000/45535504
    shell 86: pairs 15500000/45535504
    shell 88: pairs 17750000/45535504
    shell 86: pairs 15750000/45535504
    shell 88: pairs 18000000/45535504
    shell 86: pairs 16000000/45535504
    shell 88: pairs 18250000/45535504
    shell 88: pairs 18500000/45535504
    shell 86: pairs 16250000/45535504
    shell 86: pairs 16500000/45535504
    shell 88: pairs 18750000/45535504
    shell 88: pairs 19000000/45535504
    shell 86: pairs 16750000/45535504
    shell 88: pairs 19250000/45535504
    shell 86: pairs 17000000/45535504
    shell 88: pairs 19500000/45535504
    shell 88: pairs 19750000/45535504
    shell 86: pairs 17250000/45535504
    shell 88: pairs 20000000/45535504
    shell 86: pairs 17500000/45535504
    shell 88: pairs 20250000/45535504
    shell 86: pairs 17750000/45535504
    shell 88: pairs 20500000/45535504
    shell 86: pairs 18000000/45535504
    shell 88: pairs 20750000/45535504
    shell 88: pairs 21000000/45535504
    shell 86: pairs 18250000/45535504
    shell 88: pairs 21250000/45535504
    shell 86: pairs 18500000/45535504
    shell 88: pairs 21500000/45535504
    shell 86: pairs 18750000/45535504
    shell 88: pairs 21750000/45535504
    shell 86: pairs 19000000/45535504
    shell 88: pairs 22000000/45535504
    shell 86: pairs 19250000/45535504
    shell 88: pairs 22250000/45535504
    shell 88: pairs 22500000/45535504
    shell 86: pairs 19500000/45535504
    shell 86: pairs 19750000/45535504
    shell 88: pairs 22750000/45535504
    shell 86: pairs 20000000/45535504
    shell 88: pairs 23000000/45535504
    shell 88: pairs 23250000/45535504
    shell 86: pairs 20250000/45535504
    shell 88: pairs 23500000/45535504
    shell 86: pairs 20500000/45535504
    shell 88: pairs 23750000/45535504
    shell 86: pairs 20750000/45535504
    shell 88: pairs 24000000/45535504
    shell 86: pairs 21000000/45535504
    shell 88: pairs 24250000/45535504
    shell 88: pairs 24500000/45535504
    shell 86: pairs 21250000/45535504
    shell 88: pairs 24750000/45535504
    shell 86: pairs 21500000/45535504
    shell 88: pairs 25000000/45535504
    shell 88: pairs 25250000/45535504
    shell 86: pairs 21750000/45535504
    shell 88: pairs 25500000/45535504
    shell 86: pairs 22000000/45535504
    shell 88: pairs 25750000/45535504
    shell 88: pairs 26000000/45535504
    shell 86: pairs 22250000/45535504
    shell 88: pairs 26250000/45535504
    shell 86: pairs 22500000/45535504
    shell 88: pairs 26500000/45535504
    shell 88: pairs 26750000/45535504
    shell 86: pairs 22750000/45535504
    shell 88: pairs 27000000/45535504
    shell 86: pairs 23000000/45535504
    shell 88: pairs 27250000/45535504
    shell 86: pairs 23250000/45535504
    shell 88: pairs 27500000/45535504
    shell 86: pairs 23500000/45535504
    shell 88: pairs 27750000/45535504
    shell 88: pairs 28000000/45535504
    shell 86: pairs 23750000/45535504
    shell 88: pairs 28250000/45535504
    shell 86: pairs 24000000/45535504
    shell 88: pairs 28500000/45535504
    shell 88: pairs 28750000/45535504
    shell 86: pairs 24250000/45535504
    shell 88: pairs 29000000/45535504
    shell 86: pairs 24500000/45535504
    shell 88: pairs 29250000/45535504
    shell 86: pairs 24750000/45535504
    shell 88: pairs 29500000/45535504
    shell 86: pairs 25000000/45535504
    shell 88: pairs 29750000/45535504
    shell 86: pairs 25250000/45535504
    shell 88: pairs 30000000/45535504
    shell 86: pairs 25500000/45535504
    shell 88: pairs 30250000/45535504
    shell 86: pairs 25750000/45535504
    shell 88: pairs 30500000/45535504
    shell 86: pairs 26000000/45535504
    shell 88: pairs 30750000/45535504
    shell 86: pairs 26250000/45535504
    shell 88: pairs 31000000/45535504
    shell 86: pairs 26500000/45535504
    shell 88: pairs 31250000/45535504
    shell 88: pairs 31500000/45535504
    shell 86: pairs 26750000/45535504
    shell 88: pairs 31750000/45535504
    shell 86: pairs 27000000/45535504
    shell 88: pairs 32000000/45535504
    shell 88: pairs 32250000/45535504
    shell 86: pairs 27250000/45535504
    shell 88: pairs 32500000/45535504
    shell 86: pairs 27500000/45535504
    shell 88: pairs 32750000/45535504
    shell 88: pairs 33000000/45535504
    shell 86: pairs 27750000/45535504
    shell 88: pairs 33250000/45535504
    shell 86: pairs 28000000/45535504
    shell 88: pairs 33500000/45535504
    shell 88: pairs 33750000/45535504
    shell 86: pairs 28250000/45535504
    shell 88: pairs 34000000/45535504
    shell 86: pairs 28500000/45535504
    shell 88: pairs 34250000/45535504
    shell 86: pairs 28750000/45535504
    shell 88: pairs 34500000/45535504
    shell 88: pairs 34750000/45535504
    shell 86: pairs 29000000/45535504
    shell 88: pairs 35000000/45535504
    shell 88: pairs 35250000/45535504
    shell 86: pairs 29250000/45535504
    shell 88: pairs 35500000/45535504
    shell 86: pairs 29500000/45535504
    shell 88: pairs 35750000/45535504
    shell 88: pairs 36000000/45535504
    shell 86: pairs 29750000/45535504
    shell 88: pairs 36250000/45535504
    shell 86: pairs 30000000/45535504
    shell 88: pairs 36500000/45535504
    shell 86: pairs 30250000/45535504
    shell 88: pairs 36750000/45535504
    shell 86: pairs 30500000/45535504
    shell 88: pairs 37000000/45535504
    shell 88: pairs 37250000/45535504
    shell 86: pairs 30750000/45535504
    shell 88: pairs 37500000/45535504
    shell 86: pairs 31000000/45535504
    shell 88: pairs 37750000/45535504
    shell 88: pairs 38000000/45535504
    shell 88: pairs 38250000/45535504
    shell 86: pairs 31250000/45535504
    shell 88: pairs 38500000/45535504
    shell 86: pairs 31500000/45535504
    shell 88: pairs 38750000/45535504
    shell 88: pairs 39000000/45535504
    shell 86: pairs 31750000/45535504
    shell 88: pairs 39250000/45535504
    shell 86: pairs 32000000/45535504
    shell 88: pairs 39500000/45535504
    shell 88: pairs 39750000/45535504
    shell 86: pairs 32250000/45535504
    shell 88: pairs 40000000/45535504
    shell 86: pairs 32500000/45535504
    shell 88: pairs 40250000/45535504
    shell 88: pairs 40500000/45535504
    shell 86: pairs 32750000/45535504
    shell 88: pairs 40750000/45535504
    shell 88: pairs 41000000/45535504
    shell 86: pairs 33000000/45535504
    shell 88: pairs 41250000/45535504
    shell 88: pairs 41500000/45535504
    shell 86: pairs 33250000/45535504
    shell 88: pairs 41750000/45535504
    shell 86: pairs 33500000/45535504
    shell 88: pairs 42000000/45535504
    shell 88: pairs 42250000/45535504
    shell 86: pairs 33750000/45535504
    shell 88: pairs 42500000/45535504
    shell 86: pairs 34000000/45535504
    shell 88: pairs 42750000/45535504
    shell 88: pairs 43000000/45535504
    shell 86: pairs 34250000/45535504
    shell 88: pairs 43250000/45535504
    shell 88: pairs 43500000/45535504
    shell 86: pairs 34500000/45535504
    shell 88: pairs 43750000/45535504
    shell 86: pairs 34750000/45535504
    shell 88: pairs 44000000/45535504
    shell 88: pairs 44250000/45535504
    shell 86: pairs 35000000/45535504
    shell 88: pairs 44500000/45535504
    shell 88: pairs 44750000/45535504
    shell 88: pairs 45000000/45535504
    shell 86: pairs 35250000/45535504
    shell 88: pairs 45250000/45535504
    shell 86: pairs 35500000/45535504
    shell 88: pairs 45500000/45535504
  shell 88 one_inf C_term_hi=117.8114828958590106349275594780094050638 [70/87]
    shell 86: pairs 35750000/45535504
    shell 86: pairs 36000000/45535504
    shell 86: pairs 36250000/45535504
    shell 86: pairs 36500000/45535504
    shell 86: pairs 36750000/45535504
    shell 86: pairs 37000000/45535504
    shell 86: pairs 37250000/45535504
    shell 86: pairs 37500000/45535504
    shell 86: pairs 37750000/45535504
    shell 86: pairs 38000000/45535504
    shell 86: pairs 38250000/45535504
    shell 86: pairs 38500000/45535504
    shell 86: pairs 38750000/45535504
    shell 86: pairs 39000000/45535504
    shell 86: pairs 39250000/45535504
    shell 86: pairs 39500000/45535504
    shell 86: pairs 39750000/45535504
    shell 86: pairs 40000000/45535504
    shell 86: pairs 40250000/45535504
    shell 86: pairs 40500000/45535504
    shell 86: pairs 40750000/45535504
    shell 86: pairs 41000000/45535504
    shell 86: pairs 41250000/45535504
    shell 86: pairs 41500000/45535504
    shell 86: pairs 41750000/45535504
    shell 86: pairs 42000000/45535504
    shell 86: pairs 42250000/45535504
    shell 86: pairs 42500000/45535504
    shell 86: pairs 42750000/45535504
    shell 86: pairs 43000000/45535504
    shell 86: pairs 43250000/45535504
    shell 86: pairs 43500000/45535504
    shell 86: pairs 43750000/45535504
    shell 86: pairs 44000000/45535504
    shell 86: pairs 44250000/45535504
    shell 86: pairs 44500000/45535504
    shell 86: pairs 44750000/45535504
    shell 86: pairs 45000000/45535504
    shell 86: pairs 45250000/45535504
    shell 86: pairs 45500000/45535504
  shell 86 one_inf C_term_hi=144.7152868057128103379984649681622381754 [71/87]
    shell 89: pairs 250000/45535504
    shell 90: pairs 250000/45535504
    shell 89: pairs 500000/45535504
    shell 90: pairs 500000/45535504
    shell 89: pairs 750000/45535504
    shell 90: pairs 750000/45535504
    shell 89: pairs 1000000/45535504
    shell 90: pairs 1000000/45535504
    shell 89: pairs 1250000/45535504
    shell 90: pairs 1250000/45535504
    shell 89: pairs 1500000/45535504
    shell 90: pairs 1500000/45535504
    shell 89: pairs 1750000/45535504
    shell 90: pairs 1750000/45535504
    shell 89: pairs 2000000/45535504
    shell 90: pairs 2000000/45535504
    shell 89: pairs 2250000/45535504
    shell 90: pairs 2250000/45535504
    shell 89: pairs 2500000/45535504
    shell 90: pairs 2500000/45535504
    shell 89: pairs 2750000/45535504
    shell 90: pairs 2750000/45535504
    shell 89: pairs 3000000/45535504
    shell 90: pairs 3000000/45535504
    shell 89: pairs 3250000/45535504
    shell 90: pairs 3250000/45535504
    shell 89: pairs 3500000/45535504
    shell 90: pairs 3500000/45535504
    shell 89: pairs 3750000/45535504
    shell 90: pairs 3750000/45535504
    shell 89: pairs 4000000/45535504
    shell 90: pairs 4000000/45535504
    shell 89: pairs 4250000/45535504
    shell 90: pairs 4250000/45535504
    shell 89: pairs 4500000/45535504
    shell 90: pairs 4500000/45535504
    shell 89: pairs 4750000/45535504
    shell 90: pairs 4750000/45535504
    shell 89: pairs 5000000/45535504
    shell 90: pairs 5000000/45535504
    shell 89: pairs 5250000/45535504
    shell 90: pairs 5250000/45535504
    shell 89: pairs 5500000/45535504
    shell 90: pairs 5500000/45535504
    shell 89: pairs 5750000/45535504
    shell 90: pairs 5750000/45535504
    shell 89: pairs 6000000/45535504
    shell 90: pairs 6000000/45535504
    shell 89: pairs 6250000/45535504
    shell 90: pairs 6250000/45535504
    shell 89: pairs 6500000/45535504
    shell 90: pairs 6500000/45535504
    shell 89: pairs 6750000/45535504
    shell 90: pairs 6750000/45535504
    shell 89: pairs 7000000/45535504
    shell 90: pairs 7000000/45535504
    shell 89: pairs 7250000/45535504
    shell 90: pairs 7250000/45535504
    shell 89: pairs 7500000/45535504
    shell 90: pairs 7500000/45535504
    shell 89: pairs 7750000/45535504
    shell 90: pairs 7750000/45535504
    shell 89: pairs 8000000/45535504
    shell 90: pairs 8000000/45535504
    shell 89: pairs 8250000/45535504
    shell 90: pairs 8250000/45535504
    shell 89: pairs 8500000/45535504
    shell 90: pairs 8500000/45535504
    shell 89: pairs 8750000/45535504
    shell 90: pairs 8750000/45535504
    shell 89: pairs 9000000/45535504
    shell 90: pairs 9000000/45535504
    shell 89: pairs 9250000/45535504
    shell 90: pairs 9250000/45535504
    shell 89: pairs 9500000/45535504
    shell 90: pairs 9500000/45535504
    shell 89: pairs 9750000/45535504
    shell 90: pairs 9750000/45535504
    shell 89: pairs 10000000/45535504
    shell 90: pairs 10000000/45535504
    shell 89: pairs 10250000/45535504
    shell 90: pairs 10250000/45535504
    shell 89: pairs 10500000/45535504
    shell 90: pairs 10500000/45535504
    shell 89: pairs 10750000/45535504
    shell 90: pairs 10750000/45535504
    shell 89: pairs 11000000/45535504
    shell 90: pairs 11000000/45535504
    shell 89: pairs 11250000/45535504
    shell 90: pairs 11250000/45535504
    shell 89: pairs 11500000/45535504
    shell 90: pairs 11500000/45535504
    shell 89: pairs 11750000/45535504
    shell 90: pairs 11750000/45535504
    shell 89: pairs 12000000/45535504
    shell 90: pairs 12000000/45535504
    shell 89: pairs 12250000/45535504
    shell 90: pairs 12250000/45535504
    shell 89: pairs 12500000/45535504
    shell 90: pairs 12500000/45535504
    shell 89: pairs 12750000/45535504
    shell 90: pairs 12750000/45535504
    shell 89: pairs 13000000/45535504
    shell 90: pairs 13000000/45535504
    shell 89: pairs 13250000/45535504
    shell 90: pairs 13250000/45535504
    shell 89: pairs 13500000/45535504
    shell 90: pairs 13500000/45535504
    shell 89: pairs 13750000/45535504
    shell 90: pairs 13750000/45535504
    shell 89: pairs 14000000/45535504
    shell 90: pairs 14000000/45535504
    shell 89: pairs 14250000/45535504
    shell 90: pairs 14250000/45535504
    shell 89: pairs 14500000/45535504
    shell 90: pairs 14500000/45535504
    shell 89: pairs 14750000/45535504
    shell 90: pairs 14750000/45535504
    shell 89: pairs 15000000/45535504
    shell 90: pairs 15000000/45535504
    shell 89: pairs 15250000/45535504
    shell 90: pairs 15250000/45535504
    shell 89: pairs 15500000/45535504
    shell 90: pairs 15500000/45535504
    shell 89: pairs 15750000/45535504
    shell 90: pairs 15750000/45535504
    shell 89: pairs 16000000/45535504
    shell 90: pairs 16000000/45535504
    shell 89: pairs 16250000/45535504
    shell 90: pairs 16250000/45535504
    shell 89: pairs 16500000/45535504
    shell 90: pairs 16500000/45535504
    shell 89: pairs 16750000/45535504
    shell 90: pairs 16750000/45535504
    shell 89: pairs 17000000/45535504
    shell 90: pairs 17000000/45535504
    shell 89: pairs 17250000/45535504
    shell 90: pairs 17250000/45535504
    shell 89: pairs 17500000/45535504
    shell 90: pairs 17500000/45535504
    shell 89: pairs 17750000/45535504
    shell 90: pairs 17750000/45535504
    shell 89: pairs 18000000/45535504
    shell 90: pairs 18000000/45535504
    shell 89: pairs 18250000/45535504
    shell 90: pairs 18250000/45535504
    shell 89: pairs 18500000/45535504
    shell 90: pairs 18500000/45535504
    shell 89: pairs 18750000/45535504
    shell 90: pairs 18750000/45535504
    shell 89: pairs 19000000/45535504
    shell 90: pairs 19000000/45535504
    shell 89: pairs 19250000/45535504
    shell 90: pairs 19250000/45535504
    shell 89: pairs 19500000/45535504
    shell 90: pairs 19500000/45535504
    shell 89: pairs 19750000/45535504
    shell 90: pairs 19750000/45535504
    shell 89: pairs 20000000/45535504
    shell 90: pairs 20000000/45535504
    shell 89: pairs 20250000/45535504
    shell 90: pairs 20250000/45535504
    shell 89: pairs 20500000/45535504
    shell 90: pairs 20500000/45535504
    shell 89: pairs 20750000/45535504
    shell 90: pairs 20750000/45535504
    shell 89: pairs 21000000/45535504
    shell 90: pairs 21000000/45535504
    shell 89: pairs 21250000/45535504
    shell 90: pairs 21250000/45535504
    shell 89: pairs 21500000/45535504
    shell 90: pairs 21500000/45535504
    shell 89: pairs 21750000/45535504
    shell 90: pairs 21750000/45535504
    shell 89: pairs 22000000/45535504
    shell 90: pairs 22000000/45535504
    shell 89: pairs 22250000/45535504
    shell 90: pairs 22250000/45535504
    shell 89: pairs 22500000/45535504
    shell 90: pairs 22500000/45535504
    shell 89: pairs 22750000/45535504
    shell 90: pairs 22750000/45535504
    shell 89: pairs 23000000/45535504
    shell 90: pairs 23000000/45535504
    shell 89: pairs 23250000/45535504
    shell 90: pairs 23250000/45535504
    shell 89: pairs 23500000/45535504
    shell 90: pairs 23500000/45535504
    shell 89: pairs 23750000/45535504
    shell 90: pairs 23750000/45535504
    shell 89: pairs 24000000/45535504
    shell 90: pairs 24000000/45535504
    shell 89: pairs 24250000/45535504
    shell 90: pairs 24250000/45535504
    shell 89: pairs 24500000/45535504
    shell 90: pairs 24500000/45535504
    shell 89: pairs 24750000/45535504
    shell 90: pairs 24750000/45535504
    shell 89: pairs 25000000/45535504
    shell 90: pairs 25000000/45535504
    shell 89: pairs 25250000/45535504
    shell 90: pairs 25250000/45535504
    shell 89: pairs 25500000/45535504
    shell 90: pairs 25500000/45535504
    shell 89: pairs 25750000/45535504
    shell 90: pairs 25750000/45535504
    shell 89: pairs 26000000/45535504
    shell 90: pairs 26000000/45535504
    shell 89: pairs 26250000/45535504
    shell 90: pairs 26250000/45535504
    shell 89: pairs 26500000/45535504
    shell 90: pairs 26500000/45535504
    shell 89: pairs 26750000/45535504
    shell 90: pairs 26750000/45535504
    shell 89: pairs 27000000/45535504
    shell 90: pairs 27000000/45535504
    shell 89: pairs 27250000/45535504
    shell 90: pairs 27250000/45535504
    shell 89: pairs 27500000/45535504
    shell 90: pairs 27500000/45535504
    shell 89: pairs 27750000/45535504
    shell 90: pairs 27750000/45535504
    shell 89: pairs 28000000/45535504
    shell 90: pairs 28000000/45535504
    shell 89: pairs 28250000/45535504
    shell 90: pairs 28250000/45535504
    shell 89: pairs 28500000/45535504
    shell 90: pairs 28500000/45535504
    shell 89: pairs 28750000/45535504
    shell 90: pairs 28750000/45535504
    shell 89: pairs 29000000/45535504
    shell 90: pairs 29000000/45535504
    shell 89: pairs 29250000/45535504
    shell 90: pairs 29250000/45535504
    shell 89: pairs 29500000/45535504
    shell 90: pairs 29500000/45535504
    shell 89: pairs 29750000/45535504
    shell 90: pairs 29750000/45535504
    shell 89: pairs 30000000/45535504
    shell 90: pairs 30000000/45535504
    shell 89: pairs 30250000/45535504
    shell 90: pairs 30250000/45535504
    shell 89: pairs 30500000/45535504
    shell 90: pairs 30500000/45535504
    shell 89: pairs 30750000/45535504
    shell 90: pairs 30750000/45535504
    shell 89: pairs 31000000/45535504
    shell 90: pairs 31000000/45535504
    shell 89: pairs 31250000/45535504
    shell 90: pairs 31250000/45535504
    shell 89: pairs 31500000/45535504
    shell 90: pairs 31500000/45535504
    shell 89: pairs 31750000/45535504
    shell 90: pairs 31750000/45535504
    shell 89: pairs 32000000/45535504
    shell 90: pairs 32000000/45535504
    shell 89: pairs 32250000/45535504
    shell 90: pairs 32250000/45535504
    shell 89: pairs 32500000/45535504
    shell 90: pairs 32500000/45535504
    shell 89: pairs 32750000/45535504
    shell 90: pairs 32750000/45535504
    shell 89: pairs 33000000/45535504
    shell 90: pairs 33000000/45535504
    shell 89: pairs 33250000/45535504
    shell 90: pairs 33250000/45535504
    shell 89: pairs 33500000/45535504
    shell 90: pairs 33500000/45535504
    shell 89: pairs 33750000/45535504
    shell 90: pairs 33750000/45535504
    shell 89: pairs 34000000/45535504
    shell 90: pairs 34000000/45535504
    shell 89: pairs 34250000/45535504
    shell 90: pairs 34250000/45535504
    shell 89: pairs 34500000/45535504
    shell 90: pairs 34500000/45535504
    shell 89: pairs 34750000/45535504
    shell 90: pairs 34750000/45535504
    shell 89: pairs 35000000/45535504
    shell 90: pairs 35000000/45535504
    shell 89: pairs 35250000/45535504
    shell 90: pairs 35250000/45535504
    shell 89: pairs 35500000/45535504
    shell 90: pairs 35500000/45535504
    shell 89: pairs 35750000/45535504
    shell 90: pairs 35750000/45535504
    shell 89: pairs 36000000/45535504
    shell 90: pairs 36000000/45535504
    shell 89: pairs 36250000/45535504
    shell 90: pairs 36250000/45535504
    shell 89: pairs 36500000/45535504
    shell 90: pairs 36500000/45535504
    shell 89: pairs 36750000/45535504
    shell 90: pairs 36750000/45535504
    shell 89: pairs 37000000/45535504
    shell 90: pairs 37000000/45535504
    shell 89: pairs 37250000/45535504
    shell 90: pairs 37250000/45535504
    shell 89: pairs 37500000/45535504
    shell 90: pairs 37500000/45535504
    shell 89: pairs 37750000/45535504
    shell 90: pairs 37750000/45535504
    shell 89: pairs 38000000/45535504
    shell 90: pairs 38000000/45535504
    shell 89: pairs 38250000/45535504
    shell 90: pairs 38250000/45535504
    shell 89: pairs 38500000/45535504
    shell 90: pairs 38500000/45535504
    shell 89: pairs 38750000/45535504
    shell 90: pairs 38750000/45535504
    shell 89: pairs 39000000/45535504
    shell 90: pairs 39000000/45535504
    shell 89: pairs 39250000/45535504
    shell 90: pairs 39250000/45535504
    shell 89: pairs 39500000/45535504
    shell 90: pairs 39500000/45535504
    shell 89: pairs 39750000/45535504
    shell 90: pairs 39750000/45535504
    shell 89: pairs 40000000/45535504
    shell 90: pairs 40000000/45535504
    shell 89: pairs 40250000/45535504
    shell 90: pairs 40250000/45535504
    shell 89: pairs 40500000/45535504
    shell 90: pairs 40500000/45535504
    shell 89: pairs 40750000/45535504
    shell 90: pairs 40750000/45535504
    shell 89: pairs 41000000/45535504
    shell 90: pairs 41000000/45535504
    shell 89: pairs 41250000/45535504
    shell 90: pairs 41250000/45535504
    shell 89: pairs 41500000/45535504
    shell 90: pairs 41500000/45535504
    shell 89: pairs 41750000/45535504
    shell 90: pairs 41750000/45535504
    shell 89: pairs 42000000/45535504
    shell 90: pairs 42000000/45535504
    shell 89: pairs 42250000/45535504
    shell 90: pairs 42250000/45535504
    shell 89: pairs 42500000/45535504
    shell 90: pairs 42500000/45535504
    shell 89: pairs 42750000/45535504
    shell 90: pairs 42750000/45535504
    shell 89: pairs 43000000/45535504
    shell 90: pairs 43000000/45535504
    shell 89: pairs 43250000/45535504
    shell 90: pairs 43250000/45535504
    shell 89: pairs 43500000/45535504
    shell 90: pairs 43500000/45535504
    shell 89: pairs 43750000/45535504
    shell 90: pairs 43750000/45535504
    shell 89: pairs 44000000/45535504
    shell 90: pairs 44000000/45535504
    shell 89: pairs 44250000/45535504
    shell 90: pairs 44250000/45535504
    shell 89: pairs 44500000/45535504
    shell 90: pairs 44500000/45535504
    shell 89: pairs 44750000/45535504
    shell 90: pairs 44750000/45535504
    shell 90: pairs 45000000/45535504
    shell 89: pairs 45000000/45535504
    shell 90: pairs 45250000/45535504
    shell 89: pairs 45250000/45535504
    shell 90: pairs 45500000/45535504
    shell 89: pairs 45500000/45535504
  shell 90 one_inf C_term_hi=139.1701978081370088288205862802592788494 [72/87]
  shell 89 one_inf C_term_hi=131.6650701277415531423931106888638564586 [73/87]
    shell 97: pairs 250000/45535504
    shell 94: pairs 250000/45535504
    shell 97: pairs 500000/45535504
    shell 94: pairs 500000/45535504
    shell 97: pairs 750000/45535504
    shell 94: pairs 750000/45535504
    shell 97: pairs 1000000/45535504
    shell 94: pairs 1000000/45535504
    shell 97: pairs 1250000/45535504
    shell 94: pairs 1250000/45535504
    shell 97: pairs 1500000/45535504
    shell 94: pairs 1500000/45535504
    shell 97: pairs 1750000/45535504
    shell 94: pairs 1750000/45535504
    shell 97: pairs 2000000/45535504
    shell 94: pairs 2000000/45535504
    shell 97: pairs 2250000/45535504
    shell 94: pairs 2250000/45535504
    shell 97: pairs 2500000/45535504
    shell 94: pairs 2500000/45535504
    shell 97: pairs 2750000/45535504
    shell 94: pairs 2750000/45535504
    shell 97: pairs 3000000/45535504
    shell 94: pairs 3000000/45535504
    shell 97: pairs 3250000/45535504
    shell 94: pairs 3250000/45535504
    shell 97: pairs 3500000/45535504
    shell 94: pairs 3500000/45535504
    shell 97: pairs 3750000/45535504
    shell 94: pairs 3750000/45535504
    shell 97: pairs 4000000/45535504
    shell 94: pairs 4000000/45535504
    shell 97: pairs 4250000/45535504
    shell 94: pairs 4250000/45535504
    shell 97: pairs 4500000/45535504
    shell 94: pairs 4500000/45535504
    shell 97: pairs 4750000/45535504
    shell 94: pairs 4750000/45535504
    shell 97: pairs 5000000/45535504
    shell 94: pairs 5000000/45535504
    shell 97: pairs 5250000/45535504
    shell 94: pairs 5250000/45535504
    shell 97: pairs 5500000/45535504
    shell 94: pairs 5500000/45535504
    shell 97: pairs 5750000/45535504
    shell 94: pairs 5750000/45535504
    shell 97: pairs 6000000/45535504
    shell 94: pairs 6000000/45535504
    shell 97: pairs 6250000/45535504
    shell 97: pairs 6500000/45535504
    shell 94: pairs 6250000/45535504
    shell 94: pairs 6500000/45535504
    shell 97: pairs 6750000/45535504
    shell 97: pairs 7000000/45535504
    shell 94: pairs 6750000/45535504
    shell 97: pairs 7250000/45535504
    shell 94: pairs 7000000/45535504
    shell 97: pairs 7500000/45535504
    shell 94: pairs 7250000/45535504
    shell 97: pairs 7750000/45535504
    shell 94: pairs 7500000/45535504
    shell 97: pairs 8000000/45535504
    shell 94: pairs 7750000/45535504
    shell 97: pairs 8250000/45535504
    shell 94: pairs 8000000/45535504
    shell 97: pairs 8500000/45535504
    shell 94: pairs 8250000/45535504
    shell 97: pairs 8750000/45535504
    shell 94: pairs 8500000/45535504
    shell 97: pairs 9000000/45535504
    shell 94: pairs 8750000/45535504
    shell 97: pairs 9250000/45535504
    shell 94: pairs 9000000/45535504
    shell 97: pairs 9500000/45535504
    shell 94: pairs 9250000/45535504
    shell 97: pairs 9750000/45535504
    shell 94: pairs 9500000/45535504
    shell 97: pairs 10000000/45535504
    shell 94: pairs 9750000/45535504
    shell 97: pairs 10250000/45535504
    shell 97: pairs 10500000/45535504
    shell 94: pairs 10000000/45535504
    shell 97: pairs 10750000/45535504
    shell 94: pairs 10250000/45535504
    shell 97: pairs 11000000/45535504
    shell 94: pairs 10500000/45535504
    shell 97: pairs 11250000/45535504
    shell 94: pairs 10750000/45535504
    shell 97: pairs 11500000/45535504
    shell 94: pairs 11000000/45535504
    shell 97: pairs 11750000/45535504
    shell 94: pairs 11250000/45535504
    shell 97: pairs 12000000/45535504
    shell 94: pairs 11500000/45535504
    shell 97: pairs 12250000/45535504
    shell 94: pairs 11750000/45535504
    shell 97: pairs 12500000/45535504
    shell 94: pairs 12000000/45535504
    shell 97: pairs 12750000/45535504
    shell 94: pairs 12250000/45535504
    shell 97: pairs 13000000/45535504
    shell 94: pairs 12500000/45535504
    shell 97: pairs 13250000/45535504
    shell 97: pairs 13500000/45535504
    shell 94: pairs 12750000/45535504
    shell 97: pairs 13750000/45535504
    shell 94: pairs 13000000/45535504
    shell 97: pairs 14000000/45535504
    shell 94: pairs 13250000/45535504
    shell 97: pairs 14250000/45535504
    shell 94: pairs 13500000/45535504
    shell 97: pairs 14500000/45535504
    shell 94: pairs 13750000/45535504
    shell 97: pairs 14750000/45535504
    shell 94: pairs 14000000/45535504
    shell 97: pairs 15000000/45535504
    shell 94: pairs 14250000/45535504
    shell 97: pairs 15250000/45535504
    shell 94: pairs 14500000/45535504
    shell 97: pairs 15500000/45535504
    shell 97: pairs 15750000/45535504
    shell 94: pairs 14750000/45535504
    shell 97: pairs 16000000/45535504
    shell 94: pairs 15000000/45535504
    shell 97: pairs 16250000/45535504
    shell 94: pairs 15250000/45535504
    shell 97: pairs 16500000/45535504
    shell 94: pairs 15500000/45535504
    shell 97: pairs 16750000/45535504
    shell 94: pairs 15750000/45535504
    shell 97: pairs 17000000/45535504
    shell 94: pairs 16000000/45535504
    shell 97: pairs 17250000/45535504
    shell 94: pairs 16250000/45535504
    shell 97: pairs 17500000/45535504
    shell 94: pairs 16500000/45535504
    shell 97: pairs 17750000/45535504
    shell 94: pairs 16750000/45535504
    shell 97: pairs 18000000/45535504
    shell 94: pairs 17000000/45535504
    shell 97: pairs 18250000/45535504
    shell 94: pairs 17250000/45535504
    shell 97: pairs 18500000/45535504
    shell 94: pairs 17500000/45535504
    shell 97: pairs 18750000/45535504
    shell 97: pairs 19000000/45535504
    shell 94: pairs 17750000/45535504
    shell 97: pairs 19250000/45535504
    shell 94: pairs 18000000/45535504
    shell 97: pairs 19500000/45535504
    shell 94: pairs 18250000/45535504
    shell 97: pairs 19750000/45535504
    shell 94: pairs 18500000/45535504
    shell 97: pairs 20000000/45535504
    shell 94: pairs 18750000/45535504
    shell 97: pairs 20250000/45535504
    shell 94: pairs 19000000/45535504
    shell 97: pairs 20500000/45535504
    shell 97: pairs 20750000/45535504
    shell 94: pairs 19250000/45535504
    shell 97: pairs 21000000/45535504
    shell 94: pairs 19500000/45535504
    shell 94: pairs 19750000/45535504
    shell 97: pairs 21250000/45535504
    shell 94: pairs 20000000/45535504
    shell 97: pairs 21500000/45535504
    shell 97: pairs 21750000/45535504
    shell 94: pairs 20250000/45535504
    shell 97: pairs 22000000/45535504
    shell 94: pairs 20500000/45535504
    shell 97: pairs 22250000/45535504
    shell 94: pairs 20750000/45535504
    shell 97: pairs 22500000/45535504
    shell 94: pairs 21000000/45535504
    shell 97: pairs 22750000/45535504
    shell 94: pairs 21250000/45535504
    shell 97: pairs 23000000/45535504
    shell 94: pairs 21500000/45535504
    shell 97: pairs 23250000/45535504
    shell 94: pairs 21750000/45535504
    shell 97: pairs 23500000/45535504
    shell 94: pairs 22000000/45535504
    shell 97: pairs 23750000/45535504
    shell 97: pairs 24000000/45535504
    shell 94: pairs 22250000/45535504
    shell 97: pairs 24250000/45535504
    shell 94: pairs 22500000/45535504
    shell 97: pairs 24500000/45535504
    shell 94: pairs 22750000/45535504
    shell 97: pairs 24750000/45535504
    shell 94: pairs 23000000/45535504
    shell 97: pairs 25000000/45535504
    shell 97: pairs 25250000/45535504
    shell 94: pairs 23250000/45535504
    shell 97: pairs 25500000/45535504
    shell 94: pairs 23500000/45535504
    shell 97: pairs 25750000/45535504
    shell 94: pairs 23750000/45535504
    shell 97: pairs 26000000/45535504
    shell 94: pairs 24000000/45535504
    shell 97: pairs 26250000/45535504
    shell 97: pairs 26500000/45535504
    shell 94: pairs 24250000/45535504
    shell 97: pairs 26750000/45535504
    shell 94: pairs 24500000/45535504
    shell 97: pairs 27000000/45535504
    shell 94: pairs 24750000/45535504
    shell 97: pairs 27250000/45535504
    shell 94: pairs 25000000/45535504
    shell 97: pairs 27500000/45535504
    shell 94: pairs 25250000/45535504
    shell 97: pairs 27750000/45535504
    shell 94: pairs 25500000/45535504
    shell 97: pairs 28000000/45535504
    shell 94: pairs 25750000/45535504
    shell 97: pairs 28250000/45535504
    shell 94: pairs 26000000/45535504
    shell 97: pairs 28500000/45535504
    shell 94: pairs 26250000/45535504
    shell 94: pairs 26500000/45535504
    shell 97: pairs 28750000/45535504
    shell 97: pairs 29000000/45535504
    shell 94: pairs 26750000/45535504
    shell 97: pairs 29250000/45535504
    shell 94: pairs 27000000/45535504
    shell 97: pairs 29500000/45535504
    shell 94: pairs 27250000/45535504
    shell 97: pairs 29750000/45535504
    shell 94: pairs 27500000/45535504
    shell 97: pairs 30000000/45535504
    shell 97: pairs 30250000/45535504
    shell 94: pairs 27750000/45535504
    shell 97: pairs 30500000/45535504
    shell 94: pairs 28000000/45535504
    shell 97: pairs 30750000/45535504
    shell 94: pairs 28250000/45535504
    shell 97: pairs 31000000/45535504
    shell 94: pairs 28500000/45535504
    shell 97: pairs 31250000/45535504
    shell 97: pairs 31500000/45535504
    shell 94: pairs 28750000/45535504
    shell 97: pairs 31750000/45535504
    shell 94: pairs 29000000/45535504
    shell 97: pairs 32000000/45535504
    shell 94: pairs 29250000/45535504
    shell 97: pairs 32250000/45535504
    shell 94: pairs 29500000/45535504
    shell 97: pairs 32500000/45535504
    shell 97: pairs 32750000/45535504
    shell 94: pairs 29750000/45535504
    shell 97: pairs 33000000/45535504
    shell 94: pairs 30000000/45535504
    shell 97: pairs 33250000/45535504
    shell 94: pairs 30250000/45535504
    shell 97: pairs 33500000/45535504
    shell 94: pairs 30500000/45535504
    shell 97: pairs 33750000/45535504
    shell 94: pairs 30750000/45535504
    shell 97: pairs 34000000/45535504
    shell 94: pairs 31000000/45535504
    shell 97: pairs 34250000/45535504
    shell 94: pairs 31250000/45535504
    shell 97: pairs 34500000/45535504
    shell 97: pairs 34750000/45535504
    shell 94: pairs 31500000/45535504
    shell 97: pairs 35000000/45535504
    shell 94: pairs 31750000/45535504
    shell 97: pairs 35250000/45535504
    shell 94: pairs 32000000/45535504
    shell 97: pairs 35500000/45535504
    shell 97: pairs 35750000/45535504
    shell 94: pairs 32250000/45535504
    shell 97: pairs 36000000/45535504
    shell 94: pairs 32500000/45535504
    shell 97: pairs 36250000/45535504
    shell 94: pairs 32750000/45535504
    shell 97: pairs 36500000/45535504
    shell 94: pairs 33000000/45535504
    shell 97: pairs 36750000/45535504
    shell 97: pairs 37000000/45535504
    shell 94: pairs 33250000/45535504
    shell 97: pairs 37250000/45535504
    shell 94: pairs 33500000/45535504
    shell 97: pairs 37500000/45535504
    shell 94: pairs 33750000/45535504
    shell 97: pairs 37750000/45535504
    shell 97: pairs 38000000/45535504
    shell 94: pairs 34000000/45535504
    shell 97: pairs 38250000/45535504
    shell 94: pairs 34250000/45535504
    shell 97: pairs 38500000/45535504
    shell 94: pairs 34500000/45535504
    shell 97: pairs 38750000/45535504
    shell 94: pairs 34750000/45535504
    shell 97: pairs 39000000/45535504
    shell 94: pairs 35000000/45535504
    shell 97: pairs 39250000/45535504
    shell 97: pairs 39500000/45535504
    shell 94: pairs 35250000/45535504
    shell 97: pairs 39750000/45535504
    shell 94: pairs 35500000/45535504
    shell 97: pairs 40000000/45535504
    shell 97: pairs 40250000/45535504
    shell 94: pairs 35750000/45535504
    shell 97: pairs 40500000/45535504
    shell 94: pairs 36000000/45535504
    shell 97: pairs 40750000/45535504
    shell 94: pairs 36250000/45535504
    shell 97: pairs 41000000/45535504
    shell 94: pairs 36500000/45535504
    shell 97: pairs 41250000/45535504
    shell 97: pairs 41500000/45535504
    shell 94: pairs 36750000/45535504
    shell 97: pairs 41750000/45535504
    shell 94: pairs 37000000/45535504
    shell 97: pairs 42000000/45535504
    shell 94: pairs 37250000/45535504
    shell 97: pairs 42250000/45535504
    shell 94: pairs 37500000/45535504
    shell 97: pairs 42500000/45535504
    shell 94: pairs 37750000/45535504
    shell 97: pairs 42750000/45535504
    shell 97: pairs 43000000/45535504
    shell 94: pairs 38000000/45535504
    shell 97: pairs 43250000/45535504
    shell 94: pairs 38250000/45535504
    shell 97: pairs 43500000/45535504
    shell 94: pairs 38500000/45535504
    shell 97: pairs 43750000/45535504
    shell 97: pairs 44000000/45535504
    shell 94: pairs 38750000/45535504
    shell 97: pairs 44250000/45535504
    shell 94: pairs 39000000/45535504
    shell 97: pairs 44500000/45535504
    shell 97: pairs 44750000/45535504
    shell 94: pairs 39250000/45535504
    shell 97: pairs 45000000/45535504
    shell 94: pairs 39500000/45535504
    shell 97: pairs 45250000/45535504
    shell 94: pairs 39750000/45535504
    shell 97: pairs 45500000/45535504
  shell 97 one_inf C_term_hi=135.1534287446731578919880726654690613114 [74/87]
    shell 94: pairs 40000000/45535504
    shell 94: pairs 40250000/45535504
    shell 94: pairs 40500000/45535504
    shell 94: pairs 40750000/45535504
    shell 94: pairs 41000000/45535504
    shell 94: pairs 41250000/45535504
    shell 94: pairs 41500000/45535504
    shell 94: pairs 41750000/45535504
    shell 94: pairs 42000000/45535504
    shell 94: pairs 42250000/45535504
    shell 94: pairs 42500000/45535504
    shell 94: pairs 42750000/45535504
    shell 94: pairs 43000000/45535504
    shell 94: pairs 43250000/45535504
    shell 94: pairs 43500000/45535504
    shell 94: pairs 43750000/45535504
    shell 94: pairs 44000000/45535504
    shell 94: pairs 44250000/45535504
    shell 94: pairs 44500000/45535504
    shell 94: pairs 44750000/45535504
    shell 94: pairs 45000000/45535504
    shell 94: pairs 45250000/45535504
    shell 94: pairs 45500000/45535504
  shell 94 one_inf C_term_hi=131.5194427823230491140078910595029985895 [75/87]
    shell 98: pairs 250000/45535504
    shell 99: pairs 250000/45535504
    shell 98: pairs 500000/45535504
    shell 99: pairs 500000/45535504
    shell 98: pairs 750000/45535504
    shell 99: pairs 750000/45535504
    shell 98: pairs 1000000/45535504
    shell 99: pairs 1000000/45535504
    shell 98: pairs 1250000/45535504
    shell 99: pairs 1250000/45535504
    shell 98: pairs 1500000/45535504
    shell 99: pairs 1500000/45535504
    shell 98: pairs 1750000/45535504
    shell 99: pairs 1750000/45535504
    shell 98: pairs 2000000/45535504
    shell 99: pairs 2000000/45535504
    shell 98: pairs 2250000/45535504
    shell 99: pairs 2250000/45535504
    shell 98: pairs 2500000/45535504
    shell 99: pairs 2500000/45535504
    shell 98: pairs 2750000/45535504
    shell 99: pairs 2750000/45535504
    shell 98: pairs 3000000/45535504
    shell 99: pairs 3000000/45535504
    shell 98: pairs 3250000/45535504
    shell 99: pairs 3250000/45535504
    shell 98: pairs 3500000/45535504
    shell 99: pairs 3500000/45535504
    shell 98: pairs 3750000/45535504
    shell 99: pairs 3750000/45535504
    shell 98: pairs 4000000/45535504
    shell 99: pairs 4000000/45535504
    shell 98: pairs 4250000/45535504
    shell 99: pairs 4250000/45535504
    shell 98: pairs 4500000/45535504
    shell 99: pairs 4500000/45535504
    shell 98: pairs 4750000/45535504
    shell 99: pairs 4750000/45535504
    shell 98: pairs 5000000/45535504
    shell 99: pairs 5000000/45535504
    shell 98: pairs 5250000/45535504
    shell 98: pairs 5500000/45535504
    shell 99: pairs 5250000/45535504
    shell 98: pairs 5750000/45535504
    shell 99: pairs 5500000/45535504
    shell 98: pairs 6000000/45535504
    shell 99: pairs 5750000/45535504
    shell 98: pairs 6250000/45535504
    shell 99: pairs 6000000/45535504
    shell 98: pairs 6500000/45535504
    shell 99: pairs 6250000/45535504
    shell 98: pairs 6750000/45535504
    shell 99: pairs 6500000/45535504
    shell 98: pairs 7000000/45535504
    shell 99: pairs 6750000/45535504
    shell 98: pairs 7250000/45535504
    shell 99: pairs 7000000/45535504
    shell 98: pairs 7500000/45535504
    shell 99: pairs 7250000/45535504
    shell 98: pairs 7750000/45535504
    shell 99: pairs 7500000/45535504
    shell 98: pairs 8000000/45535504
    shell 99: pairs 7750000/45535504
    shell 98: pairs 8250000/45535504
    shell 99: pairs 8000000/45535504
    shell 98: pairs 8500000/45535504
    shell 99: pairs 8250000/45535504
    shell 98: pairs 8750000/45535504
    shell 98: pairs 9000000/45535504
    shell 99: pairs 8500000/45535504
    shell 98: pairs 9250000/45535504
    shell 99: pairs 8750000/45535504
    shell 98: pairs 9500000/45535504
    shell 99: pairs 9000000/45535504
    shell 98: pairs 9750000/45535504
    shell 99: pairs 9250000/45535504
    shell 98: pairs 10000000/45535504
    shell 99: pairs 9500000/45535504
    shell 98: pairs 10250000/45535504
    shell 99: pairs 9750000/45535504
    shell 98: pairs 10500000/45535504
    shell 99: pairs 10000000/45535504
    shell 98: pairs 10750000/45535504
    shell 99: pairs 10250000/45535504
    shell 98: pairs 11000000/45535504
    shell 99: pairs 10500000/45535504
    shell 98: pairs 11250000/45535504
    shell 98: pairs 11500000/45535504
    shell 99: pairs 10750000/45535504
    shell 98: pairs 11750000/45535504
    shell 99: pairs 11000000/45535504
    shell 98: pairs 12000000/45535504
    shell 99: pairs 11250000/45535504
    shell 98: pairs 12250000/45535504
    shell 99: pairs 11500000/45535504
    shell 98: pairs 12500000/45535504
    shell 99: pairs 11750000/45535504
    shell 98: pairs 12750000/45535504
    shell 99: pairs 12000000/45535504
    shell 98: pairs 13000000/45535504
    shell 99: pairs 12250000/45535504
    shell 98: pairs 13250000/45535504
    shell 99: pairs 12500000/45535504
    shell 98: pairs 13500000/45535504
    shell 98: pairs 13750000/45535504
    shell 99: pairs 12750000/45535504
    shell 98: pairs 14000000/45535504
    shell 99: pairs 13000000/45535504
    shell 98: pairs 14250000/45535504
    shell 99: pairs 13250000/45535504
    shell 98: pairs 14500000/45535504
    shell 99: pairs 13500000/45535504
    shell 98: pairs 14750000/45535504
    shell 99: pairs 13750000/45535504
    shell 98: pairs 15000000/45535504
    shell 99: pairs 14000000/45535504
    shell 98: pairs 15250000/45535504
    shell 99: pairs 14250000/45535504
    shell 98: pairs 15500000/45535504
    shell 98: pairs 15750000/45535504
    shell 99: pairs 14500000/45535504
    shell 98: pairs 16000000/45535504
    shell 99: pairs 14750000/45535504
    shell 98: pairs 16250000/45535504
    shell 99: pairs 15000000/45535504
    shell 98: pairs 16500000/45535504
    shell 99: pairs 15250000/45535504
    shell 98: pairs 16750000/45535504
    shell 99: pairs 15500000/45535504
    shell 98: pairs 17000000/45535504
    shell 99: pairs 15750000/45535504
    shell 98: pairs 17250000/45535504
    shell 99: pairs 16000000/45535504
    shell 98: pairs 17500000/45535504
    shell 99: pairs 16250000/45535504
    shell 98: pairs 17750000/45535504
    shell 99: pairs 16500000/45535504
    shell 98: pairs 18000000/45535504
    shell 98: pairs 18250000/45535504
    shell 99: pairs 16750000/45535504
    shell 98: pairs 18500000/45535504
    shell 99: pairs 17000000/45535504
    shell 98: pairs 18750000/45535504
    shell 99: pairs 17250000/45535504
    shell 98: pairs 19000000/45535504
    shell 99: pairs 17500000/45535504
    shell 98: pairs 19250000/45535504
    shell 99: pairs 17750000/45535504
    shell 98: pairs 19500000/45535504
    shell 99: pairs 18000000/45535504
    shell 98: pairs 19750000/45535504
    shell 98: pairs 20000000/45535504
    shell 99: pairs 18250000/45535504
    shell 98: pairs 20250000/45535504
    shell 99: pairs 18500000/45535504
    shell 98: pairs 20500000/45535504
    shell 99: pairs 18750000/45535504
    shell 98: pairs 20750000/45535504
    shell 99: pairs 19000000/45535504
    shell 98: pairs 21000000/45535504
    shell 99: pairs 19250000/45535504
    shell 98: pairs 21250000/45535504
    shell 99: pairs 19500000/45535504
    shell 98: pairs 21500000/45535504
    shell 99: pairs 19750000/45535504
    shell 98: pairs 21750000/45535504
    shell 99: pairs 20000000/45535504
    shell 98: pairs 22000000/45535504
    shell 99: pairs 20250000/45535504
    shell 98: pairs 22250000/45535504
    shell 98: pairs 22500000/45535504
    shell 99: pairs 20500000/45535504
    shell 98: pairs 22750000/45535504
    shell 99: pairs 20750000/45535504
    shell 98: pairs 23000000/45535504
    shell 99: pairs 21000000/45535504
    shell 98: pairs 23250000/45535504
    shell 99: pairs 21250000/45535504
    shell 98: pairs 23500000/45535504
    shell 99: pairs 21500000/45535504
    shell 98: pairs 23750000/45535504
    shell 98: pairs 24000000/45535504
    shell 99: pairs 21750000/45535504
    shell 98: pairs 24250000/45535504
    shell 99: pairs 22000000/45535504
    shell 98: pairs 24500000/45535504
    shell 99: pairs 22250000/45535504
    shell 98: pairs 24750000/45535504
    shell 99: pairs 22500000/45535504
    shell 98: pairs 25000000/45535504
    shell 98: pairs 25250000/45535504
    shell 99: pairs 22750000/45535504
    shell 98: pairs 25500000/45535504
    shell 99: pairs 23000000/45535504
    shell 98: pairs 25750000/45535504
    shell 99: pairs 23250000/45535504
    shell 98: pairs 26000000/45535504
    shell 99: pairs 23500000/45535504
    shell 98: pairs 26250000/45535504
    shell 98: pairs 26500000/45535504
    shell 99: pairs 23750000/45535504
    shell 98: pairs 26750000/45535504
    shell 99: pairs 24000000/45535504
    shell 98: pairs 27000000/45535504
    shell 99: pairs 24250000/45535504
    shell 98: pairs 27250000/45535504
    shell 99: pairs 24500000/45535504
    shell 98: pairs 27500000/45535504
    shell 99: pairs 24750000/45535504
    shell 98: pairs 27750000/45535504
    shell 99: pairs 25000000/45535504
    shell 98: pairs 28000000/45535504
    shell 99: pairs 25250000/45535504
    shell 98: pairs 28250000/45535504
    shell 99: pairs 25500000/45535504
    shell 98: pairs 28500000/45535504
    shell 99: pairs 25750000/45535504
    shell 98: pairs 28750000/45535504
    shell 99: pairs 26000000/45535504
    shell 98: pairs 29000000/45535504
    shell 99: pairs 26250000/45535504
    shell 98: pairs 29250000/45535504
    shell 99: pairs 26500000/45535504
    shell 98: pairs 29500000/45535504
    shell 98: pairs 29750000/45535504
    shell 99: pairs 26750000/45535504
    shell 98: pairs 30000000/45535504
    shell 99: pairs 27000000/45535504
    shell 98: pairs 30250000/45535504
    shell 99: pairs 27250000/45535504
    shell 98: pairs 30500000/45535504
    shell 99: pairs 27500000/45535504
    shell 98: pairs 30750000/45535504
    shell 98: pairs 31000000/45535504
    shell 99: pairs 27750000/45535504
    shell 98: pairs 31250000/45535504
    shell 99: pairs 28000000/45535504
    shell 98: pairs 31500000/45535504
    shell 98: pairs 31750000/45535504
    shell 99: pairs 28250000/45535504
    shell 98: pairs 32000000/45535504
    shell 99: pairs 28500000/45535504
    shell 98: pairs 32250000/45535504
    shell 99: pairs 28750000/45535504
    shell 98: pairs 32500000/45535504
    shell 99: pairs 29000000/45535504
    shell 98: pairs 32750000/45535504
    shell 98: pairs 33000000/45535504
    shell 99: pairs 29250000/45535504
    shell 98: pairs 33250000/45535504
    shell 99: pairs 29500000/45535504
    shell 98: pairs 33500000/45535504
    shell 99: pairs 29750000/45535504
    shell 98: pairs 33750000/45535504
    shell 99: pairs 30000000/45535504
    shell 98: pairs 34000000/45535504
    shell 99: pairs 30250000/45535504
    shell 98: pairs 34250000/45535504
    shell 98: pairs 34500000/45535504
    shell 99: pairs 30500000/45535504
    shell 98: pairs 34750000/45535504
    shell 99: pairs 30750000/45535504
    shell 98: pairs 35000000/45535504
    shell 99: pairs 31000000/45535504
    shell 98: pairs 35250000/45535504
    shell 98: pairs 35500000/45535504
    shell 99: pairs 31250000/45535504
    shell 98: pairs 35750000/45535504
    shell 99: pairs 31500000/45535504
    shell 98: pairs 36000000/45535504
    shell 99: pairs 31750000/45535504
    shell 98: pairs 36250000/45535504
    shell 98: pairs 36500000/45535504
    shell 99: pairs 32000000/45535504
    shell 98: pairs 36750000/45535504
    shell 99: pairs 32250000/45535504
    shell 98: pairs 37000000/45535504
    shell 99: pairs 32500000/45535504
    shell 98: pairs 37250000/45535504
    shell 98: pairs 37500000/45535504
    shell 99: pairs 32750000/45535504
    shell 98: pairs 37750000/45535504
    shell 99: pairs 33000000/45535504
    shell 98: pairs 38000000/45535504
    shell 98: pairs 38250000/45535504
    shell 99: pairs 33250000/45535504
    shell 98: pairs 38500000/45535504
    shell 99: pairs 33500000/45535504
    shell 98: pairs 38750000/45535504
    shell 99: pairs 33750000/45535504
    shell 98: pairs 39000000/45535504
    shell 99: pairs 34000000/45535504
    shell 98: pairs 39250000/45535504
    shell 98: pairs 39500000/45535504
    shell 99: pairs 34250000/45535504
    shell 98: pairs 39750000/45535504
    shell 99: pairs 34500000/45535504
    shell 98: pairs 40000000/45535504
    shell 99: pairs 34750000/45535504
    shell 98: pairs 40250000/45535504
    shell 98: pairs 40500000/45535504
    shell 99: pairs 35000000/45535504
    shell 98: pairs 40750000/45535504
    shell 99: pairs 35250000/45535504
    shell 98: pairs 41000000/45535504
    shell 99: pairs 35500000/45535504
    shell 98: pairs 41250000/45535504
    shell 98: pairs 41500000/45535504
    shell 99: pairs 35750000/45535504
    shell 98: pairs 41750000/45535504
    shell 99: pairs 36000000/45535504
    shell 98: pairs 42000000/45535504
    shell 98: pairs 42250000/45535504
    shell 99: pairs 36250000/45535504
    shell 98: pairs 42500000/45535504
    shell 99: pairs 36500000/45535504
    shell 98: pairs 42750000/45535504
    shell 98: pairs 43000000/45535504
    shell 99: pairs 36750000/45535504
    shell 98: pairs 43250000/45535504
    shell 99: pairs 37000000/45535504
    shell 98: pairs 43500000/45535504
    shell 99: pairs 37250000/45535504
    shell 98: pairs 43750000/45535504
    shell 99: pairs 37500000/45535504
    shell 98: pairs 44000000/45535504
    shell 98: pairs 44250000/45535504
    shell 99: pairs 37750000/45535504
    shell 98: pairs 44500000/45535504
    shell 99: pairs 38000000/45535504
    shell 98: pairs 44750000/45535504
    shell 98: pairs 45000000/45535504
    shell 99: pairs 38250000/45535504
    shell 98: pairs 45250000/45535504
    shell 99: pairs 38500000/45535504
    shell 98: pairs 45500000/45535504
  shell 98 one_inf C_term_hi=130.8710799278109416098414278881451745065 [76/87]
    shell 99: pairs 38750000/45535504
    shell 99: pairs 39000000/45535504
    shell 99: pairs 39250000/45535504
    shell 99: pairs 39500000/45535504
    shell 99: pairs 39750000/45535504
    shell 99: pairs 40000000/45535504
    shell 99: pairs 40250000/45535504
    shell 99: pairs 40500000/45535504
    shell 99: pairs 40750000/45535504
    shell 99: pairs 41000000/45535504
    shell 99: pairs 41250000/45535504
    shell 99: pairs 41500000/45535504
    shell 99: pairs 41750000/45535504
    shell 99: pairs 42000000/45535504
    shell 99: pairs 42250000/45535504
    shell 99: pairs 42500000/45535504
    shell 99: pairs 42750000/45535504
    shell 99: pairs 43000000/45535504
    shell 99: pairs 43250000/45535504
    shell 99: pairs 43500000/45535504
    shell 99: pairs 43750000/45535504
    shell 99: pairs 44000000/45535504
    shell 99: pairs 44250000/45535504
    shell 99: pairs 44500000/45535504
    shell 99: pairs 44750000/45535504
    shell 99: pairs 45000000/45535504
    shell 99: pairs 45250000/45535504
    shell 99: pairs 45500000/45535504
  shell 99 one_inf C_term_hi=129.4234154428651564520271630988804824807 [77/87]
    shell 102: pairs 250000/45535504
    shell 101: pairs 250000/45535504
    shell 102: pairs 500000/45535504
    shell 101: pairs 500000/45535504
    shell 102: pairs 750000/45535504
    shell 101: pairs 750000/45535504
    shell 102: pairs 1000000/45535504
    shell 101: pairs 1000000/45535504
    shell 102: pairs 1250000/45535504
    shell 101: pairs 1250000/45535504
    shell 102: pairs 1500000/45535504
    shell 101: pairs 1500000/45535504
    shell 102: pairs 1750000/45535504
    shell 101: pairs 1750000/45535504
    shell 102: pairs 2000000/45535504
    shell 101: pairs 2000000/45535504
    shell 102: pairs 2250000/45535504
    shell 101: pairs 2250000/45535504
    shell 102: pairs 2500000/45535504
    shell 101: pairs 2500000/45535504
    shell 102: pairs 2750000/45535504
    shell 101: pairs 2750000/45535504
    shell 102: pairs 3000000/45535504
    shell 101: pairs 3000000/45535504
    shell 102: pairs 3250000/45535504
    shell 101: pairs 3250000/45535504
    shell 102: pairs 3500000/45535504
    shell 101: pairs 3500000/45535504
    shell 102: pairs 3750000/45535504
    shell 101: pairs 3750000/45535504
    shell 102: pairs 4000000/45535504
    shell 101: pairs 4000000/45535504
    shell 102: pairs 4250000/45535504
    shell 101: pairs 4250000/45535504
    shell 102: pairs 4500000/45535504
    shell 101: pairs 4500000/45535504
    shell 102: pairs 4750000/45535504
    shell 101: pairs 4750000/45535504
    shell 102: pairs 5000000/45535504
    shell 101: pairs 5000000/45535504
    shell 102: pairs 5250000/45535504
    shell 101: pairs 5250000/45535504
    shell 102: pairs 5500000/45535504
    shell 101: pairs 5500000/45535504
    shell 102: pairs 5750000/45535504
    shell 101: pairs 5750000/45535504
    shell 102: pairs 6000000/45535504
    shell 101: pairs 6000000/45535504
    shell 102: pairs 6250000/45535504
    shell 102: pairs 6500000/45535504
    shell 101: pairs 6250000/45535504
    shell 101: pairs 6500000/45535504
    shell 102: pairs 6750000/45535504
    shell 102: pairs 7000000/45535504
    shell 101: pairs 6750000/45535504
    shell 101: pairs 7000000/45535504
    shell 102: pairs 7250000/45535504
    shell 102: pairs 7500000/45535504
    shell 101: pairs 7250000/45535504
    shell 102: pairs 7750000/45535504
    shell 101: pairs 7500000/45535504
    shell 102: pairs 8000000/45535504
    shell 101: pairs 7750000/45535504
    shell 102: pairs 8250000/45535504
    shell 101: pairs 8000000/45535504
    shell 102: pairs 8500000/45535504
    shell 101: pairs 8250000/45535504
    shell 102: pairs 8750000/45535504
    shell 101: pairs 8500000/45535504
    shell 102: pairs 9000000/45535504
    shell 101: pairs 8750000/45535504
    shell 102: pairs 9250000/45535504
    shell 101: pairs 9000000/45535504
    shell 102: pairs 9500000/45535504
    shell 101: pairs 9250000/45535504
    shell 102: pairs 9750000/45535504
    shell 101: pairs 9500000/45535504
    shell 102: pairs 10000000/45535504
    shell 101: pairs 9750000/45535504
    shell 102: pairs 10250000/45535504
    shell 101: pairs 10000000/45535504
    shell 102: pairs 10500000/45535504
    shell 101: pairs 10250000/45535504
    shell 102: pairs 10750000/45535504
    shell 101: pairs 10500000/45535504
    shell 102: pairs 11000000/45535504
    shell 102: pairs 11250000/45535504
    shell 101: pairs 10750000/45535504
    shell 102: pairs 11500000/45535504
    shell 101: pairs 11000000/45535504
    shell 102: pairs 11750000/45535504
    shell 101: pairs 11250000/45535504
    shell 102: pairs 12000000/45535504
    shell 101: pairs 11500000/45535504
    shell 102: pairs 12250000/45535504
    shell 101: pairs 11750000/45535504
    shell 102: pairs 12500000/45535504
    shell 101: pairs 12000000/45535504
    shell 102: pairs 12750000/45535504
    shell 101: pairs 12250000/45535504
    shell 102: pairs 13000000/45535504
    shell 101: pairs 12500000/45535504
    shell 102: pairs 13250000/45535504
    shell 101: pairs 12750000/45535504
    shell 102: pairs 13500000/45535504
    shell 101: pairs 13000000/45535504
    shell 102: pairs 13750000/45535504
    shell 101: pairs 13250000/45535504
    shell 102: pairs 14000000/45535504
    shell 101: pairs 13500000/45535504
    shell 102: pairs 14250000/45535504
    shell 101: pairs 13750000/45535504
    shell 102: pairs 14500000/45535504
    shell 101: pairs 14000000/45535504
    shell 102: pairs 14750000/45535504
    shell 102: pairs 15000000/45535504
    shell 101: pairs 14250000/45535504
    shell 102: pairs 15250000/45535504
    shell 101: pairs 14500000/45535504
    shell 102: pairs 15500000/45535504
    shell 101: pairs 14750000/45535504
    shell 102: pairs 15750000/45535504
    shell 101: pairs 15000000/45535504
    shell 102: pairs 16000000/45535504
    shell 101: pairs 15250000/45535504
    shell 102: pairs 16250000/45535504
    shell 101: pairs 15500000/45535504
    shell 102: pairs 16500000/45535504
    shell 101: pairs 15750000/45535504
    shell 102: pairs 16750000/45535504
    shell 101: pairs 16000000/45535504
    shell 102: pairs 17000000/45535504
    shell 101: pairs 16250000/45535504
    shell 102: pairs 17250000/45535504
    shell 101: pairs 16500000/45535504
    shell 102: pairs 17500000/45535504
    shell 101: pairs 16750000/45535504
    shell 102: pairs 17750000/45535504
    shell 101: pairs 17000000/45535504
    shell 102: pairs 18000000/45535504
    shell 102: pairs 18250000/45535504
    shell 101: pairs 17250000/45535504
    shell 102: pairs 18500000/45535504
    shell 101: pairs 17500000/45535504
    shell 102: pairs 18750000/45535504
    shell 101: pairs 17750000/45535504
    shell 102: pairs 19000000/45535504
    shell 101: pairs 18000000/45535504
    shell 102: pairs 19250000/45535504
    shell 101: pairs 18250000/45535504
    shell 102: pairs 19500000/45535504
    shell 101: pairs 18500000/45535504
    shell 102: pairs 19750000/45535504
    shell 101: pairs 18750000/45535504
    shell 102: pairs 20000000/45535504
    shell 101: pairs 19000000/45535504
    shell 102: pairs 20250000/45535504
    shell 102: pairs 20500000/45535504
    shell 101: pairs 19250000/45535504
    shell 102: pairs 20750000/45535504
    shell 101: pairs 19500000/45535504
    shell 102: pairs 21000000/45535504
    shell 101: pairs 19750000/45535504
    shell 101: pairs 20000000/45535504
    shell 102: pairs 21250000/45535504
    shell 102: pairs 21500000/45535504
    shell 101: pairs 20250000/45535504
    shell 102: pairs 21750000/45535504
    shell 101: pairs 20500000/45535504
    shell 102: pairs 22000000/45535504
    shell 101: pairs 20750000/45535504
    shell 102: pairs 22250000/45535504
    shell 101: pairs 21000000/45535504
    shell 102: pairs 22500000/45535504
    shell 101: pairs 21250000/45535504
    shell 102: pairs 22750000/45535504
    shell 101: pairs 21500000/45535504
    shell 102: pairs 23000000/45535504
    shell 101: pairs 21750000/45535504
    shell 102: pairs 23250000/45535504
    shell 101: pairs 22000000/45535504
    shell 102: pairs 23500000/45535504
    shell 101: pairs 22250000/45535504
    shell 102: pairs 23750000/45535504
    shell 102: pairs 24000000/45535504
    shell 101: pairs 22500000/45535504
    shell 102: pairs 24250000/45535504
    shell 101: pairs 22750000/45535504
    shell 102: pairs 24500000/45535504
    shell 101: pairs 23000000/45535504
    shell 102: pairs 24750000/45535504
    shell 101: pairs 23250000/45535504
    shell 102: pairs 25000000/45535504
    shell 101: pairs 23500000/45535504
    shell 102: pairs 25250000/45535504
    shell 102: pairs 25500000/45535504
    shell 101: pairs 23750000/45535504
    shell 102: pairs 25750000/45535504
    shell 101: pairs 24000000/45535504
    shell 102: pairs 26000000/45535504
    shell 101: pairs 24250000/45535504
    shell 102: pairs 26250000/45535504
    shell 101: pairs 24500000/45535504
    shell 102: pairs 26500000/45535504
    shell 101: pairs 24750000/45535504
    shell 102: pairs 26750000/45535504
    shell 101: pairs 25000000/45535504
    shell 102: pairs 27000000/45535504
    shell 101: pairs 25250000/45535504
    shell 102: pairs 27250000/45535504
    shell 101: pairs 25500000/45535504
    shell 102: pairs 27500000/45535504
    shell 101: pairs 25750000/45535504
    shell 102: pairs 27750000/45535504
    shell 101: pairs 26000000/45535504
    shell 102: pairs 28000000/45535504
    shell 101: pairs 26250000/45535504
    shell 102: pairs 28250000/45535504
    shell 101: pairs 26500000/45535504
    shell 102: pairs 28500000/45535504
    shell 101: pairs 26750000/45535504
    shell 102: pairs 28750000/45535504
    shell 101: pairs 27000000/45535504
    shell 102: pairs 29000000/45535504
    shell 101: pairs 27250000/45535504
    shell 102: pairs 29250000/45535504
    shell 101: pairs 27500000/45535504
    shell 102: pairs 29500000/45535504
    shell 102: pairs 29750000/45535504
    shell 101: pairs 27750000/45535504
    shell 102: pairs 30000000/45535504
    shell 101: pairs 28000000/45535504
    shell 102: pairs 30250000/45535504
    shell 101: pairs 28250000/45535504
    shell 102: pairs 30500000/45535504
    shell 101: pairs 28500000/45535504
    shell 102: pairs 30750000/45535504
    shell 102: pairs 31000000/45535504
    shell 101: pairs 28750000/45535504
    shell 101: pairs 29000000/45535504
    shell 102: pairs 31250000/45535504
    shell 102: pairs 31500000/45535504
    shell 101: pairs 29250000/45535504
    shell 102: pairs 31750000/45535504
    shell 101: pairs 29500000/45535504
    shell 102: pairs 32000000/45535504
    shell 102: pairs 32250000/45535504
    shell 101: pairs 29750000/45535504
    shell 102: pairs 32500000/45535504
    shell 101: pairs 30000000/45535504
    shell 101: pairs 30250000/45535504
    shell 102: pairs 32750000/45535504
    shell 102: pairs 33000000/45535504
    shell 101: pairs 30500000/45535504
    shell 102: pairs 33250000/45535504
    shell 101: pairs 30750000/45535504
    shell 102: pairs 33500000/45535504
    shell 101: pairs 31000000/45535504
    shell 102: pairs 33750000/45535504
    shell 101: pairs 31250000/45535504
    shell 102: pairs 34000000/45535504
    shell 101: pairs 31500000/45535504
    shell 102: pairs 34250000/45535504
    shell 102: pairs 34500000/45535504
    shell 101: pairs 31750000/45535504
    shell 102: pairs 34750000/45535504
    shell 101: pairs 32000000/45535504
    shell 102: pairs 35000000/45535504
    shell 101: pairs 32250000/45535504
    shell 102: pairs 35250000/45535504
    shell 101: pairs 32500000/45535504
    shell 102: pairs 35500000/45535504
    shell 101: pairs 32750000/45535504
    shell 102: pairs 35750000/45535504
    shell 102: pairs 36000000/45535504
    shell 101: pairs 33000000/45535504
    shell 102: pairs 36250000/45535504
    shell 101: pairs 33250000/45535504
    shell 102: pairs 36500000/45535504
    shell 101: pairs 33500000/45535504
    shell 102: pairs 36750000/45535504
    shell 101: pairs 33750000/45535504
    shell 102: pairs 37000000/45535504
    shell 101: pairs 34000000/45535504
    shell 102: pairs 37250000/45535504
    shell 102: pairs 37500000/45535504
    shell 101: pairs 34250000/45535504
    shell 102: pairs 37750000/45535504
    shell 101: pairs 34500000/45535504
    shell 102: pairs 38000000/45535504
    shell 101: pairs 34750000/45535504
    shell 102: pairs 38250000/45535504
    shell 101: pairs 35000000/45535504
    shell 102: pairs 38500000/45535504
    shell 101: pairs 35250000/45535504
    shell 102: pairs 38750000/45535504
    shell 102: pairs 39000000/45535504
    shell 101: pairs 35500000/45535504
    shell 102: pairs 39250000/45535504
    shell 101: pairs 35750000/45535504
    shell 102: pairs 39500000/45535504
    shell 101: pairs 36000000/45535504
    shell 102: pairs 39750000/45535504
    shell 101: pairs 36250000/45535504
    shell 102: pairs 40000000/45535504
    shell 101: pairs 36500000/45535504
    shell 102: pairs 40250000/45535504
    shell 102: pairs 40500000/45535504
    shell 101: pairs 36750000/45535504
    shell 102: pairs 40750000/45535504
    shell 101: pairs 37000000/45535504
    shell 102: pairs 41000000/45535504
    shell 101: pairs 37250000/45535504
    shell 102: pairs 41250000/45535504
    shell 101: pairs 37500000/45535504
    shell 102: pairs 41500000/45535504
    shell 101: pairs 37750000/45535504
    shell 102: pairs 41750000/45535504
    shell 101: pairs 38000000/45535504
    shell 102: pairs 42000000/45535504
    shell 101: pairs 38250000/45535504
    shell 102: pairs 42250000/45535504
    shell 102: pairs 42500000/45535504
    shell 101: pairs 38500000/45535504
    shell 102: pairs 42750000/45535504
    shell 101: pairs 38750000/45535504
    shell 102: pairs 43000000/45535504
    shell 101: pairs 39000000/45535504
    shell 102: pairs 43250000/45535504
    shell 101: pairs 39250000/45535504
    shell 102: pairs 43500000/45535504
    shell 102: pairs 43750000/45535504
    shell 101: pairs 39500000/45535504
    shell 102: pairs 44000000/45535504
    shell 101: pairs 39750000/45535504
    shell 102: pairs 44250000/45535504
    shell 101: pairs 40000000/45535504
    shell 102: pairs 44500000/45535504
    shell 102: pairs 44750000/45535504
    shell 101: pairs 40250000/45535504
    shell 102: pairs 45000000/45535504
    shell 101: pairs 40500000/45535504
    shell 102: pairs 45250000/45535504
    shell 102: pairs 45500000/45535504
  shell 102 one_inf C_term_hi=124.1836151525944602953478072588090150417 [78/87]
    shell 101: pairs 40750000/45535504
    shell 101: pairs 41000000/45535504
    shell 101: pairs 41250000/45535504
    shell 101: pairs 41500000/45535504
    shell 101: pairs 41750000/45535504
    shell 101: pairs 42000000/45535504
    shell 101: pairs 42250000/45535504
    shell 101: pairs 42500000/45535504
    shell 101: pairs 42750000/45535504
    shell 101: pairs 43000000/45535504
    shell 101: pairs 43250000/45535504
    shell 101: pairs 43500000/45535504
    shell 101: pairs 43750000/45535504
    shell 101: pairs 44000000/45535504
    shell 101: pairs 44250000/45535504
    shell 101: pairs 44500000/45535504
    shell 101: pairs 44750000/45535504
    shell 101: pairs 45000000/45535504
    shell 101: pairs 45250000/45535504
    shell 101: pairs 45500000/45535504
  shell 101 one_inf C_term_hi=132.4457227635308605958463157858561057634 [79/87]
    shell 108: pairs 250000/45535504
    shell 107: pairs 250000/45535504
    shell 108: pairs 500000/45535504
    shell 107: pairs 500000/45535504
    shell 108: pairs 750000/45535504
    shell 107: pairs 750000/45535504
    shell 108: pairs 1000000/45535504
    shell 107: pairs 1000000/45535504
    shell 108: pairs 1250000/45535504
    shell 107: pairs 1250000/45535504
    shell 108: pairs 1500000/45535504
    shell 107: pairs 1500000/45535504
    shell 108: pairs 1750000/45535504
    shell 107: pairs 1750000/45535504
    shell 108: pairs 2000000/45535504
    shell 107: pairs 2000000/45535504
    shell 108: pairs 2250000/45535504
    shell 107: pairs 2250000/45535504
    shell 108: pairs 2500000/45535504
    shell 107: pairs 2500000/45535504
    shell 108: pairs 2750000/45535504
    shell 107: pairs 2750000/45535504
    shell 108: pairs 3000000/45535504
    shell 107: pairs 3000000/45535504
    shell 108: pairs 3250000/45535504
    shell 107: pairs 3250000/45535504
    shell 108: pairs 3500000/45535504
    shell 107: pairs 3500000/45535504
    shell 108: pairs 3750000/45535504
    shell 107: pairs 3750000/45535504
    shell 108: pairs 4000000/45535504
    shell 107: pairs 4000000/45535504
    shell 108: pairs 4250000/45535504
    shell 107: pairs 4250000/45535504
    shell 108: pairs 4500000/45535504
    shell 107: pairs 4500000/45535504
    shell 108: pairs 4750000/45535504
    shell 107: pairs 4750000/45535504
    shell 108: pairs 5000000/45535504
    shell 107: pairs 5000000/45535504
    shell 108: pairs 5250000/45535504
    shell 107: pairs 5250000/45535504
    shell 108: pairs 5500000/45535504
    shell 107: pairs 5500000/45535504
    shell 108: pairs 5750000/45535504
    shell 107: pairs 5750000/45535504
    shell 108: pairs 6000000/45535504
    shell 107: pairs 6000000/45535504
    shell 108: pairs 6250000/45535504
    shell 107: pairs 6250000/45535504
    shell 108: pairs 6500000/45535504
    shell 107: pairs 6500000/45535504
    shell 108: pairs 6750000/45535504
    shell 107: pairs 6750000/45535504
    shell 108: pairs 7000000/45535504
    shell 107: pairs 7000000/45535504
    shell 108: pairs 7250000/45535504
    shell 107: pairs 7250000/45535504
    shell 108: pairs 7500000/45535504
    shell 107: pairs 7500000/45535504
    shell 108: pairs 7750000/45535504
    shell 107: pairs 7750000/45535504
    shell 108: pairs 8000000/45535504
    shell 107: pairs 8000000/45535504
    shell 108: pairs 8250000/45535504
    shell 107: pairs 8250000/45535504
    shell 108: pairs 8500000/45535504
    shell 107: pairs 8500000/45535504
    shell 108: pairs 8750000/45535504
    shell 107: pairs 8750000/45535504
    shell 108: pairs 9000000/45535504
    shell 107: pairs 9000000/45535504
    shell 108: pairs 9250000/45535504
    shell 107: pairs 9250000/45535504
    shell 108: pairs 9500000/45535504
    shell 107: pairs 9500000/45535504
    shell 108: pairs 9750000/45535504
    shell 107: pairs 9750000/45535504
    shell 108: pairs 10000000/45535504
    shell 107: pairs 10000000/45535504
    shell 108: pairs 10250000/45535504
    shell 108: pairs 10500000/45535504
    shell 107: pairs 10250000/45535504
    shell 107: pairs 10500000/45535504
    shell 108: pairs 10750000/45535504
    shell 108: pairs 11000000/45535504
    shell 107: pairs 10750000/45535504
    shell 108: pairs 11250000/45535504
    shell 107: pairs 11000000/45535504
    shell 108: pairs 11500000/45535504
    shell 107: pairs 11250000/45535504
    shell 108: pairs 11750000/45535504
    shell 107: pairs 11500000/45535504
    shell 108: pairs 12000000/45535504
    shell 107: pairs 11750000/45535504
    shell 108: pairs 12250000/45535504
    shell 107: pairs 12000000/45535504
    shell 108: pairs 12500000/45535504
    shell 107: pairs 12250000/45535504
    shell 108: pairs 12750000/45535504
    shell 107: pairs 12500000/45535504
    shell 108: pairs 13000000/45535504
    shell 107: pairs 12750000/45535504
    shell 108: pairs 13250000/45535504
    shell 107: pairs 13000000/45535504
    shell 108: pairs 13500000/45535504
    shell 107: pairs 13250000/45535504
    shell 108: pairs 13750000/45535504
    shell 107: pairs 13500000/45535504
    shell 108: pairs 14000000/45535504
    shell 107: pairs 13750000/45535504
    shell 108: pairs 14250000/45535504
    shell 107: pairs 14000000/45535504
    shell 108: pairs 14500000/45535504
    shell 107: pairs 14250000/45535504
    shell 108: pairs 14750000/45535504
    shell 107: pairs 14500000/45535504
    shell 108: pairs 15000000/45535504
    shell 107: pairs 14750000/45535504
    shell 108: pairs 15250000/45535504
    shell 107: pairs 15000000/45535504
    shell 108: pairs 15500000/45535504
    shell 107: pairs 15250000/45535504
    shell 108: pairs 15750000/45535504
    shell 107: pairs 15500000/45535504
    shell 108: pairs 16000000/45535504
    shell 107: pairs 15750000/45535504
    shell 108: pairs 16250000/45535504
    shell 108: pairs 16500000/45535504
    shell 107: pairs 16000000/45535504
    shell 108: pairs 16750000/45535504
    shell 107: pairs 16250000/45535504
    shell 108: pairs 17000000/45535504
    shell 107: pairs 16500000/45535504
    shell 108: pairs 17250000/45535504
    shell 107: pairs 16750000/45535504
    shell 108: pairs 17500000/45535504
    shell 107: pairs 17000000/45535504
    shell 108: pairs 17750000/45535504
    shell 107: pairs 17250000/45535504
    shell 108: pairs 18000000/45535504
    shell 107: pairs 17500000/45535504
    shell 108: pairs 18250000/45535504
    shell 107: pairs 17750000/45535504
    shell 108: pairs 18500000/45535504
    shell 107: pairs 18000000/45535504
    shell 108: pairs 18750000/45535504
    shell 107: pairs 18250000/45535504
    shell 108: pairs 19000000/45535504
    shell 107: pairs 18500000/45535504
    shell 108: pairs 19250000/45535504
    shell 107: pairs 18750000/45535504
    shell 108: pairs 19500000/45535504
    shell 107: pairs 19000000/45535504
    shell 108: pairs 19750000/45535504
    shell 107: pairs 19250000/45535504
    shell 108: pairs 20000000/45535504
    shell 107: pairs 19500000/45535504
    shell 108: pairs 20250000/45535504
    shell 107: pairs 19750000/45535504
    shell 108: pairs 20500000/45535504
    shell 107: pairs 20000000/45535504
    shell 108: pairs 20750000/45535504
    shell 107: pairs 20250000/45535504
    shell 108: pairs 21000000/45535504
    shell 107: pairs 20500000/45535504
    shell 108: pairs 21250000/45535504
    shell 107: pairs 20750000/45535504
    shell 108: pairs 21500000/45535504
    shell 107: pairs 21000000/45535504
    shell 108: pairs 21750000/45535504
    shell 108: pairs 22000000/45535504
    shell 107: pairs 21250000/45535504
    shell 108: pairs 22250000/45535504
    shell 107: pairs 21500000/45535504
    shell 108: pairs 22500000/45535504
    shell 107: pairs 21750000/45535504
    shell 108: pairs 22750000/45535504
    shell 107: pairs 22000000/45535504
    shell 108: pairs 23000000/45535504
    shell 107: pairs 22250000/45535504
    shell 108: pairs 23250000/45535504
    shell 107: pairs 22500000/45535504
    shell 108: pairs 23500000/45535504
    shell 107: pairs 22750000/45535504
    shell 108: pairs 23750000/45535504
    shell 107: pairs 23000000/45535504
    shell 108: pairs 24000000/45535504
    shell 107: pairs 23250000/45535504
    shell 108: pairs 24250000/45535504
    shell 108: pairs 24500000/45535504
    shell 107: pairs 23500000/45535504
    shell 108: pairs 24750000/45535504
    shell 107: pairs 23750000/45535504
    shell 108: pairs 25000000/45535504
    shell 107: pairs 24000000/45535504
    shell 108: pairs 25250000/45535504
    shell 107: pairs 24250000/45535504
    shell 108: pairs 25500000/45535504
    shell 107: pairs 24500000/45535504
    shell 108: pairs 25750000/45535504
    shell 107: pairs 24750000/45535504
    shell 108: pairs 26000000/45535504
    shell 107: pairs 25000000/45535504
    shell 108: pairs 26250000/45535504
    shell 107: pairs 25250000/45535504
    shell 108: pairs 26500000/45535504
    shell 107: pairs 25500000/45535504
    shell 108: pairs 26750000/45535504
    shell 107: pairs 25750000/45535504
    shell 108: pairs 27000000/45535504
    shell 107: pairs 26000000/45535504
    shell 108: pairs 27250000/45535504
    shell 107: pairs 26250000/45535504
    shell 108: pairs 27500000/45535504
    shell 107: pairs 26500000/45535504
    shell 108: pairs 27750000/45535504
    shell 107: pairs 26750000/45535504
    shell 108: pairs 28000000/45535504
    shell 107: pairs 27000000/45535504
    shell 108: pairs 28250000/45535504
    shell 107: pairs 27250000/45535504
    shell 108: pairs 28500000/45535504
    shell 107: pairs 27500000/45535504
    shell 108: pairs 28750000/45535504
    shell 107: pairs 27750000/45535504
    shell 108: pairs 29000000/45535504
    shell 107: pairs 28000000/45535504
    shell 108: pairs 29250000/45535504
    shell 108: pairs 29500000/45535504
    shell 107: pairs 28250000/45535504
    shell 108: pairs 29750000/45535504
    shell 107: pairs 28500000/45535504
    shell 108: pairs 30000000/45535504
    shell 107: pairs 28750000/45535504
    shell 108: pairs 30250000/45535504
    shell 107: pairs 29000000/45535504
    shell 108: pairs 30500000/45535504
    shell 107: pairs 29250000/45535504
    shell 108: pairs 30750000/45535504
    shell 107: pairs 29500000/45535504
    shell 108: pairs 31000000/45535504
    shell 108: pairs 31250000/45535504
    shell 107: pairs 29750000/45535504
    shell 108: pairs 31500000/45535504
    shell 107: pairs 30000000/45535504
    shell 108: pairs 31750000/45535504
    shell 107: pairs 30250000/45535504
    shell 108: pairs 32000000/45535504
    shell 107: pairs 30500000/45535504
    shell 108: pairs 32250000/45535504
    shell 107: pairs 30750000/45535504
    shell 108: pairs 32500000/45535504
    shell 107: pairs 31000000/45535504
    shell 108: pairs 32750000/45535504
    shell 107: pairs 31250000/45535504
    shell 108: pairs 33000000/45535504
    shell 107: pairs 31500000/45535504
    shell 108: pairs 33250000/45535504
    shell 107: pairs 31750000/45535504
    shell 108: pairs 33500000/45535504
    shell 107: pairs 32000000/45535504
    shell 108: pairs 33750000/45535504
    shell 107: pairs 32250000/45535504
    shell 108: pairs 34000000/45535504
    shell 107: pairs 32500000/45535504
    shell 108: pairs 34250000/45535504
    shell 108: pairs 34500000/45535504
    shell 107: pairs 32750000/45535504
    shell 108: pairs 34750000/45535504
    shell 107: pairs 33000000/45535504
    shell 108: pairs 35000000/45535504
    shell 107: pairs 33250000/45535504
    shell 108: pairs 35250000/45535504
    shell 107: pairs 33500000/45535504
    shell 108: pairs 35500000/45535504
    shell 107: pairs 33750000/45535504
    shell 108: pairs 35750000/45535504
    shell 107: pairs 34000000/45535504
    shell 108: pairs 36000000/45535504
    shell 107: pairs 34250000/45535504
    shell 108: pairs 36250000/45535504
    shell 108: pairs 36500000/45535504
    shell 107: pairs 34500000/45535504
    shell 108: pairs 36750000/45535504
    shell 107: pairs 34750000/45535504
    shell 108: pairs 37000000/45535504
    shell 107: pairs 35000000/45535504
    shell 108: pairs 37250000/45535504
    shell 107: pairs 35250000/45535504
    shell 108: pairs 37500000/45535504
    shell 107: pairs 35500000/45535504
    shell 108: pairs 37750000/45535504
    shell 107: pairs 35750000/45535504
    shell 108: pairs 38000000/45535504
    shell 107: pairs 36000000/45535504
    shell 108: pairs 38250000/45535504
    shell 107: pairs 36250000/45535504
    shell 108: pairs 38500000/45535504
    shell 107: pairs 36500000/45535504
    shell 108: pairs 38750000/45535504
    shell 108: pairs 39000000/45535504
    shell 107: pairs 36750000/45535504
    shell 108: pairs 39250000/45535504
    shell 107: pairs 37000000/45535504
    shell 108: pairs 39500000/45535504
    shell 107: pairs 37250000/45535504
    shell 108: pairs 39750000/45535504
    shell 107: pairs 37500000/45535504
    shell 108: pairs 40000000/45535504
    shell 107: pairs 37750000/45535504
    shell 108: pairs 40250000/45535504
    shell 107: pairs 38000000/45535504
    shell 108: pairs 40500000/45535504
    shell 107: pairs 38250000/45535504
    shell 108: pairs 40750000/45535504
    shell 107: pairs 38500000/45535504
    shell 108: pairs 41000000/45535504
    shell 108: pairs 41250000/45535504
    shell 107: pairs 38750000/45535504
    shell 108: pairs 41500000/45535504
    shell 107: pairs 39000000/45535504
    shell 108: pairs 41750000/45535504
    shell 107: pairs 39250000/45535504
    shell 108: pairs 42000000/45535504
    shell 107: pairs 39500000/45535504
    shell 108: pairs 42250000/45535504
    shell 107: pairs 39750000/45535504
    shell 108: pairs 42500000/45535504
    shell 107: pairs 40000000/45535504
    shell 108: pairs 42750000/45535504
    shell 107: pairs 40250000/45535504
    shell 108: pairs 43000000/45535504
    shell 107: pairs 40500000/45535504
    shell 108: pairs 43250000/45535504
    shell 108: pairs 43500000/45535504
    shell 107: pairs 40750000/45535504
    shell 108: pairs 43750000/45535504
    shell 107: pairs 41000000/45535504
    shell 108: pairs 44000000/45535504
    shell 107: pairs 41250000/45535504
    shell 108: pairs 44250000/45535504
    shell 107: pairs 41500000/45535504
    shell 108: pairs 44500000/45535504
    shell 108: pairs 44750000/45535504
    shell 107: pairs 41750000/45535504
    shell 108: pairs 45000000/45535504
    shell 107: pairs 42000000/45535504
    shell 108: pairs 45250000/45535504
    shell 108: pairs 45500000/45535504
    shell 107: pairs 42250000/45535504
  shell 108 one_inf C_term_hi=106.3690222279425047088144032127977210596 [80/87]
    shell 107: pairs 42500000/45535504
    shell 107: pairs 42750000/45535504
    shell 107: pairs 43000000/45535504
    shell 107: pairs 43250000/45535504
    shell 107: pairs 43500000/45535504
    shell 107: pairs 43750000/45535504
    shell 107: pairs 44000000/45535504
    shell 107: pairs 44250000/45535504
    shell 107: pairs 44500000/45535504
    shell 107: pairs 44750000/45535504
    shell 107: pairs 45000000/45535504
    shell 107: pairs 45250000/45535504
    shell 107: pairs 45500000/45535504
  shell 107 one_inf C_term_hi=119.8050705954355375236115071909537964482 [81/87]
    shell 114: pairs 250000/45535504
    shell 110: pairs 250000/45535504
    shell 114: pairs 500000/45535504
    shell 110: pairs 500000/45535504
    shell 114: pairs 750000/45535504
    shell 110: pairs 750000/45535504
    shell 114: pairs 1000000/45535504
    shell 110: pairs 1000000/45535504
    shell 114: pairs 1250000/45535504
    shell 110: pairs 1250000/45535504
    shell 114: pairs 1500000/45535504
    shell 110: pairs 1500000/45535504
    shell 114: pairs 1750000/45535504
    shell 110: pairs 1750000/45535504
    shell 114: pairs 2000000/45535504
    shell 110: pairs 2000000/45535504
    shell 114: pairs 2250000/45535504
    shell 110: pairs 2250000/45535504
    shell 114: pairs 2500000/45535504
    shell 110: pairs 2500000/45535504
    shell 114: pairs 2750000/45535504
    shell 110: pairs 2750000/45535504
    shell 114: pairs 3000000/45535504
    shell 110: pairs 3000000/45535504
    shell 114: pairs 3250000/45535504
    shell 110: pairs 3250000/45535504
    shell 114: pairs 3500000/45535504
    shell 110: pairs 3500000/45535504
    shell 114: pairs 3750000/45535504
    shell 110: pairs 3750000/45535504
    shell 114: pairs 4000000/45535504
    shell 110: pairs 4000000/45535504
    shell 114: pairs 4250000/45535504
    shell 110: pairs 4250000/45535504
    shell 114: pairs 4500000/45535504
    shell 110: pairs 4500000/45535504
    shell 114: pairs 4750000/45535504
    shell 110: pairs 4750000/45535504
    shell 114: pairs 5000000/45535504
    shell 110: pairs 5000000/45535504
    shell 114: pairs 5250000/45535504
    shell 110: pairs 5250000/45535504
    shell 114: pairs 5500000/45535504
    shell 110: pairs 5500000/45535504
    shell 114: pairs 5750000/45535504
    shell 110: pairs 5750000/45535504
    shell 114: pairs 6000000/45535504
    shell 110: pairs 6000000/45535504
    shell 114: pairs 6250000/45535504
    shell 110: pairs 6250000/45535504
    shell 114: pairs 6500000/45535504
    shell 110: pairs 6500000/45535504
    shell 114: pairs 6750000/45535504
    shell 110: pairs 6750000/45535504
    shell 114: pairs 7000000/45535504
    shell 110: pairs 7000000/45535504
    shell 114: pairs 7250000/45535504
    shell 114: pairs 7500000/45535504
    shell 110: pairs 7250000/45535504
    shell 110: pairs 7500000/45535504
    shell 114: pairs 7750000/45535504
    shell 114: pairs 8000000/45535504
    shell 110: pairs 7750000/45535504
    shell 114: pairs 8250000/45535504
    shell 110: pairs 8000000/45535504
    shell 114: pairs 8500000/45535504
    shell 110: pairs 8250000/45535504
    shell 114: pairs 8750000/45535504
    shell 110: pairs 8500000/45535504
    shell 114: pairs 9000000/45535504
    shell 110: pairs 8750000/45535504
    shell 114: pairs 9250000/45535504
    shell 110: pairs 9000000/45535504
    shell 114: pairs 9500000/45535504
    shell 110: pairs 9250000/45535504
    shell 114: pairs 9750000/45535504
    shell 110: pairs 9500000/45535504
    shell 114: pairs 10000000/45535504
    shell 110: pairs 9750000/45535504
    shell 114: pairs 10250000/45535504
    shell 110: pairs 10000000/45535504
    shell 114: pairs 10500000/45535504
    shell 110: pairs 10250000/45535504
    shell 114: pairs 10750000/45535504
    shell 110: pairs 10500000/45535504
    shell 114: pairs 11000000/45535504
    shell 110: pairs 10750000/45535504
    shell 114: pairs 11250000/45535504
    shell 110: pairs 11000000/45535504
    shell 114: pairs 11500000/45535504
    shell 110: pairs 11250000/45535504
    shell 114: pairs 11750000/45535504
    shell 110: pairs 11500000/45535504
    shell 114: pairs 12000000/45535504
    shell 114: pairs 12250000/45535504
    shell 110: pairs 11750000/45535504
    shell 114: pairs 12500000/45535504
    shell 110: pairs 12000000/45535504
    shell 114: pairs 12750000/45535504
    shell 110: pairs 12250000/45535504
    shell 110: pairs 12500000/45535504
    shell 114: pairs 13000000/45535504
    shell 114: pairs 13250000/45535504
    shell 110: pairs 12750000/45535504
    shell 114: pairs 13500000/45535504
    shell 110: pairs 13000000/45535504
    shell 114: pairs 13750000/45535504
    shell 110: pairs 13250000/45535504
    shell 114: pairs 14000000/45535504
    shell 110: pairs 13500000/45535504
    shell 114: pairs 14250000/45535504
    shell 110: pairs 13750000/45535504
    shell 114: pairs 14500000/45535504
    shell 110: pairs 14000000/45535504
    shell 114: pairs 14750000/45535504
    shell 110: pairs 14250000/45535504
    shell 114: pairs 15000000/45535504
    shell 110: pairs 14500000/45535504
    shell 114: pairs 15250000/45535504
    shell 114: pairs 15500000/45535504
    shell 110: pairs 14750000/45535504
    shell 114: pairs 15750000/45535504
    shell 110: pairs 15000000/45535504
    shell 114: pairs 16000000/45535504
    shell 110: pairs 15250000/45535504
    shell 114: pairs 16250000/45535504
    shell 110: pairs 15500000/45535504
    shell 114: pairs 16500000/45535504
    shell 110: pairs 15750000/45535504
    shell 114: pairs 16750000/45535504
    shell 110: pairs 16000000/45535504
    shell 114: pairs 17000000/45535504
    shell 110: pairs 16250000/45535504
    shell 114: pairs 17250000/45535504
    shell 110: pairs 16500000/45535504
    shell 114: pairs 17500000/45535504
    shell 110: pairs 16750000/45535504
    shell 114: pairs 17750000/45535504
    shell 110: pairs 17000000/45535504
    shell 114: pairs 18000000/45535504
    shell 110: pairs 17250000/45535504
    shell 114: pairs 18250000/45535504
    shell 110: pairs 17500000/45535504
    shell 114: pairs 18500000/45535504
    shell 110: pairs 17750000/45535504
    shell 114: pairs 18750000/45535504
    shell 110: pairs 18000000/45535504
    shell 114: pairs 19000000/45535504
    shell 114: pairs 19250000/45535504
    shell 110: pairs 18250000/45535504
    shell 110: pairs 18500000/45535504
    shell 114: pairs 19500000/45535504
    shell 114: pairs 19750000/45535504
    shell 110: pairs 18750000/45535504
    shell 114: pairs 20000000/45535504
    shell 110: pairs 19000000/45535504
    shell 114: pairs 20250000/45535504
    shell 110: pairs 19250000/45535504
    shell 114: pairs 20500000/45535504
    shell 110: pairs 19500000/45535504
    shell 114: pairs 20750000/45535504
    shell 110: pairs 19750000/45535504
    shell 114: pairs 21000000/45535504
    shell 110: pairs 20000000/45535504
    shell 114: pairs 21250000/45535504
    shell 110: pairs 20250000/45535504
    shell 114: pairs 21500000/45535504
    shell 110: pairs 20500000/45535504
    shell 114: pairs 21750000/45535504
    shell 110: pairs 20750000/45535504
    shell 114: pairs 22000000/45535504
    shell 110: pairs 21000000/45535504
    shell 114: pairs 22250000/45535504
    shell 110: pairs 21250000/45535504
    shell 114: pairs 22500000/45535504
    shell 110: pairs 21500000/45535504
    shell 114: pairs 22750000/45535504
    shell 114: pairs 23000000/45535504
    shell 110: pairs 21750000/45535504
    shell 114: pairs 23250000/45535504
    shell 110: pairs 22000000/45535504
    shell 114: pairs 23500000/45535504
    shell 110: pairs 22250000/45535504
    shell 114: pairs 23750000/45535504
    shell 110: pairs 22500000/45535504
    shell 114: pairs 24000000/45535504
    shell 110: pairs 22750000/45535504
    shell 114: pairs 24250000/45535504
    shell 110: pairs 23000000/45535504
    shell 114: pairs 24500000/45535504
    shell 114: pairs 24750000/45535504
    shell 110: pairs 23250000/45535504
    shell 114: pairs 25000000/45535504
    shell 110: pairs 23500000/45535504
    shell 114: pairs 25250000/45535504
    shell 110: pairs 23750000/45535504
    shell 114: pairs 25500000/45535504
    shell 110: pairs 24000000/45535504
    shell 114: pairs 25750000/45535504
    shell 110: pairs 24250000/45535504
    shell 114: pairs 26000000/45535504
    shell 110: pairs 24500000/45535504
    shell 114: pairs 26250000/45535504
    shell 110: pairs 24750000/45535504
    shell 114: pairs 26500000/45535504
    shell 110: pairs 25000000/45535504
    shell 114: pairs 26750000/45535504
    shell 114: pairs 27000000/45535504
    shell 110: pairs 25250000/45535504
    shell 110: pairs 25500000/45535504
    shell 114: pairs 27250000/45535504
    shell 110: pairs 25750000/45535504
    shell 114: pairs 27500000/45535504
    shell 110: pairs 26000000/45535504
    shell 114: pairs 27750000/45535504
    shell 110: pairs 26250000/45535504
    shell 114: pairs 28000000/45535504
    shell 110: pairs 26500000/45535504
    shell 114: pairs 28250000/45535504
    shell 110: pairs 26750000/45535504
    shell 114: pairs 28500000/45535504
    shell 110: pairs 27000000/45535504
    shell 114: pairs 28750000/45535504
    shell 114: pairs 29000000/45535504
    shell 110: pairs 27250000/45535504
    shell 114: pairs 29250000/45535504
    shell 110: pairs 27500000/45535504
    shell 114: pairs 29500000/45535504
    shell 110: pairs 27750000/45535504
    shell 114: pairs 29750000/45535504
    shell 110: pairs 28000000/45535504
    shell 114: pairs 30000000/45535504
    shell 110: pairs 28250000/45535504
    shell 114: pairs 30250000/45535504
    shell 114: pairs 30500000/45535504
    shell 110: pairs 28500000/45535504
    shell 114: pairs 30750000/45535504
    shell 110: pairs 28750000/45535504
    shell 114: pairs 31000000/45535504
    shell 110: pairs 29000000/45535504
    shell 114: pairs 31250000/45535504
    shell 110: pairs 29250000/45535504
    shell 114: pairs 31500000/45535504
    shell 110: pairs 29500000/45535504
    shell 114: pairs 31750000/45535504
    shell 114: pairs 32000000/45535504
    shell 110: pairs 29750000/45535504
    shell 114: pairs 32250000/45535504
    shell 110: pairs 30000000/45535504
    shell 114: pairs 32500000/45535504
    shell 110: pairs 30250000/45535504
    shell 110: pairs 30500000/45535504
    shell 114: pairs 32750000/45535504
    shell 114: pairs 33000000/45535504
    shell 110: pairs 30750000/45535504
    shell 114: pairs 33250000/45535504
    shell 110: pairs 31000000/45535504
    shell 114: pairs 33500000/45535504
    shell 110: pairs 31250000/45535504
    shell 114: pairs 33750000/45535504
    shell 110: pairs 31500000/45535504
    shell 114: pairs 34000000/45535504
    shell 110: pairs 31750000/45535504
    shell 114: pairs 34250000/45535504
    shell 110: pairs 32000000/45535504
    shell 114: pairs 34500000/45535504
    shell 114: pairs 34750000/45535504
    shell 110: pairs 32250000/45535504
    shell 114: pairs 35000000/45535504
    shell 110: pairs 32500000/45535504
    shell 114: pairs 35250000/45535504
    shell 110: pairs 32750000/45535504
    shell 114: pairs 35500000/45535504
    shell 110: pairs 33000000/45535504
    shell 114: pairs 35750000/45535504
    shell 114: pairs 36000000/45535504
    shell 110: pairs 33250000/45535504
    shell 114: pairs 36250000/45535504
    shell 110: pairs 33500000/45535504
    shell 114: pairs 36500000/45535504
    shell 110: pairs 33750000/45535504
    shell 114: pairs 36750000/45535504
    shell 110: pairs 34000000/45535504
    shell 114: pairs 37000000/45535504
    shell 114: pairs 37250000/45535504
    shell 110: pairs 34250000/45535504
    shell 114: pairs 37500000/45535504
    shell 110: pairs 34500000/45535504
    shell 114: pairs 37750000/45535504
    shell 110: pairs 34750000/45535504
    shell 114: pairs 38000000/45535504
    shell 110: pairs 35000000/45535504
    shell 114: pairs 38250000/45535504
    shell 110: pairs 35250000/45535504
    shell 114: pairs 38500000/45535504
    shell 110: pairs 35500000/45535504
    shell 114: pairs 38750000/45535504
    shell 114: pairs 39000000/45535504
    shell 110: pairs 35750000/45535504
    shell 114: pairs 39250000/45535504
    shell 110: pairs 36000000/45535504
    shell 114: pairs 39500000/45535504
    shell 110: pairs 36250000/45535504
    shell 114: pairs 39750000/45535504
    shell 110: pairs 36500000/45535504
    shell 114: pairs 40000000/45535504
    shell 110: pairs 36750000/45535504
    shell 114: pairs 40250000/45535504
    shell 110: pairs 37000000/45535504
    shell 114: pairs 40500000/45535504
    shell 110: pairs 37250000/45535504
    shell 114: pairs 40750000/45535504
    shell 114: pairs 41000000/45535504
    shell 110: pairs 37500000/45535504
    shell 114: pairs 41250000/45535504
    shell 110: pairs 37750000/45535504
    shell 114: pairs 41500000/45535504
    shell 110: pairs 38000000/45535504
    shell 114: pairs 41750000/45535504
    shell 110: pairs 38250000/45535504
    shell 114: pairs 42000000/45535504
    shell 110: pairs 38500000/45535504
    shell 114: pairs 42250000/45535504
    shell 114: pairs 42500000/45535504
    shell 110: pairs 38750000/45535504
    shell 114: pairs 42750000/45535504
    shell 110: pairs 39000000/45535504
    shell 114: pairs 43000000/45535504
    shell 110: pairs 39250000/45535504
    shell 114: pairs 43250000/45535504
    shell 110: pairs 39500000/45535504
    shell 114: pairs 43500000/45535504
    shell 110: pairs 39750000/45535504
    shell 114: pairs 43750000/45535504
    shell 110: pairs 40000000/45535504
    shell 114: pairs 44000000/45535504
    shell 114: pairs 44250000/45535504
    shell 110: pairs 40250000/45535504
    shell 114: pairs 44500000/45535504
    shell 114: pairs 44750000/45535504
    shell 110: pairs 40500000/45535504
    shell 114: pairs 45000000/45535504
    shell 110: pairs 40750000/45535504
    shell 114: pairs 45250000/45535504
    shell 114: pairs 45500000/45535504
    shell 110: pairs 41000000/45535504
  shell 114 one_inf C_term_hi=114.5717263106063102267222782706371304923 [82/87]
    shell 110: pairs 41250000/45535504
    shell 110: pairs 41500000/45535504
    shell 110: pairs 41750000/45535504
    shell 110: pairs 42000000/45535504
    shell 110: pairs 42250000/45535504
    shell 110: pairs 42500000/45535504
    shell 110: pairs 42750000/45535504
    shell 110: pairs 43000000/45535504
    shell 110: pairs 43250000/45535504
    shell 110: pairs 43500000/45535504
    shell 110: pairs 43750000/45535504
    shell 110: pairs 44000000/45535504
    shell 110: pairs 44250000/45535504
    shell 110: pairs 44500000/45535504
    shell 110: pairs 44750000/45535504
    shell 110: pairs 45000000/45535504
    shell 110: pairs 45250000/45535504
    shell 110: pairs 45500000/45535504
  shell 110 one_inf C_term_hi=135.2456381430268653797008801944723966343 [83/87]
    shell 123: pairs 250000/45535504
    shell 121: pairs 250000/45535504
    shell 123: pairs 500000/45535504
    shell 121: pairs 500000/45535504
    shell 123: pairs 750000/45535504
    shell 121: pairs 750000/45535504
    shell 123: pairs 1000000/45535504
    shell 121: pairs 1000000/45535504
    shell 123: pairs 1250000/45535504
    shell 121: pairs 1250000/45535504
    shell 121: pairs 1500000/45535504
    shell 123: pairs 1500000/45535504
    shell 121: pairs 1750000/45535504
    shell 123: pairs 1750000/45535504
    shell 121: pairs 2000000/45535504
    shell 123: pairs 2000000/45535504
    shell 123: pairs 2250000/45535504
    shell 121: pairs 2250000/45535504
    shell 123: pairs 2500000/45535504
    shell 121: pairs 2500000/45535504
    shell 123: pairs 2750000/45535504
    shell 121: pairs 2750000/45535504
    shell 123: pairs 3000000/45535504
    shell 121: pairs 3000000/45535504
    shell 121: pairs 3250000/45535504
    shell 123: pairs 3250000/45535504
    shell 121: pairs 3500000/45535504
    shell 123: pairs 3500000/45535504
    shell 121: pairs 3750000/45535504
    shell 123: pairs 3750000/45535504
    shell 121: pairs 4000000/45535504
    shell 123: pairs 4000000/45535504
    shell 123: pairs 4250000/45535504
    shell 121: pairs 4250000/45535504
    shell 123: pairs 4500000/45535504
    shell 121: pairs 4500000/45535504
    shell 123: pairs 4750000/45535504
    shell 121: pairs 4750000/45535504
    shell 123: pairs 5000000/45535504
    shell 121: pairs 5000000/45535504
    shell 123: pairs 5250000/45535504
    shell 121: pairs 5250000/45535504
    shell 121: pairs 5500000/45535504
    shell 123: pairs 5500000/45535504
    shell 121: pairs 5750000/45535504
    shell 123: pairs 5750000/45535504
    shell 121: pairs 6000000/45535504
    shell 123: pairs 6000000/45535504
    shell 121: pairs 6250000/45535504
    shell 123: pairs 6250000/45535504
    shell 121: pairs 6500000/45535504
    shell 123: pairs 6500000/45535504
    shell 121: pairs 6750000/45535504
    shell 123: pairs 6750000/45535504
    shell 121: pairs 7000000/45535504
    shell 123: pairs 7000000/45535504
    shell 121: pairs 7250000/45535504
    shell 123: pairs 7250000/45535504
    shell 121: pairs 7500000/45535504
    shell 123: pairs 7500000/45535504
    shell 121: pairs 7750000/45535504
    shell 123: pairs 7750000/45535504
    shell 121: pairs 8000000/45535504
    shell 123: pairs 8000000/45535504
    shell 121: pairs 8250000/45535504
    shell 123: pairs 8250000/45535504
    shell 121: pairs 8500000/45535504
    shell 123: pairs 8500000/45535504
    shell 121: pairs 8750000/45535504
    shell 123: pairs 8750000/45535504
    shell 121: pairs 9000000/45535504
    shell 123: pairs 9000000/45535504
    shell 121: pairs 9250000/45535504
    shell 123: pairs 9250000/45535504
    shell 121: pairs 9500000/45535504
    shell 123: pairs 9500000/45535504
    shell 121: pairs 9750000/45535504
    shell 123: pairs 9750000/45535504
    shell 121: pairs 10000000/45535504
    shell 123: pairs 10000000/45535504
    shell 121: pairs 10250000/45535504
    shell 123: pairs 10250000/45535504
    shell 121: pairs 10500000/45535504
    shell 123: pairs 10500000/45535504
    shell 121: pairs 10750000/45535504
    shell 123: pairs 10750000/45535504
    shell 121: pairs 11000000/45535504
    shell 123: pairs 11000000/45535504
    shell 123: pairs 11250000/45535504
    shell 121: pairs 11250000/45535504
    shell 123: pairs 11500000/45535504
    shell 121: pairs 11500000/45535504
    shell 123: pairs 11750000/45535504
    shell 121: pairs 11750000/45535504
    shell 123: pairs 12000000/45535504
    shell 121: pairs 12000000/45535504
    shell 123: pairs 12250000/45535504
    shell 121: pairs 12250000/45535504
    shell 123: pairs 12500000/45535504
    shell 121: pairs 12500000/45535504
    shell 123: pairs 12750000/45535504
    shell 121: pairs 12750000/45535504
    shell 123: pairs 13000000/45535504
    shell 121: pairs 13000000/45535504
    shell 123: pairs 13250000/45535504
    shell 121: pairs 13250000/45535504
    shell 123: pairs 13500000/45535504
    shell 121: pairs 13500000/45535504
    shell 123: pairs 13750000/45535504
    shell 121: pairs 13750000/45535504
    shell 123: pairs 14000000/45535504
    shell 121: pairs 14000000/45535504
    shell 123: pairs 14250000/45535504
    shell 121: pairs 14250000/45535504
    shell 123: pairs 14500000/45535504
    shell 121: pairs 14500000/45535504
    shell 123: pairs 14750000/45535504
    shell 121: pairs 14750000/45535504
    shell 123: pairs 15000000/45535504
    shell 121: pairs 15000000/45535504
    shell 123: pairs 15250000/45535504
    shell 121: pairs 15250000/45535504
    shell 123: pairs 15500000/45535504
    shell 121: pairs 15500000/45535504
    shell 123: pairs 15750000/45535504
    shell 121: pairs 15750000/45535504
    shell 123: pairs 16000000/45535504
    shell 121: pairs 16000000/45535504
    shell 123: pairs 16250000/45535504
    shell 121: pairs 16250000/45535504
    shell 123: pairs 16500000/45535504
    shell 121: pairs 16500000/45535504
    shell 123: pairs 16750000/45535504
    shell 121: pairs 16750000/45535504
    shell 123: pairs 17000000/45535504
    shell 121: pairs 17000000/45535504
    shell 123: pairs 17250000/45535504
    shell 121: pairs 17250000/45535504
    shell 123: pairs 17500000/45535504
    shell 121: pairs 17500000/45535504
    shell 123: pairs 17750000/45535504
    shell 121: pairs 17750000/45535504
    shell 123: pairs 18000000/45535504
    shell 121: pairs 18000000/45535504
    shell 123: pairs 18250000/45535504
    shell 121: pairs 18250000/45535504
    shell 123: pairs 18500000/45535504
    shell 121: pairs 18500000/45535504
    shell 123: pairs 18750000/45535504
    shell 121: pairs 18750000/45535504
    shell 123: pairs 19000000/45535504
    shell 121: pairs 19000000/45535504
    shell 123: pairs 19250000/45535504
    shell 121: pairs 19250000/45535504
    shell 123: pairs 19500000/45535504
    shell 121: pairs 19500000/45535504
    shell 123: pairs 19750000/45535504
    shell 121: pairs 19750000/45535504
    shell 123: pairs 20000000/45535504
    shell 121: pairs 20000000/45535504
    shell 123: pairs 20250000/45535504
    shell 121: pairs 20250000/45535504
    shell 123: pairs 20500000/45535504
    shell 121: pairs 20500000/45535504
    shell 123: pairs 20750000/45535504
    shell 121: pairs 20750000/45535504
    shell 123: pairs 21000000/45535504
    shell 121: pairs 21000000/45535504
    shell 123: pairs 21250000/45535504
    shell 121: pairs 21250000/45535504
    shell 123: pairs 21500000/45535504
    shell 121: pairs 21500000/45535504
    shell 123: pairs 21750000/45535504
    shell 121: pairs 21750000/45535504
    shell 123: pairs 22000000/45535504
    shell 121: pairs 22000000/45535504
    shell 123: pairs 22250000/45535504
    shell 121: pairs 22250000/45535504
    shell 123: pairs 22500000/45535504
    shell 121: pairs 22500000/45535504
    shell 123: pairs 22750000/45535504
    shell 121: pairs 22750000/45535504
    shell 123: pairs 23000000/45535504
    shell 121: pairs 23000000/45535504
    shell 123: pairs 23250000/45535504
    shell 121: pairs 23250000/45535504
    shell 123: pairs 23500000/45535504
    shell 121: pairs 23500000/45535504
    shell 123: pairs 23750000/45535504
    shell 121: pairs 23750000/45535504
    shell 123: pairs 24000000/45535504
    shell 121: pairs 24000000/45535504
    shell 123: pairs 24250000/45535504
    shell 121: pairs 24250000/45535504
    shell 123: pairs 24500000/45535504
    shell 121: pairs 24500000/45535504
    shell 123: pairs 24750000/45535504
    shell 121: pairs 24750000/45535504
    shell 123: pairs 25000000/45535504
    shell 121: pairs 25000000/45535504
    shell 123: pairs 25250000/45535504
    shell 121: pairs 25250000/45535504
    shell 123: pairs 25500000/45535504
    shell 121: pairs 25500000/45535504
    shell 123: pairs 25750000/45535504
    shell 121: pairs 25750000/45535504
    shell 123: pairs 26000000/45535504
    shell 121: pairs 26000000/45535504
    shell 123: pairs 26250000/45535504
    shell 121: pairs 26250000/45535504
    shell 123: pairs 26500000/45535504
    shell 121: pairs 26500000/45535504
    shell 123: pairs 26750000/45535504
    shell 121: pairs 26750000/45535504
    shell 123: pairs 27000000/45535504
    shell 121: pairs 27000000/45535504
    shell 123: pairs 27250000/45535504
    shell 121: pairs 27250000/45535504
    shell 123: pairs 27500000/45535504
    shell 121: pairs 27500000/45535504
    shell 123: pairs 27750000/45535504
    shell 121: pairs 27750000/45535504
    shell 123: pairs 28000000/45535504
    shell 121: pairs 28000000/45535504
    shell 123: pairs 28250000/45535504
    shell 121: pairs 28250000/45535504
    shell 123: pairs 28500000/45535504
    shell 121: pairs 28500000/45535504
    shell 123: pairs 28750000/45535504
    shell 121: pairs 28750000/45535504
    shell 123: pairs 29000000/45535504
    shell 121: pairs 29000000/45535504
    shell 123: pairs 29250000/45535504
    shell 121: pairs 29250000/45535504
    shell 123: pairs 29500000/45535504
    shell 121: pairs 29500000/45535504
    shell 123: pairs 29750000/45535504
    shell 121: pairs 29750000/45535504
    shell 123: pairs 30000000/45535504
    shell 121: pairs 30000000/45535504
    shell 123: pairs 30250000/45535504
    shell 121: pairs 30250000/45535504
    shell 123: pairs 30500000/45535504
    shell 121: pairs 30500000/45535504
    shell 123: pairs 30750000/45535504
    shell 121: pairs 30750000/45535504
    shell 123: pairs 31000000/45535504
    shell 121: pairs 31000000/45535504
    shell 123: pairs 31250000/45535504
    shell 121: pairs 31250000/45535504
    shell 123: pairs 31500000/45535504
    shell 121: pairs 31500000/45535504
    shell 123: pairs 31750000/45535504
    shell 121: pairs 31750000/45535504
    shell 123: pairs 32000000/45535504
    shell 121: pairs 32000000/45535504
    shell 123: pairs 32250000/45535504
    shell 121: pairs 32250000/45535504
    shell 123: pairs 32500000/45535504
    shell 121: pairs 32500000/45535504
    shell 123: pairs 32750000/45535504
    shell 121: pairs 32750000/45535504
    shell 123: pairs 33000000/45535504
    shell 121: pairs 33000000/45535504
    shell 123: pairs 33250000/45535504
    shell 121: pairs 33250000/45535504
    shell 123: pairs 33500000/45535504
    shell 121: pairs 33500000/45535504
    shell 123: pairs 33750000/45535504
    shell 121: pairs 33750000/45535504
    shell 123: pairs 34000000/45535504
    shell 121: pairs 34000000/45535504
    shell 123: pairs 34250000/45535504
    shell 121: pairs 34250000/45535504
    shell 123: pairs 34500000/45535504
    shell 121: pairs 34500000/45535504
    shell 123: pairs 34750000/45535504
    shell 121: pairs 34750000/45535504
    shell 123: pairs 35000000/45535504
    shell 121: pairs 35000000/45535504
    shell 123: pairs 35250000/45535504
    shell 121: pairs 35250000/45535504
    shell 123: pairs 35500000/45535504
    shell 121: pairs 35500000/45535504
    shell 123: pairs 35750000/45535504
    shell 121: pairs 35750000/45535504
    shell 123: pairs 36000000/45535504
    shell 121: pairs 36000000/45535504
    shell 123: pairs 36250000/45535504
    shell 121: pairs 36250000/45535504
    shell 123: pairs 36500000/45535504
    shell 121: pairs 36500000/45535504
    shell 123: pairs 36750000/45535504
    shell 121: pairs 36750000/45535504
    shell 123: pairs 37000000/45535504
    shell 121: pairs 37000000/45535504
    shell 123: pairs 37250000/45535504
    shell 121: pairs 37250000/45535504
    shell 123: pairs 37500000/45535504
    shell 121: pairs 37500000/45535504
    shell 123: pairs 37750000/45535504
    shell 121: pairs 37750000/45535504
    shell 123: pairs 38000000/45535504
    shell 121: pairs 38000000/45535504
    shell 123: pairs 38250000/45535504
    shell 121: pairs 38250000/45535504
    shell 123: pairs 38500000/45535504
    shell 121: pairs 38500000/45535504
    shell 123: pairs 38750000/45535504
    shell 121: pairs 38750000/45535504
    shell 123: pairs 39000000/45535504
    shell 121: pairs 39000000/45535504
    shell 123: pairs 39250000/45535504
    shell 121: pairs 39250000/45535504
    shell 123: pairs 39500000/45535504
    shell 121: pairs 39500000/45535504
    shell 123: pairs 39750000/45535504
    shell 121: pairs 39750000/45535504
    shell 123: pairs 40000000/45535504
    shell 121: pairs 40000000/45535504
    shell 123: pairs 40250000/45535504
    shell 121: pairs 40250000/45535504
    shell 123: pairs 40500000/45535504
    shell 121: pairs 40500000/45535504
    shell 123: pairs 40750000/45535504
    shell 121: pairs 40750000/45535504
    shell 123: pairs 41000000/45535504
    shell 121: pairs 41000000/45535504
    shell 123: pairs 41250000/45535504
    shell 121: pairs 41250000/45535504
    shell 123: pairs 41500000/45535504
    shell 121: pairs 41500000/45535504
    shell 123: pairs 41750000/45535504
    shell 121: pairs 41750000/45535504
    shell 123: pairs 42000000/45535504
    shell 121: pairs 42000000/45535504
    shell 123: pairs 42250000/45535504
    shell 121: pairs 42250000/45535504
    shell 123: pairs 42500000/45535504
    shell 121: pairs 42500000/45535504
    shell 123: pairs 42750000/45535504
    shell 121: pairs 42750000/45535504
    shell 123: pairs 43000000/45535504
    shell 121: pairs 43000000/45535504
    shell 123: pairs 43250000/45535504
    shell 121: pairs 43250000/45535504
    shell 123: pairs 43500000/45535504
    shell 121: pairs 43500000/45535504
    shell 123: pairs 43750000/45535504
    shell 121: pairs 43750000/45535504
    shell 123: pairs 44000000/45535504
    shell 121: pairs 44000000/45535504
    shell 123: pairs 44250000/45535504
    shell 121: pairs 44250000/45535504
    shell 123: pairs 44500000/45535504
    shell 121: pairs 44500000/45535504
    shell 123: pairs 44750000/45535504
    shell 121: pairs 44750000/45535504
    shell 123: pairs 45000000/45535504
    shell 121: pairs 45000000/45535504
    shell 123: pairs 45250000/45535504
    shell 121: pairs 45250000/45535504
    shell 123: pairs 45500000/45535504
  shell 123 one_inf C_term_hi=108.5597312159737370241413613137179854166 [84/87]
    shell 121: pairs 45500000/45535504
  shell 121 one_inf C_term_hi=127.9629569423811574031436426296422765907 [85/87]
    shell 147: pairs 250000/45535504
    shell 134: pairs 250000/45535504
    shell 147: pairs 500000/45535504
    shell 134: pairs 500000/45535504
    shell 147: pairs 750000/45535504
    shell 134: pairs 750000/45535504
    shell 147: pairs 1000000/45535504
    shell 134: pairs 1000000/45535504
    shell 147: pairs 1250000/45535504
    shell 134: pairs 1250000/45535504
    shell 147: pairs 1500000/45535504
    shell 134: pairs 1500000/45535504
    shell 147: pairs 1750000/45535504
    shell 134: pairs 1750000/45535504
    shell 147: pairs 2000000/45535504
    shell 134: pairs 2000000/45535504
    shell 147: pairs 2250000/45535504
    shell 134: pairs 2250000/45535504
    shell 147: pairs 2500000/45535504
    shell 134: pairs 2500000/45535504
    shell 147: pairs 2750000/45535504
    shell 134: pairs 2750000/45535504
    shell 147: pairs 3000000/45535504
    shell 134: pairs 3000000/45535504
    shell 147: pairs 3250000/45535504
    shell 134: pairs 3250000/45535504
    shell 147: pairs 3500000/45535504
    shell 134: pairs 3500000/45535504
    shell 147: pairs 3750000/45535504
    shell 134: pairs 3750000/45535504
    shell 147: pairs 4000000/45535504
    shell 134: pairs 4000000/45535504
    shell 147: pairs 4250000/45535504
    shell 134: pairs 4250000/45535504
    shell 147: pairs 4500000/45535504
    shell 134: pairs 4500000/45535504
    shell 147: pairs 4750000/45535504
    shell 134: pairs 4750000/45535504
    shell 147: pairs 5000000/45535504
    shell 134: pairs 5000000/45535504
    shell 147: pairs 5250000/45535504
    shell 134: pairs 5250000/45535504
    shell 147: pairs 5500000/45535504
    shell 134: pairs 5500000/45535504
    shell 147: pairs 5750000/45535504
    shell 134: pairs 5750000/45535504
    shell 147: pairs 6000000/45535504
    shell 134: pairs 6000000/45535504
    shell 147: pairs 6250000/45535504
    shell 134: pairs 6250000/45535504
    shell 147: pairs 6500000/45535504
    shell 134: pairs 6500000/45535504
    shell 147: pairs 6750000/45535504
    shell 134: pairs 6750000/45535504
    shell 147: pairs 7000000/45535504
    shell 134: pairs 7000000/45535504
    shell 147: pairs 7250000/45535504
    shell 134: pairs 7250000/45535504
    shell 147: pairs 7500000/45535504
    shell 134: pairs 7500000/45535504
    shell 147: pairs 7750000/45535504
    shell 134: pairs 7750000/45535504
    shell 147: pairs 8000000/45535504
    shell 134: pairs 8000000/45535504
    shell 147: pairs 8250000/45535504
    shell 134: pairs 8250000/45535504
    shell 147: pairs 8500000/45535504
    shell 134: pairs 8500000/45535504
    shell 147: pairs 8750000/45535504
    shell 134: pairs 8750000/45535504
    shell 147: pairs 9000000/45535504
    shell 134: pairs 9000000/45535504
    shell 147: pairs 9250000/45535504
    shell 134: pairs 9250000/45535504
    shell 147: pairs 9500000/45535504
    shell 134: pairs 9500000/45535504
    shell 147: pairs 9750000/45535504
    shell 147: pairs 10000000/45535504
    shell 134: pairs 9750000/45535504
    shell 147: pairs 10250000/45535504
    shell 134: pairs 10000000/45535504
    shell 147: pairs 10500000/45535504
